[    9481ms] [INFO] %cDownload the React DevTools for a better development experience: https://react.dev/link/react-devtools font-weight:bold @ http://localhost:3000/_next/static/chunks/node_modules_next_dist_115brz8._.js:2431
[    9725ms] [LOG] [HMR] connected @ http://localhost:3000/_next/static/chunks/node_modules_next_dist_115brz8._.js:2431
[   65154ms] [LOG] [Fast Refresh] rebuilding @ http://localhost:3000/_next/static/chunks/node_modules_next_dist_115brz8._.js:2431
[   65186ms] [LOG] [Fast Refresh] done in 133ms @ http://localhost:3000/_next/static/chunks/node_modules_next_dist_115brz8._.js:2431
[  160345ms] [LOG] [Fast Refresh] rebuilding @ http://localhost:3000/_next/static/chunks/node_modules_next_dist_115brz8._.js:2431
[  160363ms] [LOG] [Fast Refresh] done in 121ms @ http://localhost:3000/_next/static/chunks/node_modules_next_dist_115brz8._.js:2431
[  211729ms] [LOG] [Fast Refresh] rebuilding @ http://localhost:3000/_next/static/chunks/node_modules_next_dist_115brz8._.js:2431
[  236798ms] [WARNING] [Fast Refresh] performing full reload

Fast Refresh will perform a full reload when you edit a file that's imported by modules outside of the React rendering tree.
You might have a file which exports a React component but also exports a value that is imported by a non-React component file.
Consider migrating the non-React component export to a separate file and importing it into both files.

It is also possible the parent component of the component you edited is a class component, which disables Fast Refresh.
Fast Refresh requires at least one parent function component in your React tree. @ http://localhost:3000/_next/static/chunks/node_modules_next_dist_115brz8._.js:2431
[  244991ms] [LOG] [Fast Refresh] done in 33350ms @ http://localhost:3000/_next/static/chunks/node_modules_next_dist_115brz8._.js:2431
[  249786ms] [LOG] [Fast Refresh] rebuilding @ http://localhost:3000/_next/static/chunks/node_modules_next_dist_115brz8._.js:2431
[  251282ms] [LOG] [Fast Refresh] done in 1546ms @ http://localhost:3000/_next/static/chunks/node_modules_next_dist_115brz8._.js:2431
[  251392ms] [LOG] [Fast Refresh] rebuilding @ http://localhost:3000/_next/static/chunks/node_modules_next_dist_115brz8._.js:2431
[  254665ms] [LOG] [Fast Refresh] done in 3363ms @ http://localhost:3000/_next/static/chunks/node_modules_next_dist_115brz8._.js:2431
[  254787ms] [LOG] [Fast Refresh] rebuilding @ http://localhost:3000/_next/static/chunks/node_modules_next_dist_115brz8._.js:2431
[  255647ms] [LOG] [Fast Refresh] done in 966ms @ http://localhost:3000/_next/static/chunks/node_modules_next_dist_115brz8._.js:2431
[  256160ms] [LOG] [Fast Refresh] rebuilding @ http://localhost:3000/_next/static/chunks/node_modules_next_dist_115brz8._.js:2431
[  256496ms] [LOG] [Fast Refresh] done in 449ms @ http://localhost:3000/_next/static/chunks/node_modules_next_dist_115brz8._.js:2431
[  257211ms] [LOG] [Fast Refresh] rebuilding @ http://localhost:3000/_next/static/chunks/node_modules_next_dist_115brz8._.js:2431
[  258672ms] [LOG] [Fast Refresh] done in 1563ms @ http://localhost:3000/_next/static/chunks/node_modules_next_dist_115brz8._.js:2431
[  258914ms] [LOG] [Fast Refresh] rebuilding @ http://localhost:3000/_next/static/chunks/node_modules_next_dist_115brz8._.js:2431
[  259067ms] [LOG] [Fast Refresh] done in 254ms @ http://localhost:3000/_next/static/chunks/node_modules_next_dist_115brz8._.js:2431
[  259473ms] [LOG] [Fast Refresh] rebuilding @ http://localhost:3000/_next/static/chunks/node_modules_next_dist_115brz8._.js:2431
[  259706ms] [LOG] [Fast Refresh] done in 337ms @ http://localhost:3000/_next/static/chunks/node_modules_next_dist_115brz8._.js:2431
[  260139ms] [LOG] [Fast Refresh] rebuilding @ http://localhost:3000/_next/static/chunks/node_modules_next_dist_115brz8._.js:2431
[  260267ms] [LOG] [Fast Refresh] done in 228ms @ http://localhost:3000/_next/static/chunks/node_modules_next_dist_115brz8._.js:2431
[  271700ms] [INFO] %cDownload the React DevTools for a better development experience: https://react.dev/link/react-devtools font-weight:bold @ http://localhost:3000/_next/static/chunks/node_modules_next_dist_115brz8._.js:2431
[  272000ms] [LOG] [HMR] connected @ http://localhost:3000/_next/static/chunks/node_modules_next_dist_115brz8._.js:2431
[  272834ms] [LOG] [Fast Refresh] rebuilding @ http://localhost:3000/_next/static/chunks/node_modules_next_dist_115brz8._.js:2431
[  273584ms] [LOG] [Fast Refresh] done in 871ms @ http://localhost:3000/_next/static/chunks/node_modules_next_dist_115brz8._.js:2431
[  274075ms] [LOG] [Fast Refresh] rebuilding @ http://localhost:3000/_next/static/chunks/node_modules_next_dist_115brz8._.js:2431
[  274832ms] [LOG] [Fast Refresh] done in 864ms @ http://localhost:3000/_next/static/chunks/node_modules_next_dist_115brz8._.js:2431
[  275330ms] [LOG] [Fast Refresh] rebuilding @ http://localhost:3000/_next/static/chunks/node_modules_next_dist_115brz8._.js:2431
[  275610ms] [LOG] [Fast Refresh] done in 427ms @ http://localhost:3000/_next/static/chunks/node_modules_next_dist_115brz8._.js:2431
[  275974ms] [LOG] [Fast Refresh] rebuilding @ http://localhost:3000/_next/static/chunks/node_modules_next_dist_115brz8._.js:2431
[  276411ms] [LOG] [Fast Refresh] done in 582ms @ http://localhost:3000/_next/static/chunks/node_modules_next_dist_115brz8._.js:2431
[  276810ms] [LOG] [Fast Refresh] rebuilding @ http://localhost:3000/_next/static/chunks/node_modules_next_dist_115brz8._.js:2431
[  277064ms] [LOG] [Fast Refresh] done in 358ms @ http://localhost:3000/_next/static/chunks/node_modules_next_dist_115brz8._.js:2431
[  278700ms] [LOG] [Fast Refresh] rebuilding @ http://localhost:3000/_next/static/chunks/node_modules_next_dist_115brz8._.js:2431
[  278910ms] [LOG] [Fast Refresh] done in 324ms @ http://localhost:3000/_next/static/chunks/node_modules_next_dist_115brz8._.js:2431
[  279587ms] [LOG] [Fast Refresh] rebuilding @ http://localhost:3000/_next/static/chunks/node_modules_next_dist_115brz8._.js:2431
[  279654ms] [LOG] [Fast Refresh] done in 175ms @ http://localhost:3000/_next/static/chunks/node_modules_next_dist_115brz8._.js:2431
[  279773ms] [LOG] [Fast Refresh] rebuilding @ http://localhost:3000/_next/static/chunks/node_modules_next_dist_115brz8._.js:2431
[  279821ms] [LOG] [Fast Refresh] done in 164ms @ http://localhost:3000/_next/static/chunks/node_modules_next_dist_115brz8._.js:2431
[  279932ms] [LOG] [Fast Refresh] rebuilding @ http://localhost:3000/_next/static/chunks/node_modules_next_dist_115brz8._.js:2431
[  279942ms] [LOG] [Fast Refresh] done in 117ms @ http://localhost:3000/_next/static/chunks/node_modules_next_dist_115brz8._.js:2431
[  280134ms] [LOG] [Fast Refresh] rebuilding @ http://localhost:3000/_next/static/chunks/node_modules_next_dist_115brz8._.js:2431
[  280168ms] [LOG] [Fast Refresh] done in 145ms @ http://localhost:3000/_next/static/chunks/node_modules_next_dist_115brz8._.js:2431
[  280380ms] [LOG] [Fast Refresh] rebuilding @ http://localhost:3000/_next/static/chunks/node_modules_next_dist_115brz8._.js:2431
[  280427ms] [LOG] [Fast Refresh] done in 161ms @ http://localhost:3000/_next/static/chunks/node_modules_next_dist_115brz8._.js:2431
[  280708ms] [LOG] [Fast Refresh] rebuilding @ http://localhost:3000/_next/static/chunks/node_modules_next_dist_115brz8._.js:2431
[  280739ms] [LOG] [Fast Refresh] done in 136ms @ http://localhost:3000/_next/static/chunks/node_modules_next_dist_115brz8._.js:2431
[  280994ms] [LOG] [Fast Refresh] rebuilding @ http://localhost:3000/_next/static/chunks/node_modules_next_dist_115brz8._.js:2431
[  281095ms] [LOG] [Fast Refresh] done in 212ms @ http://localhost:3000/_next/static/chunks/node_modules_next_dist_115brz8._.js:2431
[  281305ms] [LOG] [Fast Refresh] rebuilding @ http://localhost:3000/_next/static/chunks/node_modules_next_dist_115brz8._.js:2431
[  281331ms] [LOG] [Fast Refresh] done in 132ms @ http://localhost:3000/_next/static/chunks/node_modules_next_dist_115brz8._.js:2431
[  281540ms] [LOG] [Fast Refresh] rebuilding @ http://localhost:3000/_next/static/chunks/node_modules_next_dist_115brz8._.js:2431
[  281624ms] [LOG] [Fast Refresh] done in 184ms @ http://localhost:3000/_next/static/chunks/node_modules_next_dist_115brz8._.js:2431
[  281891ms] [LOG] [Fast Refresh] rebuilding @ http://localhost:3000/_next/static/chunks/node_modules_next_dist_115brz8._.js:2431
[  281931ms] [LOG] [Fast Refresh] done in 146ms @ http://localhost:3000/_next/static/chunks/node_modules_next_dist_115brz8._.js:2431
[  282152ms] [LOG] [Fast Refresh] rebuilding @ http://localhost:3000/_next/static/chunks/node_modules_next_dist_115brz8._.js:2431
[  282213ms] [LOG] [Fast Refresh] done in 171ms @ http://localhost:3000/_next/static/chunks/node_modules_next_dist_115brz8._.js:2431
[  282504ms] [LOG] [Fast Refresh] rebuilding @ http://localhost:3000/_next/static/chunks/node_modules_next_dist_115brz8._.js:2431
[  282581ms] [LOG] [Fast Refresh] done in 179ms @ http://localhost:3000/_next/static/chunks/node_modules_next_dist_115brz8._.js:2431
[  282809ms] [LOG] [Fast Refresh] rebuilding @ http://localhost:3000/_next/static/chunks/node_modules_next_dist_115brz8._.js:2431
[  282821ms] [LOG] [Fast Refresh] done in 125ms @ http://localhost:3000/_next/static/chunks/node_modules_next_dist_115brz8._.js:2431
[  283219ms] [LOG] [Fast Refresh] rebuilding @ http://localhost:3000/_next/static/chunks/node_modules_next_dist_115brz8._.js:2431
[  283455ms] [LOG] [Fast Refresh] done in 347ms @ http://localhost:3000/_next/static/chunks/node_modules_next_dist_115brz8._.js:2431
[  283938ms] [LOG] [Fast Refresh] rebuilding @ http://localhost:3000/_next/static/chunks/node_modules_next_dist_115brz8._.js:2431
[  284133ms] [LOG] [Fast Refresh] done in 311ms @ http://localhost:3000/_next/static/chunks/node_modules_next_dist_115brz8._.js:2431
[  284536ms] [LOG] [Fast Refresh] rebuilding @ http://localhost:3000/_next/static/chunks/node_modules_next_dist_115brz8._.js:2431
[  284619ms] [LOG] [Fast Refresh] done in 192ms @ http://localhost:3000/_next/static/chunks/node_modules_next_dist_115brz8._.js:2431
[  284724ms] [LOG] [Fast Refresh] rebuilding @ http://localhost:3000/_next/static/chunks/node_modules_next_dist_115brz8._.js:2431
[  284975ms] [LOG] [Fast Refresh] done in 355ms @ http://localhost:3000/_next/static/chunks/node_modules_next_dist_115brz8._.js:2431
[  285102ms] [LOG] [Fast Refresh] rebuilding @ http://localhost:3000/_next/static/chunks/node_modules_next_dist_115brz8._.js:2431
[  285351ms] [LOG] [Fast Refresh] done in 368ms @ http://localhost:3000/_next/static/chunks/node_modules_next_dist_115brz8._.js:2431
[  285636ms] [LOG] [Fast Refresh] rebuilding @ http://localhost:3000/_next/static/chunks/node_modules_next_dist_115brz8._.js:2431
[  285657ms] [LOG] [Fast Refresh] done in 127ms @ http://localhost:3000/_next/static/chunks/node_modules_next_dist_115brz8._.js:2431
[  285771ms] [LOG] [Fast Refresh] rebuilding @ http://localhost:3000/_next/static/chunks/node_modules_next_dist_115brz8._.js:2431
[  285856ms] [LOG] [Fast Refresh] done in 197ms @ http://localhost:3000/_next/static/chunks/node_modules_next_dist_115brz8._.js:2431
[  286095ms] [LOG] [Fast Refresh] rebuilding @ http://localhost:3000/_next/static/chunks/node_modules_next_dist_115brz8._.js:2431
[  286147ms] [LOG] [Fast Refresh] done in 158ms @ http://localhost:3000/_next/static/chunks/node_modules_next_dist_115brz8._.js:2431
[  286438ms] [LOG] [Fast Refresh] rebuilding @ http://localhost:3000/_next/static/chunks/node_modules_next_dist_115brz8._.js:2431
[  286546ms] [LOG] [Fast Refresh] done in 211ms @ http://localhost:3000/_next/static/chunks/node_modules_next_dist_115brz8._.js:2431
[  286803ms] [LOG] [Fast Refresh] rebuilding @ http://localhost:3000/_next/static/chunks/node_modules_next_dist_115brz8._.js:2431
[  286903ms] [LOG] [Fast Refresh] done in 212ms @ http://localhost:3000/_next/static/chunks/node_modules_next_dist_115brz8._.js:2431
[  287129ms] [LOG] [Fast Refresh] rebuilding @ http://localhost:3000/_next/static/chunks/node_modules_next_dist_115brz8._.js:2431
[  287243ms] [LOG] [Fast Refresh] done in 219ms @ http://localhost:3000/_next/static/chunks/node_modules_next_dist_115brz8._.js:2431
[  287576ms] [LOG] [Fast Refresh] rebuilding @ http://localhost:3000/_next/static/chunks/node_modules_next_dist_115brz8._.js:2431
[  287737ms] [LOG] [Fast Refresh] done in 270ms @ http://localhost:3000/_next/static/chunks/node_modules_next_dist_115brz8._.js:2431
[  287967ms] [LOG] [Fast Refresh] rebuilding @ http://localhost:3000/_next/static/chunks/node_modules_next_dist_115brz8._.js:2431
[  288167ms] [LOG] [Fast Refresh] done in 315ms @ http://localhost:3000/_next/static/chunks/node_modules_next_dist_115brz8._.js:2431
[  288355ms] [LOG] [Fast Refresh] rebuilding @ http://localhost:3000/_next/static/chunks/node_modules_next_dist_115brz8._.js:2431
[  289159ms] [LOG] [Fast Refresh] done in 911ms @ http://localhost:3000/_next/static/chunks/node_modules_next_dist_115brz8._.js:2431
[  289454ms] [LOG] [Fast Refresh] rebuilding @ http://localhost:3000/_next/static/chunks/node_modules_next_dist_115brz8._.js:2431
[  289633ms] [LOG] [Fast Refresh] done in 285ms @ http://localhost:3000/_next/static/chunks/node_modules_next_dist_115brz8._.js:2431
[  289843ms] [LOG] [Fast Refresh] rebuilding @ http://localhost:3000/_next/static/chunks/node_modules_next_dist_115brz8._.js:2431
[  289915ms] [LOG] [Fast Refresh] done in 190ms @ http://localhost:3000/_next/static/chunks/node_modules_next_dist_115brz8._.js:2431
[  290045ms] [LOG] [Fast Refresh] rebuilding @ http://localhost:3000/_next/static/chunks/node_modules_next_dist_115brz8._.js:2431
[  290130ms] [LOG] [Fast Refresh] done in 202ms @ http://localhost:3000/_next/static/chunks/node_modules_next_dist_115brz8._.js:2431
[  290246ms] [LOG] [Fast Refresh] rebuilding @ http://localhost:3000/_next/static/chunks/node_modules_next_dist_115brz8._.js:2431
[  290376ms] [LOG] [Fast Refresh] done in 244ms @ http://localhost:3000/_next/static/chunks/node_modules_next_dist_115brz8._.js:2431
[  290776ms] [LOG] [Fast Refresh] rebuilding @ http://localhost:3000/_next/static/chunks/node_modules_next_dist_115brz8._.js:2431
[  290888ms] [LOG] [Fast Refresh] done in 255ms @ http://localhost:3000/_next/static/chunks/node_modules_next_dist_115brz8._.js:2431
[  291061ms] [LOG] [Fast Refresh] rebuilding @ http://localhost:3000/_next/static/chunks/node_modules_next_dist_115brz8._.js:2431
[  291199ms] [LOG] [Fast Refresh] done in 242ms @ http://localhost:3000/_next/static/chunks/node_modules_next_dist_115brz8._.js:2431
[  291581ms] [LOG] [Fast Refresh] rebuilding @ http://localhost:3000/_next/static/chunks/node_modules_next_dist_115brz8._.js:2431
[  291659ms] [LOG] [Fast Refresh] done in 184ms @ http://localhost:3000/_next/static/chunks/node_modules_next_dist_115brz8._.js:2431
[  291908ms] [LOG] [Fast Refresh] rebuilding @ http://localhost:3000/_next/static/chunks/node_modules_next_dist_115brz8._.js:2431
[  291993ms] [LOG] [Fast Refresh] done in 194ms @ http://localhost:3000/_next/static/chunks/node_modules_next_dist_115brz8._.js:2431
[  292111ms] [LOG] [Fast Refresh] rebuilding @ http://localhost:3000/_next/static/chunks/node_modules_next_dist_115brz8._.js:2431
[  292231ms] [LOG] [Fast Refresh] done in 237ms @ http://localhost:3000/_next/static/chunks/node_modules_next_dist_115brz8._.js:2431
[  292488ms] [LOG] [Fast Refresh] rebuilding @ http://localhost:3000/_next/static/chunks/node_modules_next_dist_115brz8._.js:2431
[  292610ms] [LOG] [Fast Refresh] done in 233ms @ http://localhost:3000/_next/static/chunks/node_modules_next_dist_115brz8._.js:2431
[  293224ms] [LOG] [Fast Refresh] rebuilding @ http://localhost:3000/_next/static/chunks/node_modules_next_dist_115brz8._.js:2431
[  293259ms] [LOG] [Fast Refresh] done in 184ms @ http://localhost:3000/_next/static/chunks/node_modules_next_dist_115brz8._.js:2431
[  293377ms] [LOG] [Fast Refresh] rebuilding @ http://localhost:3000/_next/static/chunks/node_modules_next_dist_115brz8._.js:2431
[  293424ms] [LOG] [Fast Refresh] done in 157ms @ http://localhost:3000/_next/static/chunks/node_modules_next_dist_115brz8._.js:2431
[  293546ms] [LOG] [Fast Refresh] rebuilding @ http://localhost:3000/_next/static/chunks/node_modules_next_dist_115brz8._.js:2431
[  293636ms] [LOG] [Fast Refresh] done in 202ms @ http://localhost:3000/_next/static/chunks/node_modules_next_dist_115brz8._.js:2431
[  293779ms] [LOG] [Fast Refresh] rebuilding @ http://localhost:3000/_next/static/chunks/node_modules_next_dist_115brz8._.js:2431
[  293816ms] [LOG] [Fast Refresh] done in 154ms @ http://localhost:3000/_next/static/chunks/node_modules_next_dist_115brz8._.js:2431
[  293996ms] [LOG] [Fast Refresh] rebuilding @ http://localhost:3000/_next/static/chunks/node_modules_next_dist_115brz8._.js:2431
[  294192ms] [LOG] [Fast Refresh] done in 309ms @ http://localhost:3000/_next/static/chunks/node_modules_next_dist_115brz8._.js:2431
[  294605ms] [LOG] [Fast Refresh] rebuilding @ http://localhost:3000/_next/static/chunks/node_modules_next_dist_115brz8._.js:2431
[  294615ms] [LOG] [Fast Refresh] done in 153ms @ http://localhost:3000/_next/static/chunks/node_modules_next_dist_115brz8._.js:2431
[  294731ms] [LOG] [Fast Refresh] rebuilding @ http://localhost:3000/_next/static/chunks/node_modules_next_dist_115brz8._.js:2431
[  294933ms] [LOG] [Fast Refresh] done in 312ms @ http://localhost:3000/_next/static/chunks/node_modules_next_dist_115brz8._.js:2431
[  299093ms] [LOG] [Fast Refresh] rebuilding @ http://localhost:3000/_next/static/chunks/node_modules_next_dist_115brz8._.js:2431
[  299111ms] [LOG] [Fast Refresh] done in 121ms @ http://localhost:3000/_next/static/chunks/node_modules_next_dist_115brz8._.js:2431
[  299258ms] [LOG] [Fast Refresh] rebuilding @ http://localhost:3000/_next/static/chunks/node_modules_next_dist_115brz8._.js:2431
[  299376ms] [LOG] [Fast Refresh] done in 229ms @ http://localhost:3000/_next/static/chunks/node_modules_next_dist_115brz8._.js:2431
[  299774ms] [LOG] [Fast Refresh] rebuilding @ http://localhost:3000/_next/static/chunks/node_modules_next_dist_115brz8._.js:2431
[  299842ms] [LOG] [Fast Refresh] done in 180ms @ http://localhost:3000/_next/static/chunks/node_modules_next_dist_115brz8._.js:2431
[  300184ms] [LOG] [Fast Refresh] rebuilding @ http://localhost:3000/_next/static/chunks/node_modules_next_dist_115brz8._.js:2431
[  300188ms] [LOG] [Fast Refresh] done in 154ms @ http://localhost:3000/_next/static/chunks/node_modules_next_dist_115brz8._.js:2431
[  300412ms] [LOG] [Fast Refresh] rebuilding @ http://localhost:3000/_next/static/chunks/node_modules_next_dist_115brz8._.js:2431
[  300543ms] [LOG] [Fast Refresh] done in 247ms @ http://localhost:3000/_next/static/chunks/node_modules_next_dist_115brz8._.js:2431
[  301626ms] [LOG] [Fast Refresh] rebuilding @ http://localhost:3000/_next/static/chunks/node_modules_next_dist_115brz8._.js:2431
[  301820ms] [LOG] [Fast Refresh] done in 301ms @ http://localhost:3000/_next/static/chunks/node_modules_next_dist_115brz8._.js:2431
[  302332ms] [LOG] [Fast Refresh] rebuilding @ http://localhost:3000/_next/static/chunks/node_modules_next_dist_115brz8._.js:2431
[  302671ms] [LOG] [Fast Refresh] done in 449ms @ http://localhost:3000/_next/static/chunks/node_modules_next_dist_115brz8._.js:2431
[  302925ms] [LOG] [Fast Refresh] rebuilding @ http://localhost:3000/_next/static/chunks/node_modules_next_dist_115brz8._.js:2431
[  303168ms] [LOG] [Fast Refresh] done in 344ms @ http://localhost:3000/_next/static/chunks/node_modules_next_dist_115brz8._.js:2431
[  304348ms] [LOG] [Fast Refresh] rebuilding @ http://localhost:3000/_next/static/chunks/node_modules_next_dist_115brz8._.js:2431
[  304775ms] [LOG] [Fast Refresh] done in 530ms @ http://localhost:3000/_next/static/chunks/node_modules_next_dist_115brz8._.js:2431
[  305481ms] [LOG] [Fast Refresh] rebuilding @ http://localhost:3000/_next/static/chunks/node_modules_next_dist_115brz8._.js:2431
[  305489ms] [LOG] [Fast Refresh] done in 191ms @ http://localhost:3000/_next/static/chunks/node_modules_next_dist_115brz8._.js:2431
[  305767ms] [LOG] [Fast Refresh] rebuilding @ http://localhost:3000/_next/static/chunks/node_modules_next_dist_115brz8._.js:2431
[  305912ms] [LOG] [Fast Refresh] done in 251ms @ http://localhost:3000/_next/static/chunks/node_modules_next_dist_115brz8._.js:2431
[  307383ms] [LOG] [Fast Refresh] rebuilding @ http://localhost:3000/_next/static/chunks/node_modules_next_dist_115brz8._.js:2431
[  307455ms] [LOG] [Fast Refresh] done in 1487ms @ http://localhost:3000/_next/static/chunks/node_modules_next_dist_115brz8._.js:2431
[  309890ms] [LOG] [Fast Refresh] rebuilding @ http://localhost:3000/_next/static/chunks/node_modules_next_dist_115brz8._.js:2431
[  309950ms] [LOG] [Fast Refresh] done in 171ms @ http://localhost:3000/_next/static/chunks/node_modules_next_dist_115brz8._.js:2431
[  310063ms] [LOG] [Fast Refresh] rebuilding @ http://localhost:3000/_next/static/chunks/node_modules_next_dist_115brz8._.js:2431
[  310343ms] [LOG] [Fast Refresh] done in 383ms @ http://localhost:3000/_next/static/chunks/node_modules_next_dist_115brz8._.js:2431
[  310578ms] [LOG] [Fast Refresh] rebuilding @ http://localhost:3000/_next/static/chunks/node_modules_next_dist_115brz8._.js:2431
[  310724ms] [LOG] [Fast Refresh] done in 262ms @ http://localhost:3000/_next/static/chunks/node_modules_next_dist_115brz8._.js:2431
[  310830ms] [LOG] [Fast Refresh] rebuilding @ http://localhost:3000/_next/static/chunks/node_modules_next_dist_115brz8._.js:2431
[  310907ms] [LOG] [Fast Refresh] done in 178ms @ http://localhost:3000/_next/static/chunks/node_modules_next_dist_115brz8._.js:2431
[  311047ms] [LOG] [Fast Refresh] rebuilding @ http://localhost:3000/_next/static/chunks/node_modules_next_dist_115brz8._.js:2431
[  311101ms] [LOG] [Fast Refresh] done in 169ms @ http://localhost:3000/_next/static/chunks/node_modules_next_dist_115brz8._.js:2431
[  311274ms] [LOG] [Fast Refresh] rebuilding @ http://localhost:3000/_next/static/chunks/node_modules_next_dist_115brz8._.js:2431
[  311695ms] [LOG] [Fast Refresh] done in 542ms @ http://localhost:3000/_next/static/chunks/node_modules_next_dist_115brz8._.js:2431
[  311897ms] [LOG] [Fast Refresh] rebuilding @ http://localhost:3000/_next/static/chunks/node_modules_next_dist_115brz8._.js:2431
[  311952ms] [LOG] [Fast Refresh] done in 169ms @ http://localhost:3000/_next/static/chunks/node_modules_next_dist_115brz8._.js:2431
[  312059ms] [LOG] [Fast Refresh] rebuilding @ http://localhost:3000/_next/static/chunks/node_modules_next_dist_115brz8._.js:2431
[  312160ms] [LOG] [Fast Refresh] done in 204ms @ http://localhost:3000/_next/static/chunks/node_modules_next_dist_115brz8._.js:2431
[  312414ms] [LOG] [Fast Refresh] rebuilding @ http://localhost:3000/_next/static/chunks/node_modules_next_dist_115brz8._.js:2431
[  312926ms] [LOG] [Fast Refresh] done in 647ms @ http://localhost:3000/_next/static/chunks/node_modules_next_dist_115brz8._.js:2431
[  313053ms] [LOG] [Fast Refresh] rebuilding @ http://localhost:3000/_next/static/chunks/node_modules_next_dist_115brz8._.js:2431
[  313132ms] [LOG] [Fast Refresh] done in 189ms @ http://localhost:3000/_next/static/chunks/node_modules_next_dist_115brz8._.js:2431
[  313491ms] [LOG] [Fast Refresh] rebuilding @ http://localhost:3000/_next/static/chunks/node_modules_next_dist_115brz8._.js:2431
[  313959ms] [LOG] [Fast Refresh] done in 579ms @ http://localhost:3000/_next/static/chunks/node_modules_next_dist_115brz8._.js:2431
[  314109ms] [LOG] [Fast Refresh] rebuilding @ http://localhost:3000/_next/static/chunks/node_modules_next_dist_115brz8._.js:2431
[  314116ms] [LOG] [Fast Refresh] done in 109ms @ http://localhost:3000/_next/static/chunks/node_modules_next_dist_115brz8._.js:2431
[  314347ms] [LOG] [Fast Refresh] rebuilding @ http://localhost:3000/_next/static/chunks/node_modules_next_dist_115brz8._.js:2431
[  314961ms] [LOG] [Fast Refresh] done in 714ms @ http://localhost:3000/_next/static/chunks/node_modules_next_dist_115brz8._.js:2431
[  315505ms] [LOG] [Fast Refresh] rebuilding @ http://localhost:3000/_next/static/chunks/node_modules_next_dist_115brz8._.js:2431
[  315945ms] [LOG] [Fast Refresh] done in 556ms @ http://localhost:3000/_next/static/chunks/node_modules_next_dist_115brz8._.js:2431
[  316685ms] [LOG] [Fast Refresh] rebuilding @ http://localhost:3000/_next/static/chunks/node_modules_next_dist_115brz8._.js:2431
[  317083ms] [LOG] [Fast Refresh] done in 497ms @ http://localhost:3000/_next/static/chunks/node_modules_next_dist_115brz8._.js:2431
[  317346ms] [LOG] [Fast Refresh] rebuilding @ http://localhost:3000/_next/static/chunks/node_modules_next_dist_115brz8._.js:2431
[  317395ms] [LOG] [Fast Refresh] done in 160ms @ http://localhost:3000/_next/static/chunks/node_modules_next_dist_115brz8._.js:2431
[  317572ms] [LOG] [Fast Refresh] rebuilding @ http://localhost:3000/_next/static/chunks/node_modules_next_dist_115brz8._.js:2431
[  317762ms] [LOG] [Fast Refresh] done in 304ms @ http://localhost:3000/_next/static/chunks/node_modules_next_dist_115brz8._.js:2431
[  317970ms] [LOG] [Fast Refresh] rebuilding @ http://localhost:3000/_next/static/chunks/node_modules_next_dist_115brz8._.js:2431
[  318156ms] [LOG] [Fast Refresh] done in 387ms @ http://localhost:3000/_next/static/chunks/node_modules_next_dist_115brz8._.js:2431
[  318270ms] [LOG] [Fast Refresh] rebuilding @ http://localhost:3000/_next/static/chunks/node_modules_next_dist_115brz8._.js:2431
[  318437ms] [LOG] [Fast Refresh] done in 266ms @ http://localhost:3000/_next/static/chunks/node_modules_next_dist_115brz8._.js:2431
[  318657ms] [LOG] [Fast Refresh] rebuilding @ http://localhost:3000/_next/static/chunks/node_modules_next_dist_115brz8._.js:2431
[  318756ms] [LOG] [Fast Refresh] done in 210ms @ http://localhost:3000/_next/static/chunks/node_modules_next_dist_115brz8._.js:2431
[  318918ms] [LOG] [Fast Refresh] rebuilding @ http://localhost:3000/_next/static/chunks/node_modules_next_dist_115brz8._.js:2431
[  319956ms] [LOG] [Fast Refresh] done in 1153ms @ http://localhost:3000/_next/static/chunks/node_modules_next_dist_115brz8._.js:2431
[  320462ms] [LOG] [Fast Refresh] rebuilding @ http://localhost:3000/_next/static/chunks/node_modules_next_dist_115brz8._.js:2431
[  320501ms] [LOG] [Fast Refresh] done in 139ms @ http://localhost:3000/_next/static/chunks/node_modules_next_dist_115brz8._.js:2431
[  320717ms] [LOG] [Fast Refresh] rebuilding @ http://localhost:3000/_next/static/chunks/node_modules_next_dist_115brz8._.js:2431
[  320990ms] [LOG] [Fast Refresh] done in 379ms @ http://localhost:3000/_next/static/chunks/node_modules_next_dist_115brz8._.js:2431
[  321304ms] [LOG] [Fast Refresh] rebuilding @ http://localhost:3000/_next/static/chunks/node_modules_next_dist_115brz8._.js:2431
[  321439ms] [LOG] [Fast Refresh] done in 246ms @ http://localhost:3000/_next/static/chunks/node_modules_next_dist_115brz8._.js:2431
[  321613ms] [LOG] [Fast Refresh] rebuilding @ http://localhost:3000/_next/static/chunks/node_modules_next_dist_115brz8._.js:2431
[  321750ms] [LOG] [Fast Refresh] done in 246ms @ http://localhost:3000/_next/static/chunks/node_modules_next_dist_115brz8._.js:2431
[  321958ms] [LOG] [Fast Refresh] rebuilding @ http://localhost:3000/_next/static/chunks/node_modules_next_dist_115brz8._.js:2431
[  322124ms] [LOG] [Fast Refresh] done in 286ms @ http://localhost:3000/_next/static/chunks/node_modules_next_dist_115brz8._.js:2431
[  322420ms] [LOG] [Fast Refresh] rebuilding @ http://localhost:3000/_next/static/chunks/node_modules_next_dist_115brz8._.js:2431
[  322568ms] [LOG] [Fast Refresh] done in 253ms @ http://localhost:3000/_next/static/chunks/node_modules_next_dist_115brz8._.js:2431
[  322723ms] [LOG] [Fast Refresh] rebuilding @ http://localhost:3000/_next/static/chunks/node_modules_next_dist_115brz8._.js:2431
[  322754ms] [LOG] [Fast Refresh] done in 139ms @ http://localhost:3000/_next/static/chunks/node_modules_next_dist_115brz8._.js:2431
[  322882ms] [LOG] [Fast Refresh] rebuilding @ http://localhost:3000/_next/static/chunks/node_modules_next_dist_115brz8._.js:2431
[  323135ms] [LOG] [Fast Refresh] done in 368ms @ http://localhost:3000/_next/static/chunks/node_modules_next_dist_115brz8._.js:2431
[  323285ms] [LOG] [Fast Refresh] rebuilding @ http://localhost:3000/_next/static/chunks/node_modules_next_dist_115brz8._.js:2431
[  323502ms] [LOG] [Fast Refresh] done in 332ms @ http://localhost:3000/_next/static/chunks/node_modules_next_dist_115brz8._.js:2431
[  323803ms] [LOG] [Fast Refresh] rebuilding @ http://localhost:3000/_next/static/chunks/node_modules_next_dist_115brz8._.js:2431
[  323808ms] [LOG] [Fast Refresh] done in 172ms @ http://localhost:3000/_next/static/chunks/node_modules_next_dist_115brz8._.js:2431
[  323968ms] [LOG] [Fast Refresh] rebuilding @ http://localhost:3000/_next/static/chunks/node_modules_next_dist_115brz8._.js:2431
[  324178ms] [LOG] [Fast Refresh] done in 320ms @ http://localhost:3000/_next/static/chunks/node_modules_next_dist_115brz8._.js:2431
[  324366ms] [LOG] [Fast Refresh] rebuilding @ http://localhost:3000/_next/static/chunks/node_modules_next_dist_115brz8._.js:2431
[  324672ms] [LOG] [Fast Refresh] done in 459ms @ http://localhost:3000/_next/static/chunks/node_modules_next_dist_115brz8._.js:2431
[  324914ms] [LOG] [Fast Refresh] rebuilding @ http://localhost:3000/_next/static/chunks/node_modules_next_dist_115brz8._.js:2431
[  324923ms] [LOG] [Fast Refresh] done in 128ms @ http://localhost:3000/_next/static/chunks/node_modules_next_dist_115brz8._.js:2431
[  325075ms] [LOG] [Fast Refresh] rebuilding @ http://localhost:3000/_next/static/chunks/node_modules_next_dist_115brz8._.js:2431
[  325275ms] [LOG] [Fast Refresh] done in 302ms @ http://localhost:3000/_next/static/chunks/node_modules_next_dist_115brz8._.js:2431
[  325759ms] [LOG] [Fast Refresh] rebuilding @ http://localhost:3000/_next/static/chunks/node_modules_next_dist_115brz8._.js:2431
[  326097ms] [LOG] [Fast Refresh] done in 446ms @ http://localhost:3000/_next/static/chunks/node_modules_next_dist_115brz8._.js:2431
[  330712ms] [LOG] [Fast Refresh] rebuilding @ http://localhost:3000/_next/static/chunks/node_modules_next_dist_115brz8._.js:2431
[  330724ms] [LOG] [Fast Refresh] done in 116ms @ http://localhost:3000/_next/static/chunks/node_modules_next_dist_115brz8._.js:2431
[  330868ms] [LOG] [Fast Refresh] rebuilding @ http://localhost:3000/_next/static/chunks/node_modules_next_dist_115brz8._.js:2431
[  331151ms] [LOG] [Fast Refresh] done in 394ms @ http://localhost:3000/_next/static/chunks/node_modules_next_dist_115brz8._.js:2431
[  901547ms] [LOG] [Fast Refresh] rebuilding @ http://localhost:3000/_next/static/chunks/node_modules_next_dist_115brz8._.js:2431
[  915142ms] [LOG] [Fast Refresh] done in 13708ms @ http://localhost:3000/_next/static/chunks/node_modules_next_dist_115brz8._.js:2431
[  936127ms] [LOG] [Fast Refresh] rebuilding @ http://localhost:3000/_next/static/chunks/node_modules_next_dist_115brz8._.js:2431
[  936381ms] [LOG] [Fast Refresh] done in 358ms @ http://localhost:3000/_next/static/chunks/node_modules_next_dist_115brz8._.js:2431
[ 1127161ms] [LOG] [Fast Refresh] rebuilding @ http://localhost:3000/_next/static/chunks/node_modules_next_dist_115brz8._.js:2431
[ 1127169ms] [LOG] [Fast Refresh] done in 109ms @ http://localhost:3000/_next/static/chunks/node_modules_next_dist_115brz8._.js:2431
[ 1168612ms] [LOG] [Fast Refresh] rebuilding @ http://localhost:3000/_next/static/chunks/node_modules_next_dist_115brz8._.js:2431
[ 1168689ms] [LOG] [Fast Refresh] done in 190ms @ http://localhost:3000/_next/static/chunks/node_modules_next_dist_115brz8._.js:2431
[ 1169749ms] [LOG] [Fast Refresh] rebuilding @ http://localhost:3000/_next/static/chunks/node_modules_next_dist_115brz8._.js:2431
[ 1169843ms] [LOG] [Fast Refresh] done in 196ms @ http://localhost:3000/_next/static/chunks/node_modules_next_dist_115brz8._.js:2431
[ 1171867ms] [LOG] [Fast Refresh] rebuilding @ http://localhost:3000/_next/static/chunks/node_modules_next_dist_115brz8._.js:2431
[ 1172105ms] [LOG] [Fast Refresh] done in 374ms @ http://localhost:3000/_next/static/chunks/node_modules_next_dist_115brz8._.js:2431
[ 1183762ms] [LOG] [Fast Refresh] rebuilding @ http://localhost:3000/_next/static/chunks/node_modules_next_dist_115brz8._.js:2431
[ 1183917ms] [LOG] [Fast Refresh] done in 268ms @ http://localhost:3000/_next/static/chunks/node_modules_next_dist_115brz8._.js:2431
[ 1191448ms] [LOG] [Fast Refresh] rebuilding @ http://localhost:3000/_next/static/chunks/node_modules_next_dist_115brz8._.js:2431
[ 1191540ms] [LOG] [Fast Refresh] done in 197ms @ http://localhost:3000/_next/static/chunks/node_modules_next_dist_115brz8._.js:2431
[ 1220365ms] [LOG] [Fast Refresh] rebuilding @ http://localhost:3000/_next/static/chunks/node_modules_next_dist_115brz8._.js:2431
[ 1220461ms] [LOG] [Fast Refresh] done in 201ms @ http://localhost:3000/_next/static/chunks/node_modules_next_dist_115brz8._.js:2431
[ 1235633ms] [LOG] [Fast Refresh] rebuilding @ http://localhost:3000/_next/static/chunks/node_modules_next_dist_115brz8._.js:2431
[ 1235812ms] [LOG] [Fast Refresh] done in 293ms @ http://localhost:3000/_next/static/chunks/node_modules_next_dist_115brz8._.js:2431
[ 1242616ms] [LOG] [Fast Refresh] rebuilding @ http://localhost:3000/_next/static/chunks/node_modules_next_dist_115brz8._.js:2431
[ 1242774ms] [LOG] [Fast Refresh] done in 263ms @ http://localhost:3000/_next/static/chunks/node_modules_next_dist_115brz8._.js:2431
[ 1242882ms] [LOG] [Fast Refresh] rebuilding @ http://localhost:3000/_next/static/chunks/node_modules_next_dist_115brz8._.js:2431
[ 1243765ms] [LOG] [Fast Refresh] done in 990ms @ http://localhost:3000/_next/static/chunks/node_modules_next_dist_115brz8._.js:2431
[ 1251876ms] [LOG] [Fast Refresh] rebuilding @ http://localhost:3000/_next/static/chunks/node_modules_next_dist_115brz8._.js:2431
[ 1255277ms] [WARNING] [Fast Refresh] performing full reload

Fast Refresh will perform a full reload when you edit a file that's imported by modules outside of the React rendering tree.
You might have a file which exports a React component but also exports a value that is imported by a non-React component file.
Consider migrating the non-React component export to a separate file and importing it into both files.

It is also possible the parent component of the component you edited is a class component, which disables Fast Refresh.
Fast Refresh requires at least one parent function component in your React tree. @ http://localhost:3000/_next/static/chunks/node_modules_next_dist_115brz8._.js:2431
[ 1255518ms] [LOG] [Fast Refresh] done in 3498ms @ http://localhost:3000/_next/static/chunks/node_modules_next_dist_115brz8._.js:2431
[ 1257386ms] [LOG] [Fast Refresh] rebuilding @ http://localhost:3000/_next/static/chunks/node_modules_next_dist_115brz8._.js:2431
[ 1259253ms] [LOG] [Fast Refresh] done in 1988ms @ http://localhost:3000/_next/static/chunks/node_modules_next_dist_115brz8._.js:2431
[ 1263105ms] [LOG] [Fast Refresh] rebuilding @ http://localhost:3000/_next/static/chunks/node_modules_next_dist_115brz8._.js:2431
[ 1263287ms] [LOG] [Fast Refresh] done in 288ms @ http://localhost:3000/_next/static/chunks/node_modules_next_dist_115brz8._.js:2431
[ 1263468ms] [LOG] [Fast Refresh] rebuilding @ http://localhost:3000/_next/static/chunks/node_modules_next_dist_115brz8._.js:2431
[ 1263615ms] [LOG] [Fast Refresh] done in 248ms @ http://localhost:3000/_next/static/chunks/node_modules_next_dist_115brz8._.js:2431
[ 1263832ms] [LOG] [Fast Refresh] rebuilding @ http://localhost:3000/_next/static/chunks/node_modules_next_dist_115brz8._.js:2431
[ 1264566ms] [LOG] [Fast Refresh] done in 866ms @ http://localhost:3000/_next/static/chunks/node_modules_next_dist_115brz8._.js:2431
[ 1271759ms] [LOG] [Fast Refresh] rebuilding @ http://localhost:3000/_next/static/chunks/node_modules_next_dist_115brz8._.js:2431
[ 1272330ms] [LOG] [Fast Refresh] done in 725ms @ http://localhost:3000/_next/static/chunks/node_modules_next_dist_115brz8._.js:2431
[ 1274057ms] [LOG] [Fast Refresh] rebuilding @ http://localhost:3000/_next/static/chunks/node_modules_next_dist_115brz8._.js:2431
[ 1275987ms] [LOG] [Fast Refresh] done in 1451ms @ http://localhost:3000/_next/static/chunks/node_modules_next_dist_115brz8._.js:2431
[ 1278616ms] [LOG] [Fast Refresh] rebuilding @ http://localhost:3000/_next/static/chunks/node_modules_next_dist_115brz8._.js:2431
[ 1280069ms] [LOG] [Fast Refresh] done in 1568ms @ http://localhost:3000/_next/static/chunks/node_modules_next_dist_115brz8._.js:2431
[ 1284795ms] [LOG] [Fast Refresh] rebuilding @ http://localhost:3000/_next/static/chunks/node_modules_next_dist_115brz8._.js:2431
[ 1286512ms] [LOG] [Fast Refresh] done in 1528ms @ http://localhost:3000/_next/static/chunks/node_modules_next_dist_115brz8._.js:2431
[ 1287090ms] [ERROR] Failed to load resource: the server responded with a status of 500 (Internal Server Error) @ http://localhost:3000/:0
[ 1299030ms] [INFO] %cDownload the React DevTools for a better development experience: https://react.dev/link/react-devtools font-weight:bold @ http://localhost:3000/_next/static/chunks/node_modules_next_dist_115brz8._.js:2431
[ 1300798ms] [LOG] [HMR] connected @ http://localhost:3000/_next/static/chunks/node_modules_next_dist_115brz8._.js:2431
[ 1301136ms] [ERROR] Encountered a script tag while rendering React component. Scripts inside React components are never executed when rendering on the client. Consider using template tag instead (https://developer.mozilla.org/en-US/docs/Web/HTML/Element/template). @ http://localhost:3000/_next/static/chunks/node_modules_next_dist_115brz8._.js:3272
[ 1301752ms] [LOG] [Fast Refresh] rebuilding @ http://localhost:3000/_next/static/chunks/node_modules_next_dist_115brz8._.js:2431
[ 1301756ms] [LOG] [Fast Refresh] done in 238ms @ http://localhost:3000/_next/static/chunks/node_modules_next_dist_115brz8._.js:2431
[ 1307456ms] [LOG] [Fast Refresh] rebuilding @ http://localhost:3000/_next/static/chunks/node_modules_next_dist_115brz8._.js:2431
[ 1308056ms] [LOG] [Fast Refresh] done in 715ms @ http://localhost:3000/_next/static/chunks/node_modules_next_dist_115brz8._.js:2431
[ 1308579ms] [LOG] [Fast Refresh] rebuilding @ http://localhost:3000/_next/static/chunks/node_modules_next_dist_115brz8._.js:2431
[ 1308641ms] [LOG] [Fast Refresh] done in 181ms @ http://localhost:3000/_next/static/chunks/node_modules_next_dist_115brz8._.js:2431
[ 1308944ms] [LOG] [Fast Refresh] rebuilding @ http://localhost:3000/_next/static/chunks/node_modules_next_dist_115brz8._.js:2431
[ 1309548ms] [LOG] [Fast Refresh] done in 716ms @ http://localhost:3000/_next/static/chunks/node_modules_next_dist_115brz8._.js:2431
[ 1310102ms] [LOG] [Fast Refresh] rebuilding @ http://localhost:3000/_next/static/chunks/node_modules_next_dist_115brz8._.js:2431
[ 1310598ms] [LOG] [Fast Refresh] done in 688ms @ http://localhost:3000/_next/static/chunks/node_modules_next_dist_115brz8._.js:2431
[ 1311043ms] [LOG] [Fast Refresh] rebuilding @ http://localhost:3000/_next/static/chunks/node_modules_next_dist_115brz8._.js:2431
[ 1311297ms] [LOG] [Fast Refresh] done in 373ms @ http://localhost:3000/_next/static/chunks/node_modules_next_dist_115brz8._.js:2431
[ 1311686ms] [LOG] [Fast Refresh] rebuilding @ http://localhost:3000/_next/static/chunks/node_modules_next_dist_115brz8._.js:2431
[ 1311710ms] [LOG] [Fast Refresh] done in 141ms @ http://localhost:3000/_next/static/chunks/node_modules_next_dist_115brz8._.js:2431
[ 1312283ms] [LOG] [Fast Refresh] rebuilding @ http://localhost:3000/_next/static/chunks/node_modules_next_dist_115brz8._.js:2431
[ 1312542ms] [LOG] [Fast Refresh] done in 362ms @ http://localhost:3000/_next/static/chunks/node_modules_next_dist_115brz8._.js:2431
[ 1313543ms] [LOG] [Fast Refresh] rebuilding @ http://localhost:3000/_next/static/chunks/node_modules_next_dist_115brz8._.js:2431
[ 1313855ms] [LOG] [Fast Refresh] done in 426ms @ http://localhost:3000/_next/static/chunks/node_modules_next_dist_115brz8._.js:2431
[ 1314413ms] [LOG] [Fast Refresh] rebuilding @ http://localhost:3000/_next/static/chunks/node_modules_next_dist_115brz8._.js:2431
[ 1314493ms] [LOG] [Fast Refresh] done in 188ms @ http://localhost:3000/_next/static/chunks/node_modules_next_dist_115brz8._.js:2431
[ 1314767ms] [LOG] [Fast Refresh] rebuilding @ http://localhost:3000/_next/static/chunks/node_modules_next_dist_115brz8._.js:2431
[ 1314858ms] [LOG] [Fast Refresh] done in 209ms @ http://localhost:3000/_next/static/chunks/node_modules_next_dist_115brz8._.js:2431
[ 1314981ms] [LOG] [Fast Refresh] rebuilding @ http://localhost:3000/_next/static/chunks/node_modules_next_dist_115brz8._.js:2431
[ 1315141ms] [LOG] [Fast Refresh] done in 271ms @ http://localhost:3000/_next/static/chunks/node_modules_next_dist_115brz8._.js:2431
[ 1315275ms] [LOG] [Fast Refresh] rebuilding @ http://localhost:3000/_next/static/chunks/node_modules_next_dist_115brz8._.js:2431
[ 1315348ms] [LOG] [Fast Refresh] done in 175ms @ http://localhost:3000/_next/static/chunks/node_modules_next_dist_115brz8._.js:2431
[ 1315616ms] [LOG] [Fast Refresh] rebuilding @ http://localhost:3000/_next/static/chunks/node_modules_next_dist_115brz8._.js:2431
[ 1315719ms] [LOG] [Fast Refresh] done in 222ms @ http://localhost:3000/_next/static/chunks/node_modules_next_dist_115brz8._.js:2431
[ 1316883ms] [LOG] [Fast Refresh] rebuilding @ http://localhost:3000/_next/static/chunks/node_modules_next_dist_115brz8._.js:2431
[ 1316983ms] [LOG] [Fast Refresh] done in 208ms @ http://localhost:3000/_next/static/chunks/node_modules_next_dist_115brz8._.js:2431
[ 1317699ms] [LOG] [Fast Refresh] rebuilding @ http://localhost:3000/_next/static/chunks/node_modules_next_dist_115brz8._.js:2431
[ 1317779ms] [LOG] [Fast Refresh] done in 181ms @ http://localhost:3000/_next/static/chunks/node_modules_next_dist_115brz8._.js:2431
[ 1317956ms] [LOG] [Fast Refresh] rebuilding @ http://localhost:3000/_next/static/chunks/node_modules_next_dist_115brz8._.js:2431
[ 1318118ms] [LOG] [Fast Refresh] done in 264ms @ http://localhost:3000/_next/static/chunks/node_modules_next_dist_115brz8._.js:2431
[ 1318230ms] [LOG] [Fast Refresh] rebuilding @ http://localhost:3000/_next/static/chunks/node_modules_next_dist_115brz8._.js:2431
[ 1318231ms] [LOG] [Fast Refresh] done in 109ms @ http://localhost:3000/_next/static/chunks/node_modules_next_dist_115brz8._.js:2431
[ 1318345ms] [LOG] [Fast Refresh] rebuilding @ http://localhost:3000/_next/static/chunks/node_modules_next_dist_115brz8._.js:2431
[ 1318354ms] [LOG] [Fast Refresh] done in 118ms @ http://localhost:3000/_next/static/chunks/node_modules_next_dist_115brz8._.js:2431
[ 1318598ms] [LOG] [Fast Refresh] rebuilding @ http://localhost:3000/_next/static/chunks/node_modules_next_dist_115brz8._.js:2431
[ 1318722ms] [LOG] [Fast Refresh] done in 235ms @ http://localhost:3000/_next/static/chunks/node_modules_next_dist_115brz8._.js:2431
[ 1318912ms] [LOG] [Fast Refresh] rebuilding @ http://localhost:3000/_next/static/chunks/node_modules_next_dist_115brz8._.js:2431
[ 1318988ms] [LOG] [Fast Refresh] done in 184ms @ http://localhost:3000/_next/static/chunks/node_modules_next_dist_115brz8._.js:2431
[ 1319120ms] [LOG] [Fast Refresh] rebuilding @ http://localhost:3000/_next/static/chunks/node_modules_next_dist_115brz8._.js:2431
[ 1319122ms] [LOG] [Fast Refresh] done in 105ms @ http://localhost:3000/_next/static/chunks/node_modules_next_dist_115brz8._.js:2431
[ 1319432ms] [LOG] [Fast Refresh] rebuilding @ http://localhost:3000/_next/static/chunks/node_modules_next_dist_115brz8._.js:2431
[ 1319505ms] [LOG] [Fast Refresh] done in 173ms @ http://localhost:3000/_next/static/chunks/node_modules_next_dist_115brz8._.js:2431
[ 1319666ms] [LOG] [Fast Refresh] rebuilding @ http://localhost:3000/_next/static/chunks/node_modules_next_dist_115brz8._.js:2431
[ 1319736ms] [LOG] [Fast Refresh] done in 183ms @ http://localhost:3000/_next/static/chunks/node_modules_next_dist_115brz8._.js:2431
[ 1319867ms] [LOG] [Fast Refresh] rebuilding @ http://localhost:3000/_next/static/chunks/node_modules_next_dist_115brz8._.js:2431
[ 1319964ms] [LOG] [Fast Refresh] done in 224ms @ http://localhost:3000/_next/static/chunks/node_modules_next_dist_115brz8._.js:2431
[ 1320129ms] [LOG] [Fast Refresh] rebuilding @ http://localhost:3000/_next/static/chunks/node_modules_next_dist_115brz8._.js:2431
[ 1320179ms] [LOG] [Fast Refresh] done in 156ms @ http://localhost:3000/_next/static/chunks/node_modules_next_dist_115brz8._.js:2431
[ 1320511ms] [LOG] [Fast Refresh] rebuilding @ http://localhost:3000/_next/static/chunks/node_modules_next_dist_115brz8._.js:2431
[ 1320696ms] [LOG] [Fast Refresh] done in 417ms @ http://localhost:3000/_next/static/chunks/node_modules_next_dist_115brz8._.js:2431
[ 1321160ms] [LOG] [Fast Refresh] rebuilding @ http://localhost:3000/_next/static/chunks/node_modules_next_dist_115brz8._.js:2431
[ 1321267ms] [LOG] [Fast Refresh] done in 217ms @ http://localhost:3000/_next/static/chunks/node_modules_next_dist_115brz8._.js:2431
[ 1321797ms] [LOG] [Fast Refresh] rebuilding @ http://localhost:3000/_next/static/chunks/node_modules_next_dist_115brz8._.js:2431
[ 1322088ms] [LOG] [Fast Refresh] done in 527ms @ http://localhost:3000/_next/static/chunks/node_modules_next_dist_115brz8._.js:2431
[ 1323536ms] [LOG] [Fast Refresh] rebuilding @ http://localhost:3000/_next/static/chunks/node_modules_next_dist_115brz8._.js:2431
[ 1324291ms] [LOG] [Fast Refresh] done in 1151ms @ http://localhost:3000/_next/static/chunks/node_modules_next_dist_115brz8._.js:2431
[ 1325128ms] [LOG] [Fast Refresh] rebuilding @ http://localhost:3000/_next/static/chunks/node_modules_next_dist_115brz8._.js:2431
[ 1325568ms] [LOG] [Fast Refresh] done in 558ms @ http://localhost:3000/_next/static/chunks/node_modules_next_dist_115brz8._.js:2431
[ 1325976ms] [LOG] [Fast Refresh] rebuilding @ http://localhost:3000/_next/static/chunks/node_modules_next_dist_115brz8._.js:2431
[ 1326209ms] [LOG] [Fast Refresh] done in 333ms @ http://localhost:3000/_next/static/chunks/node_modules_next_dist_115brz8._.js:2431
[ 1326682ms] [LOG] [Fast Refresh] rebuilding @ http://localhost:3000/_next/static/chunks/node_modules_next_dist_115brz8._.js:2431
[ 1326911ms] [LOG] [Fast Refresh] done in 348ms @ http://localhost:3000/_next/static/chunks/node_modules_next_dist_115brz8._.js:2431
[ 1328413ms] [LOG] [Fast Refresh] rebuilding @ http://localhost:3000/_next/static/chunks/node_modules_next_dist_115brz8._.js:2431
[ 1328511ms] [LOG] [Fast Refresh] done in 205ms @ http://localhost:3000/_next/static/chunks/node_modules_next_dist_115brz8._.js:2431
[ 1328634ms] [LOG] [Fast Refresh] rebuilding @ http://localhost:3000/_next/static/chunks/node_modules_next_dist_115brz8._.js:2431
[ 1328911ms] [LOG] [Fast Refresh] done in 398ms @ http://localhost:3000/_next/static/chunks/node_modules_next_dist_115brz8._.js:2431
[ 1329111ms] [LOG] [Fast Refresh] rebuilding @ http://localhost:3000/_next/static/chunks/node_modules_next_dist_115brz8._.js:2431
[ 1329125ms] [LOG] [Fast Refresh] done in 166ms @ http://localhost:3000/_next/static/chunks/node_modules_next_dist_115brz8._.js:2431
[ 1329325ms] [LOG] [Fast Refresh] rebuilding @ http://localhost:3000/_next/static/chunks/node_modules_next_dist_115brz8._.js:2431
[ 1329592ms] [LOG] [Fast Refresh] done in 464ms @ http://localhost:3000/_next/static/chunks/node_modules_next_dist_115brz8._.js:2431
[ 1330187ms] [LOG] [Fast Refresh] rebuilding @ http://localhost:3000/_next/static/chunks/node_modules_next_dist_115brz8._.js:2431
[ 1330287ms] [LOG] [Fast Refresh] done in 357ms @ http://localhost:3000/_next/static/chunks/node_modules_next_dist_115brz8._.js:2431
[ 1330421ms] [LOG] [Fast Refresh] rebuilding @ http://localhost:3000/_next/static/chunks/node_modules_next_dist_115brz8._.js:2431
[ 1332073ms] [LOG] [Fast Refresh] done in 1786ms @ http://localhost:3000/_next/static/chunks/node_modules_next_dist_115brz8._.js:2431
[ 1333486ms] [LOG] [Fast Refresh] rebuilding @ http://localhost:3000/_next/static/chunks/node_modules_next_dist_115brz8._.js:2431
[ 1333624ms] [LOG] [Fast Refresh] done in 256ms @ http://localhost:3000/_next/static/chunks/node_modules_next_dist_115brz8._.js:2431
[ 1333904ms] [LOG] [Fast Refresh] rebuilding @ http://localhost:3000/_next/static/chunks/node_modules_next_dist_115brz8._.js:2431
[ 1334222ms] [LOG] [Fast Refresh] done in 438ms @ http://localhost:3000/_next/static/chunks/node_modules_next_dist_115brz8._.js:2431
[ 1334418ms] [LOG] [Fast Refresh] rebuilding @ http://localhost:3000/_next/static/chunks/node_modules_next_dist_115brz8._.js:2431
[ 1335119ms] [LOG] [Fast Refresh] done in 829ms @ http://localhost:3000/_next/static/chunks/node_modules_next_dist_115brz8._.js:2431
[ 1335892ms] [LOG] [Fast Refresh] rebuilding @ http://localhost:3000/_next/static/chunks/node_modules_next_dist_115brz8._.js:2431
[ 1340067ms] [LOG] [Fast Refresh] done in 4319ms @ http://localhost:3000/_next/static/chunks/node_modules_next_dist_115brz8._.js:2431
[ 1342995ms] [LOG] [Fast Refresh] rebuilding @ http://localhost:3000/_next/static/chunks/node_modules_next_dist_115brz8._.js:2431
[ 1360252ms] [LOG] [Fast Refresh] done in 17358ms @ http://localhost:3000/_next/static/chunks/node_modules_next_dist_115brz8._.js:2431
[ 1383364ms] [LOG] [Fast Refresh] rebuilding @ http://localhost:3000/_next/static/chunks/node_modules_next_dist_115brz8._.js:2431
[ 1383481ms] [LOG] [Fast Refresh] done in 114ms @ http://localhost:3000/_next/static/chunks/node_modules_next_dist_115brz8._.js:2431
[ 1393935ms] [LOG] [Fast Refresh] rebuilding @ http://localhost:3000/_next/static/chunks/node_modules_next_dist_115brz8._.js:2431
[ 1394029ms] [LOG] [Fast Refresh] done in 96ms @ http://localhost:3000/_next/static/chunks/node_modules_next_dist_115brz8._.js:2431
[ 1399264ms] [LOG] [Fast Refresh] rebuilding @ http://localhost:3000/_next/static/chunks/node_modules_next_dist_115brz8._.js:2431
[ 1399778ms] [LOG] [Fast Refresh] done in 629ms @ http://localhost:3000/_next/static/chunks/node_modules_next_dist_115brz8._.js:2431
[ 1406459ms] [LOG] [Fast Refresh] rebuilding @ http://localhost:3000/_next/static/chunks/node_modules_next_dist_115brz8._.js:2431
[ 1410029ms] [LOG] [Fast Refresh] done in 4417ms @ http://localhost:3000/_next/static/chunks/node_modules_next_dist_115brz8._.js:2431
[ 1410143ms] [LOG] [Fast Refresh] rebuilding @ http://localhost:3000/_next/static/chunks/node_modules_next_dist_115brz8._.js:2431
[ 1410724ms] [ERROR] ./app/(admin)/admin/ia/page.tsx:3:1
Module not found: Can't resolve './AiLogsClient'
  1 | import { createClient } from '@supabase/supabase-js'
  2 | import type { Metadata } from 'next'
> 3 | import { AiLogsClient } from './AiLogsClient'
    | ^^^^^^^^^^^^^^^^^^^^^^^^^^^^^^^^^^^^^^^^^^^^^
  4 |
  5 | export const metadata: Metadata = { title: 'Admin — Outils IA' }
  6 |

https://nextjs.org/docs/messages/module-not-found @ http://localhost:3000/_next/static/chunks/node_modules_next_dist_115brz8._.js:3272
[ 1410967ms] [ERROR] ./app/(admin)/admin/ia/page.tsx:3:1
Module not found: Can't resolve './AiLogsClient'
  1 | import { createClient } from '@supabase/supabase-js'
  2 | import type { Metadata } from 'next'
> 3 | import { AiLogsClient } from './AiLogsClient'
    | ^^^^^^^^^^^^^^^^^^^^^^^^^^^^^^^^^^^^^^^^^^^^^
  4 |
  5 | export const metadata: Metadata = { title: 'Admin — Outils IA' }
  6 |

https://nextjs.org/docs/messages/module-not-found @ http://localhost:3000/_next/static/chunks/node_modules_next_dist_115brz8._.js:3272
[ 1411299ms] [ERROR] ./app/(admin)/admin/ia/page.tsx:3:1
Module not found: Can't resolve './AiLogsClient'
  1 | import { createClient } from '@supabase/supabase-js'
  2 | import type { Metadata } from 'next'
> 3 | import { AiLogsClient } from './AiLogsClient'
    | ^^^^^^^^^^^^^^^^^^^^^^^^^^^^^^^^^^^^^^^^^^^^^
  4 |
  5 | export const metadata: Metadata = { title: 'Admin — Outils IA' }
  6 |

https://nextjs.org/docs/messages/module-not-found @ http://localhost:3000/_next/static/chunks/node_modules_next_dist_115brz8._.js:3272
[ 1411410ms] [LOG] [Fast Refresh] rebuilding @ http://localhost:3000/_next/static/chunks/node_modules_next_dist_115brz8._.js:2431
[ 1412868ms] [ERROR] ./app/(admin)/admin/ia/page.tsx:3:1
Module not found: Can't resolve './AiLogsClient'
  1 | import { createClient } from '@supabase/supabase-js'
  2 | import type { Metadata } from 'next'
> 3 | import { AiLogsClient } from './AiLogsClient'
    | ^^^^^^^^^^^^^^^^^^^^^^^^^^^^^^^^^^^^^^^^^^^^^
  4 |
  5 | export const metadata: Metadata = { title: 'Admin — Outils IA' }
  6 |

https://nextjs.org/docs/messages/module-not-found @ http://localhost:3000/_next/static/chunks/node_modules_next_dist_115brz8._.js:3272
[ 1412898ms] [ERROR] ./app/(admin)/admin/ia/page.tsx:3:1
Module not found: Can't resolve './AiLogsClient'
  1 | import { createClient } from '@supabase/supabase-js'
  2 | import type { Metadata } from 'next'
> 3 | import { AiLogsClient } from './AiLogsClient'
    | ^^^^^^^^^^^^^^^^^^^^^^^^^^^^^^^^^^^^^^^^^^^^^
  4 |
  5 | export const metadata: Metadata = { title: 'Admin — Outils IA' }
  6 |

https://nextjs.org/docs/messages/module-not-found @ http://localhost:3000/_next/static/chunks/node_modules_next_dist_115brz8._.js:3272
[ 1412914ms] [ERROR] ./app/(admin)/admin/ia/page.tsx:3:1
Module not found: Can't resolve './AiLogsClient'
  1 | import { createClient } from '@supabase/supabase-js'
  2 | import type { Metadata } from 'next'
> 3 | import { AiLogsClient } from './AiLogsClient'
    | ^^^^^^^^^^^^^^^^^^^^^^^^^^^^^^^^^^^^^^^^^^^^^
  4 |
  5 | export const metadata: Metadata = { title: 'Admin — Outils IA' }
  6 |

https://nextjs.org/docs/messages/module-not-found @ http://localhost:3000/_next/static/chunks/node_modules_next_dist_115brz8._.js:3272
[ 1412993ms] [ERROR] ./app/(admin)/admin/ia/page.tsx:3:1
Module not found: Can't resolve './AiLogsClient'
  1 | import { createClient } from '@supabase/supabase-js'
  2 | import type { Metadata } from 'next'
> 3 | import { AiLogsClient } from './AiLogsClient'
    | ^^^^^^^^^^^^^^^^^^^^^^^^^^^^^^^^^^^^^^^^^^^^^
  4 |
  5 | export const metadata: Metadata = { title: 'Admin — Outils IA' }
  6 |

https://nextjs.org/docs/messages/module-not-found @ http://localhost:3000/_next/static/chunks/node_modules_next_dist_115brz8._.js:3272
[ 1413115ms] [LOG] [Fast Refresh] rebuilding @ http://localhost:3000/_next/static/chunks/node_modules_next_dist_115brz8._.js:2431
[ 1413216ms] [ERROR] ./app/(admin)/admin/ia/page.tsx:3:1
Module not found: Can't resolve './AiLogsClient'
  1 | import { createClient } from '@supabase/supabase-js'
  2 | import type { Metadata } from 'next'
> 3 | import { AiLogsClient } from './AiLogsClient'
    | ^^^^^^^^^^^^^^^^^^^^^^^^^^^^^^^^^^^^^^^^^^^^^
  4 |
  5 | export const metadata: Metadata = { title: 'Admin — Outils IA' }
  6 |

https://nextjs.org/docs/messages/module-not-found @ http://localhost:3000/_next/static/chunks/node_modules_next_dist_115brz8._.js:3272
[ 1413223ms] [ERROR] ./app/(admin)/admin/ia/page.tsx:3:1
Module not found: Can't resolve './AiLogsClient'
  1 | import { createClient } from '@supabase/supabase-js'
  2 | import type { Metadata } from 'next'
> 3 | import { AiLogsClient } from './AiLogsClient'
    | ^^^^^^^^^^^^^^^^^^^^^^^^^^^^^^^^^^^^^^^^^^^^^
  4 |
  5 | export const metadata: Metadata = { title: 'Admin — Outils IA' }
  6 |

https://nextjs.org/docs/messages/module-not-found @ http://localhost:3000/_next/static/chunks/node_modules_next_dist_115brz8._.js:3272
[ 1413284ms] [ERROR] ./app/(admin)/admin/ia/page.tsx:3:1
Module not found: Can't resolve './AiLogsClient'
  1 | import { createClient } from '@supabase/supabase-js'
  2 | import type { Metadata } from 'next'
> 3 | import { AiLogsClient } from './AiLogsClient'
    | ^^^^^^^^^^^^^^^^^^^^^^^^^^^^^^^^^^^^^^^^^^^^^
  4 |
  5 | export const metadata: Metadata = { title: 'Admin — Outils IA' }
  6 |

https://nextjs.org/docs/messages/module-not-found @ http://localhost:3000/_next/static/chunks/node_modules_next_dist_115brz8._.js:3272
[ 1413356ms] [ERROR] ./app/(admin)/admin/ia/page.tsx:3:1
Module not found: Can't resolve './AiLogsClient'
  1 | import { createClient } from '@supabase/supabase-js'
  2 | import type { Metadata } from 'next'
> 3 | import { AiLogsClient } from './AiLogsClient'
    | ^^^^^^^^^^^^^^^^^^^^^^^^^^^^^^^^^^^^^^^^^^^^^
  4 |
  5 | export const metadata: Metadata = { title: 'Admin — Outils IA' }
  6 |

https://nextjs.org/docs/messages/module-not-found @ http://localhost:3000/_next/static/chunks/node_modules_next_dist_115brz8._.js:3272
[ 1413462ms] [LOG] [Fast Refresh] rebuilding @ http://localhost:3000/_next/static/chunks/node_modules_next_dist_115brz8._.js:2431
[ 1413495ms] [ERROR] ./app/(admin)/admin/ia/page.tsx:3:1
Module not found: Can't resolve './AiLogsClient'
  1 | import { createClient } from '@supabase/supabase-js'
  2 | import type { Metadata } from 'next'
> 3 | import { AiLogsClient } from './AiLogsClient'
    | ^^^^^^^^^^^^^^^^^^^^^^^^^^^^^^^^^^^^^^^^^^^^^
  4 |
  5 | export const metadata: Metadata = { title: 'Admin — Outils IA' }
  6 |

https://nextjs.org/docs/messages/module-not-found @ http://localhost:3000/_next/static/chunks/node_modules_next_dist_115brz8._.js:3272
[ 1413599ms] [LOG] [Fast Refresh] rebuilding @ http://localhost:3000/_next/static/chunks/node_modules_next_dist_115brz8._.js:2431
[ 1413734ms] [ERROR] ./app/(admin)/admin/ia/page.tsx:3:1
Module not found: Can't resolve './AiLogsClient'
  1 | import { createClient } from '@supabase/supabase-js'
  2 | import type { Metadata } from 'next'
> 3 | import { AiLogsClient } from './AiLogsClient'
    | ^^^^^^^^^^^^^^^^^^^^^^^^^^^^^^^^^^^^^^^^^^^^^
  4 |
  5 | export const metadata: Metadata = { title: 'Admin — Outils IA' }
  6 |

https://nextjs.org/docs/messages/module-not-found @ http://localhost:3000/_next/static/chunks/node_modules_next_dist_115brz8._.js:3272
[ 1413743ms] [ERROR] ./app/(admin)/admin/ia/page.tsx:3:1
Module not found: Can't resolve './AiLogsClient'
  1 | import { createClient } from '@supabase/supabase-js'
  2 | import type { Metadata } from 'next'
> 3 | import { AiLogsClient } from './AiLogsClient'
    | ^^^^^^^^^^^^^^^^^^^^^^^^^^^^^^^^^^^^^^^^^^^^^
  4 |
  5 | export const metadata: Metadata = { title: 'Admin — Outils IA' }
  6 |

https://nextjs.org/docs/messages/module-not-found @ http://localhost:3000/_next/static/chunks/node_modules_next_dist_115brz8._.js:3272
[ 1413849ms] [LOG] [Fast Refresh] rebuilding @ http://localhost:3000/_next/static/chunks/node_modules_next_dist_115brz8._.js:2431
[ 1414090ms] [ERROR] ./app/(admin)/admin/ia/page.tsx:3:1
Module not found: Can't resolve './AiLogsClient'
  1 | import { createClient } from '@supabase/supabase-js'
  2 | import type { Metadata } from 'next'
> 3 | import { AiLogsClient } from './AiLogsClient'
    | ^^^^^^^^^^^^^^^^^^^^^^^^^^^^^^^^^^^^^^^^^^^^^
  4 |
  5 | export const metadata: Metadata = { title: 'Admin — Outils IA' }
  6 |

https://nextjs.org/docs/messages/module-not-found @ http://localhost:3000/_next/static/chunks/node_modules_next_dist_115brz8._.js:3272
[ 1414157ms] [ERROR] ./app/(admin)/admin/ia/page.tsx:3:1
Module not found: Can't resolve './AiLogsClient'
  1 | import { createClient } from '@supabase/supabase-js'
  2 | import type { Metadata } from 'next'
> 3 | import { AiLogsClient } from './AiLogsClient'
    | ^^^^^^^^^^^^^^^^^^^^^^^^^^^^^^^^^^^^^^^^^^^^^
  4 |
  5 | export const metadata: Metadata = { title: 'Admin — Outils IA' }
  6 |

https://nextjs.org/docs/messages/module-not-found @ http://localhost:3000/_next/static/chunks/node_modules_next_dist_115brz8._.js:3272
[ 1414167ms] [ERROR] ./app/(admin)/admin/ia/page.tsx:3:1
Module not found: Can't resolve './AiLogsClient'
  1 | import { createClient } from '@supabase/supabase-js'
  2 | import type { Metadata } from 'next'
> 3 | import { AiLogsClient } from './AiLogsClient'
    | ^^^^^^^^^^^^^^^^^^^^^^^^^^^^^^^^^^^^^^^^^^^^^
  4 |
  5 | export const metadata: Metadata = { title: 'Admin — Outils IA' }
  6 |

https://nextjs.org/docs/messages/module-not-found @ http://localhost:3000/_next/static/chunks/node_modules_next_dist_115brz8._.js:3272
[ 1414279ms] [LOG] [Fast Refresh] rebuilding @ http://localhost:3000/_next/static/chunks/node_modules_next_dist_115brz8._.js:2431
[ 1414489ms] [ERROR] ./app/(admin)/admin/ia/page.tsx:3:1
Module not found: Can't resolve './AiLogsClient'
  1 | import { createClient } from '@supabase/supabase-js'
  2 | import type { Metadata } from 'next'
> 3 | import { AiLogsClient } from './AiLogsClient'
    | ^^^^^^^^^^^^^^^^^^^^^^^^^^^^^^^^^^^^^^^^^^^^^
  4 |
  5 | export const metadata: Metadata = { title: 'Admin — Outils IA' }
  6 |

https://nextjs.org/docs/messages/module-not-found @ http://localhost:3000/_next/static/chunks/node_modules_next_dist_115brz8._.js:3272
[ 1414497ms] [ERROR] ./app/(admin)/admin/ia/page.tsx:3:1
Module not found: Can't resolve './AiLogsClient'
  1 | import { createClient } from '@supabase/supabase-js'
  2 | import type { Metadata } from 'next'
> 3 | import { AiLogsClient } from './AiLogsClient'
    | ^^^^^^^^^^^^^^^^^^^^^^^^^^^^^^^^^^^^^^^^^^^^^
  4 |
  5 | export const metadata: Metadata = { title: 'Admin — Outils IA' }
  6 |

https://nextjs.org/docs/messages/module-not-found @ http://localhost:3000/_next/static/chunks/node_modules_next_dist_115brz8._.js:3272
[ 1414499ms] [ERROR] ./app/(admin)/admin/ia/page.tsx:3:1
Module not found: Can't resolve './AiLogsClient'
  1 | import { createClient } from '@supabase/supabase-js'
  2 | import type { Metadata } from 'next'
> 3 | import { AiLogsClient } from './AiLogsClient'
    | ^^^^^^^^^^^^^^^^^^^^^^^^^^^^^^^^^^^^^^^^^^^^^
  4 |
  5 | export const metadata: Metadata = { title: 'Admin — Outils IA' }
  6 |

https://nextjs.org/docs/messages/module-not-found @ http://localhost:3000/_next/static/chunks/node_modules_next_dist_115brz8._.js:3272
[ 1414502ms] [ERROR] ./app/(admin)/admin/ia/page.tsx:3:1
Module not found: Can't resolve './AiLogsClient'
  1 | import { createClient } from '@supabase/supabase-js'
  2 | import type { Metadata } from 'next'
> 3 | import { AiLogsClient } from './AiLogsClient'
    | ^^^^^^^^^^^^^^^^^^^^^^^^^^^^^^^^^^^^^^^^^^^^^
  4 |
  5 | export const metadata: Metadata = { title: 'Admin — Outils IA' }
  6 |

https://nextjs.org/docs/messages/module-not-found @ http://localhost:3000/_next/static/chunks/node_modules_next_dist_115brz8._.js:3272
[ 1414604ms] [LOG] [Fast Refresh] rebuilding @ http://localhost:3000/_next/static/chunks/node_modules_next_dist_115brz8._.js:2431
[ 1415017ms] [ERROR] ./app/(admin)/admin/ia/page.tsx:3:1
Module not found: Can't resolve './AiLogsClient'
  1 | import { createClient } from '@supabase/supabase-js'
  2 | import type { Metadata } from 'next'
> 3 | import { AiLogsClient } from './AiLogsClient'
    | ^^^^^^^^^^^^^^^^^^^^^^^^^^^^^^^^^^^^^^^^^^^^^
  4 |
  5 | export const metadata: Metadata = { title: 'Admin — Outils IA' }
  6 |

https://nextjs.org/docs/messages/module-not-found @ http://localhost:3000/_next/static/chunks/node_modules_next_dist_115brz8._.js:3272
[ 1415022ms] [ERROR] ./app/(admin)/admin/ia/page.tsx:3:1
Module not found: Can't resolve './AiLogsClient'
  1 | import { createClient } from '@supabase/supabase-js'
  2 | import type { Metadata } from 'next'
> 3 | import { AiLogsClient } from './AiLogsClient'
    | ^^^^^^^^^^^^^^^^^^^^^^^^^^^^^^^^^^^^^^^^^^^^^
  4 |
  5 | export const metadata: Metadata = { title: 'Admin — Outils IA' }
  6 |

https://nextjs.org/docs/messages/module-not-found @ http://localhost:3000/_next/static/chunks/node_modules_next_dist_115brz8._.js:3272
[ 1415029ms] [ERROR] ./app/(admin)/admin/ia/page.tsx:3:1
Module not found: Can't resolve './AiLogsClient'
  1 | import { createClient } from '@supabase/supabase-js'
  2 | import type { Metadata } from 'next'
> 3 | import { AiLogsClient } from './AiLogsClient'
    | ^^^^^^^^^^^^^^^^^^^^^^^^^^^^^^^^^^^^^^^^^^^^^
  4 |
  5 | export const metadata: Metadata = { title: 'Admin — Outils IA' }
  6 |

https://nextjs.org/docs/messages/module-not-found @ http://localhost:3000/_next/static/chunks/node_modules_next_dist_115brz8._.js:3272
[ 1415133ms] [LOG] [Fast Refresh] rebuilding @ http://localhost:3000/_next/static/chunks/node_modules_next_dist_115brz8._.js:2431
[ 1415579ms] [ERROR] ./app/(admin)/admin/ia/page.tsx:3:1
Module not found: Can't resolve './AiLogsClient'
  1 | import { createClient } from '@supabase/supabase-js'
  2 | import type { Metadata } from 'next'
> 3 | import { AiLogsClient } from './AiLogsClient'
    | ^^^^^^^^^^^^^^^^^^^^^^^^^^^^^^^^^^^^^^^^^^^^^
  4 |
  5 | export const metadata: Metadata = { title: 'Admin — Outils IA' }
  6 |

https://nextjs.org/docs/messages/module-not-found @ http://localhost:3000/_next/static/chunks/node_modules_next_dist_115brz8._.js:3272
[ 1415583ms] [ERROR] ./app/(admin)/admin/ia/page.tsx:3:1
Module not found: Can't resolve './AiLogsClient'
  1 | import { createClient } from '@supabase/supabase-js'
  2 | import type { Metadata } from 'next'
> 3 | import { AiLogsClient } from './AiLogsClient'
    | ^^^^^^^^^^^^^^^^^^^^^^^^^^^^^^^^^^^^^^^^^^^^^
  4 |
  5 | export const metadata: Metadata = { title: 'Admin — Outils IA' }
  6 |

https://nextjs.org/docs/messages/module-not-found @ http://localhost:3000/_next/static/chunks/node_modules_next_dist_115brz8._.js:3272
[ 1415695ms] [LOG] [Fast Refresh] rebuilding @ http://localhost:3000/_next/static/chunks/node_modules_next_dist_115brz8._.js:2431
[ 1416135ms] [ERROR] ./app/(admin)/admin/ia/page.tsx:3:1
Module not found: Can't resolve './AiLogsClient'
  1 | import { createClient } from '@supabase/supabase-js'
  2 | import type { Metadata } from 'next'
> 3 | import { AiLogsClient } from './AiLogsClient'
    | ^^^^^^^^^^^^^^^^^^^^^^^^^^^^^^^^^^^^^^^^^^^^^
  4 |
  5 | export const metadata: Metadata = { title: 'Admin — Outils IA' }
  6 |

https://nextjs.org/docs/messages/module-not-found @ http://localhost:3000/_next/static/chunks/node_modules_next_dist_115brz8._.js:3272
[ 1416139ms] [ERROR] ./app/(admin)/admin/ia/page.tsx:3:1
Module not found: Can't resolve './AiLogsClient'
  1 | import { createClient } from '@supabase/supabase-js'
  2 | import type { Metadata } from 'next'
> 3 | import { AiLogsClient } from './AiLogsClient'
    | ^^^^^^^^^^^^^^^^^^^^^^^^^^^^^^^^^^^^^^^^^^^^^
  4 |
  5 | export const metadata: Metadata = { title: 'Admin — Outils IA' }
  6 |

https://nextjs.org/docs/messages/module-not-found @ http://localhost:3000/_next/static/chunks/node_modules_next_dist_115brz8._.js:3272
[ 1416195ms] [ERROR] ./app/(admin)/admin/ia/page.tsx:3:1
Module not found: Can't resolve './AiLogsClient'
  1 | import { createClient } from '@supabase/supabase-js'
  2 | import type { Metadata } from 'next'
> 3 | import { AiLogsClient } from './AiLogsClient'
    | ^^^^^^^^^^^^^^^^^^^^^^^^^^^^^^^^^^^^^^^^^^^^^
  4 |
  5 | export const metadata: Metadata = { title: 'Admin — Outils IA' }
  6 |

https://nextjs.org/docs/messages/module-not-found @ http://localhost:3000/_next/static/chunks/node_modules_next_dist_115brz8._.js:3272
[ 1416304ms] [LOG] [Fast Refresh] rebuilding @ http://localhost:3000/_next/static/chunks/node_modules_next_dist_115brz8._.js:2431
[ 1416797ms] [ERROR] ./app/(admin)/admin/ia/page.tsx:3:1
Module not found: Can't resolve './AiLogsClient'
  1 | import { createClient } from '@supabase/supabase-js'
  2 | import type { Metadata } from 'next'
> 3 | import { AiLogsClient } from './AiLogsClient'
    | ^^^^^^^^^^^^^^^^^^^^^^^^^^^^^^^^^^^^^^^^^^^^^
  4 |
  5 | export const metadata: Metadata = { title: 'Admin — Outils IA' }
  6 |

https://nextjs.org/docs/messages/module-not-found @ http://localhost:3000/_next/static/chunks/node_modules_next_dist_115brz8._.js:3272
[ 1416815ms] [ERROR] ./app/(admin)/admin/ia/page.tsx:3:1
Module not found: Can't resolve './AiLogsClient'
  1 | import { createClient } from '@supabase/supabase-js'
  2 | import type { Metadata } from 'next'
> 3 | import { AiLogsClient } from './AiLogsClient'
    | ^^^^^^^^^^^^^^^^^^^^^^^^^^^^^^^^^^^^^^^^^^^^^
  4 |
  5 | export const metadata: Metadata = { title: 'Admin — Outils IA' }
  6 |

https://nextjs.org/docs/messages/module-not-found @ http://localhost:3000/_next/static/chunks/node_modules_next_dist_115brz8._.js:3272
[ 1416819ms] [ERROR] ./app/(admin)/admin/ia/page.tsx:3:1
Module not found: Can't resolve './AiLogsClient'
  1 | import { createClient } from '@supabase/supabase-js'
  2 | import type { Metadata } from 'next'
> 3 | import { AiLogsClient } from './AiLogsClient'
    | ^^^^^^^^^^^^^^^^^^^^^^^^^^^^^^^^^^^^^^^^^^^^^
  4 |
  5 | export const metadata: Metadata = { title: 'Admin — Outils IA' }
  6 |

https://nextjs.org/docs/messages/module-not-found @ http://localhost:3000/_next/static/chunks/node_modules_next_dist_115brz8._.js:3272
[ 1416825ms] [ERROR] ./app/(admin)/admin/ia/page.tsx:3:1
Module not found: Can't resolve './AiLogsClient'
  1 | import { createClient } from '@supabase/supabase-js'
  2 | import type { Metadata } from 'next'
> 3 | import { AiLogsClient } from './AiLogsClient'
    | ^^^^^^^^^^^^^^^^^^^^^^^^^^^^^^^^^^^^^^^^^^^^^
  4 |
  5 | export const metadata: Metadata = { title: 'Admin — Outils IA' }
  6 |

https://nextjs.org/docs/messages/module-not-found @ http://localhost:3000/_next/static/chunks/node_modules_next_dist_115brz8._.js:3272
[ 1416946ms] [LOG] [Fast Refresh] rebuilding @ http://localhost:3000/_next/static/chunks/node_modules_next_dist_115brz8._.js:2431
[ 1417444ms] [ERROR] ./app/(admin)/admin/ia/page.tsx:3:1
Module not found: Can't resolve './AiLogsClient'
  1 | import { createClient } from '@supabase/supabase-js'
  2 | import type { Metadata } from 'next'
> 3 | import { AiLogsClient } from './AiLogsClient'
    | ^^^^^^^^^^^^^^^^^^^^^^^^^^^^^^^^^^^^^^^^^^^^^
  4 |
  5 | export const metadata: Metadata = { title: 'Admin — Outils IA' }
  6 |

https://nextjs.org/docs/messages/module-not-found @ http://localhost:3000/_next/static/chunks/node_modules_next_dist_115brz8._.js:3272
[ 1417446ms] [ERROR] ./app/(admin)/admin/ia/page.tsx:3:1
Module not found: Can't resolve './AiLogsClient'
  1 | import { createClient } from '@supabase/supabase-js'
  2 | import type { Metadata } from 'next'
> 3 | import { AiLogsClient } from './AiLogsClient'
    | ^^^^^^^^^^^^^^^^^^^^^^^^^^^^^^^^^^^^^^^^^^^^^
  4 |
  5 | export const metadata: Metadata = { title: 'Admin — Outils IA' }
  6 |

https://nextjs.org/docs/messages/module-not-found @ http://localhost:3000/_next/static/chunks/node_modules_next_dist_115brz8._.js:3272
[ 1417451ms] [ERROR] ./app/(admin)/admin/ia/page.tsx:3:1
Module not found: Can't resolve './AiLogsClient'
  1 | import { createClient } from '@supabase/supabase-js'
  2 | import type { Metadata } from 'next'
> 3 | import { AiLogsClient } from './AiLogsClient'
    | ^^^^^^^^^^^^^^^^^^^^^^^^^^^^^^^^^^^^^^^^^^^^^
  4 |
  5 | export const metadata: Metadata = { title: 'Admin — Outils IA' }
  6 |

https://nextjs.org/docs/messages/module-not-found @ http://localhost:3000/_next/static/chunks/node_modules_next_dist_115brz8._.js:3272
[ 1417575ms] [LOG] [Fast Refresh] rebuilding @ http://localhost:3000/_next/static/chunks/node_modules_next_dist_115brz8._.js:2431
[ 1418344ms] [ERROR] ./app/(admin)/admin/ia/page.tsx:3:1
Module not found: Can't resolve './AiLogsClient'
  1 | import { createClient } from '@supabase/supabase-js'
  2 | import type { Metadata } from 'next'
> 3 | import { AiLogsClient } from './AiLogsClient'
    | ^^^^^^^^^^^^^^^^^^^^^^^^^^^^^^^^^^^^^^^^^^^^^
  4 |
  5 | export const metadata: Metadata = { title: 'Admin — Outils IA' }
  6 |

https://nextjs.org/docs/messages/module-not-found @ http://localhost:3000/_next/static/chunks/node_modules_next_dist_115brz8._.js:3272
[ 1418413ms] [ERROR] ./app/(admin)/admin/ia/page.tsx:3:1
Module not found: Can't resolve './AiLogsClient'
  1 | import { createClient } from '@supabase/supabase-js'
  2 | import type { Metadata } from 'next'
> 3 | import { AiLogsClient } from './AiLogsClient'
    | ^^^^^^^^^^^^^^^^^^^^^^^^^^^^^^^^^^^^^^^^^^^^^
  4 |
  5 | export const metadata: Metadata = { title: 'Admin — Outils IA' }
  6 |

https://nextjs.org/docs/messages/module-not-found @ http://localhost:3000/_next/static/chunks/node_modules_next_dist_115brz8._.js:3272
[ 1418415ms] [ERROR] ./app/(admin)/admin/ia/page.tsx:3:1
Module not found: Can't resolve './AiLogsClient'
  1 | import { createClient } from '@supabase/supabase-js'
  2 | import type { Metadata } from 'next'
> 3 | import { AiLogsClient } from './AiLogsClient'
    | ^^^^^^^^^^^^^^^^^^^^^^^^^^^^^^^^^^^^^^^^^^^^^
  4 |
  5 | export const metadata: Metadata = { title: 'Admin — Outils IA' }
  6 |

https://nextjs.org/docs/messages/module-not-found @ http://localhost:3000/_next/static/chunks/node_modules_next_dist_115brz8._.js:3272
[ 1418528ms] [LOG] [Fast Refresh] rebuilding @ http://localhost:3000/_next/static/chunks/node_modules_next_dist_115brz8._.js:2431
[ 1419096ms] [ERROR] Failed to load resource: the server responded with a status of 500 (Internal Server Error) @ http://localhost:3000/?_rsc=wnywt:0
[ 1419161ms] [ERROR] ./app/(admin)/admin/ia/page.tsx:3:1
Module not found: Can't resolve './AiLogsClient'
  1 | import { createClient } from '@supabase/supabase-js'
  2 | import type { Metadata } from 'next'
> 3 | import { AiLogsClient } from './AiLogsClient'
    | ^^^^^^^^^^^^^^^^^^^^^^^^^^^^^^^^^^^^^^^^^^^^^
  4 |
  5 | export const metadata: Metadata = { title: 'Admin — Outils IA' }
  6 |

https://nextjs.org/docs/messages/module-not-found @ http://localhost:3000/_next/static/chunks/node_modules_next_dist_115brz8._.js:3272
[ 1419164ms] [ERROR] ./app/(admin)/admin/ia/page.tsx:3:1
Module not found: Can't resolve './AiLogsClient'
  1 | import { createClient } from '@supabase/supabase-js'
  2 | import type { Metadata } from 'next'
> 3 | import { AiLogsClient } from './AiLogsClient'
    | ^^^^^^^^^^^^^^^^^^^^^^^^^^^^^^^^^^^^^^^^^^^^^
  4 |
  5 | export const metadata: Metadata = { title: 'Admin — Outils IA' }
  6 |

https://nextjs.org/docs/messages/module-not-found @ http://localhost:3000/_next/static/chunks/node_modules_next_dist_115brz8._.js:3272
[ 1419167ms] [ERROR] ./app/(admin)/admin/ia/page.tsx:3:1
Module not found: Can't resolve './AiLogsClient'
  1 | import { createClient } from '@supabase/supabase-js'
  2 | import type { Metadata } from 'next'
> 3 | import { AiLogsClient } from './AiLogsClient'
    | ^^^^^^^^^^^^^^^^^^^^^^^^^^^^^^^^^^^^^^^^^^^^^
  4 |
  5 | export const metadata: Metadata = { title: 'Admin — Outils IA' }
  6 |

https://nextjs.org/docs/messages/module-not-found @ http://localhost:3000/_next/static/chunks/node_modules_next_dist_115brz8._.js:3272
[ 1419316ms] [ERROR] ./app/(admin)/admin/ia/page.tsx:3:1
Module not found: Can't resolve './AiLogsClient'
  1 | import { createClient } from '@supabase/supabase-js'
  2 | import type { Metadata } from 'next'
> 3 | import { AiLogsClient } from './AiLogsClient'
    | ^^^^^^^^^^^^^^^^^^^^^^^^^^^^^^^^^^^^^^^^^^^^^
  4 |
  5 | export const metadata: Metadata = { title: 'Admin — Outils IA' }
  6 |

https://nextjs.org/docs/messages/module-not-found @ http://localhost:3000/_next/static/chunks/node_modules_next_dist_115brz8._.js:3272
[ 1419326ms] [ERROR] ./app/(admin)/admin/ia/page.tsx:3:1
Module not found: Can't resolve './AiLogsClient'
  1 | import { createClient } from '@supabase/supabase-js'
  2 | import type { Metadata } from 'next'
> 3 | import { AiLogsClient } from './AiLogsClient'
    | ^^^^^^^^^^^^^^^^^^^^^^^^^^^^^^^^^^^^^^^^^^^^^
  4 |
  5 | export const metadata: Metadata = { title: 'Admin — Outils IA' }
  6 |

https://nextjs.org/docs/messages/module-not-found @ http://localhost:3000/_next/static/chunks/node_modules_next_dist_115brz8._.js:3272
[ 1419370ms] [ERROR] ./app/(admin)/admin/ia/page.tsx:3:1
Module not found: Can't resolve './AiLogsClient'
  1 | import { createClient } from '@supabase/supabase-js'
  2 | import type { Metadata } from 'next'
> 3 | import { AiLogsClient } from './AiLogsClient'
    | ^^^^^^^^^^^^^^^^^^^^^^^^^^^^^^^^^^^^^^^^^^^^^
  4 |
  5 | export const metadata: Metadata = { title: 'Admin — Outils IA' }
  6 |

https://nextjs.org/docs/messages/module-not-found @ http://localhost:3000/_next/static/chunks/node_modules_next_dist_115brz8._.js:3272
[ 1419481ms] [ERROR] ./app/(admin)/admin/ia/page.tsx:3:1
Module not found: Can't resolve './AiLogsClient'
  1 | import { createClient } from '@supabase/supabase-js'
  2 | import type { Metadata } from 'next'
> 3 | import { AiLogsClient } from './AiLogsClient'
    | ^^^^^^^^^^^^^^^^^^^^^^^^^^^^^^^^^^^^^^^^^^^^^
  4 |
  5 | export const metadata: Metadata = { title: 'Admin — Outils IA' }
  6 |

https://nextjs.org/docs/messages/module-not-found @ http://localhost:3000/_next/static/chunks/node_modules_next_dist_115brz8._.js:3272
[ 1419495ms] [ERROR] ./app/(admin)/admin/ia/page.tsx:3:1
Module not found: Can't resolve './AiLogsClient'
  1 | import { createClient } from '@supabase/supabase-js'
  2 | import type { Metadata } from 'next'
> 3 | import { AiLogsClient } from './AiLogsClient'
    | ^^^^^^^^^^^^^^^^^^^^^^^^^^^^^^^^^^^^^^^^^^^^^
  4 |
  5 | export const metadata: Metadata = { title: 'Admin — Outils IA' }
  6 |

https://nextjs.org/docs/messages/module-not-found @ http://localhost:3000/_next/static/chunks/node_modules_next_dist_115brz8._.js:3272
[ 1419597ms] [ERROR] ./app/(admin)/admin/ia/page.tsx:3:1
Module not found: Can't resolve './AiLogsClient'
  1 | import { createClient } from '@supabase/supabase-js'
  2 | import type { Metadata } from 'next'
> 3 | import { AiLogsClient } from './AiLogsClient'
    | ^^^^^^^^^^^^^^^^^^^^^^^^^^^^^^^^^^^^^^^^^^^^^
  4 |
  5 | export const metadata: Metadata = { title: 'Admin — Outils IA' }
  6 |

https://nextjs.org/docs/messages/module-not-found @ http://localhost:3000/_next/static/chunks/node_modules_next_dist_115brz8._.js:3272
[ 1419794ms] [LOG] [Fast Refresh] rebuilding @ http://localhost:3000/_next/static/chunks/node_modules_next_dist_115brz8._.js:2431
[ 1419798ms] [ERROR] Failed to load resource: the server responded with a status of 500 (Internal Server Error) @ http://localhost:3000/?_rsc=wnywt:0
[ 1419813ms] [ERROR] ./app/(admin)/admin/ia/page.tsx:3:1
Module not found: Can't resolve './AiLogsClient'
  1 | import { createClient } from '@supabase/supabase-js'
  2 | import type { Metadata } from 'next'
> 3 | import { AiLogsClient } from './AiLogsClient'
    | ^^^^^^^^^^^^^^^^^^^^^^^^^^^^^^^^^^^^^^^^^^^^^
  4 |
  5 | export const metadata: Metadata = { title: 'Admin — Outils IA' }
  6 |

https://nextjs.org/docs/messages/module-not-found @ http://localhost:3000/_next/static/chunks/node_modules_next_dist_115brz8._.js:3272
[ 1419879ms] [ERROR] ./app/(admin)/admin/ia/page.tsx:3:1
Module not found: Can't resolve './AiLogsClient'
  1 | import { createClient } from '@supabase/supabase-js'
  2 | import type { Metadata } from 'next'
> 3 | import { AiLogsClient } from './AiLogsClient'
    | ^^^^^^^^^^^^^^^^^^^^^^^^^^^^^^^^^^^^^^^^^^^^^
  4 |
  5 | export const metadata: Metadata = { title: 'Admin — Outils IA' }
  6 |

https://nextjs.org/docs/messages/module-not-found @ http://localhost:3000/_next/static/chunks/node_modules_next_dist_115brz8._.js:3272
[ 1420000ms] [LOG] [Fast Refresh] rebuilding @ http://localhost:3000/_next/static/chunks/node_modules_next_dist_115brz8._.js:2431
[ 1420049ms] [ERROR] Failed to load resource: the server responded with a status of 500 (Internal Server Error) @ http://localhost:3000/?_rsc=wnywt:0
[ 1420059ms] [ERROR] Failed to load resource: the server responded with a status of 500 (Internal Server Error) @ http://localhost:3000/?_rsc=wnywt:0
[ 1420076ms] [ERROR] ./app/(admin)/admin/ia/page.tsx:3:1
Module not found: Can't resolve './AiLogsClient'
  1 | import { createClient } from '@supabase/supabase-js'
  2 | import type { Metadata } from 'next'
> 3 | import { AiLogsClient } from './AiLogsClient'
    | ^^^^^^^^^^^^^^^^^^^^^^^^^^^^^^^^^^^^^^^^^^^^^
  4 |
  5 | export const metadata: Metadata = { title: 'Admin — Outils IA' }
  6 |

https://nextjs.org/docs/messages/module-not-found @ http://localhost:3000/_next/static/chunks/node_modules_next_dist_115brz8._.js:3272
[ 1420181ms] [ERROR] Failed to load resource: the server responded with a status of 500 (Internal Server Error) @ http://localhost:3000/?_rsc=wnywt:0
[ 1420248ms] [LOG] [Fast Refresh] rebuilding @ http://localhost:3000/_next/static/chunks/node_modules_next_dist_115brz8._.js:2431
[ 1420260ms] [ERROR] ./app/(admin)/admin/ia/page.tsx:3:1
Module not found: Can't resolve './AiLogsClient'
  1 | import { createClient } from '@supabase/supabase-js'
  2 | import type { Metadata } from 'next'
> 3 | import { AiLogsClient } from './AiLogsClient'
    | ^^^^^^^^^^^^^^^^^^^^^^^^^^^^^^^^^^^^^^^^^^^^^
  4 |
  5 | export const metadata: Metadata = { title: 'Admin — Outils IA' }
  6 |

https://nextjs.org/docs/messages/module-not-found @ http://localhost:3000/_next/static/chunks/node_modules_next_dist_115brz8._.js:3272
[ 1420344ms] [ERROR] Failed to load resource: the server responded with a status of 500 (Internal Server Error) @ http://localhost:3000/?_rsc=wnywt:0
[ 1420362ms] [LOG] [Fast Refresh] rebuilding @ http://localhost:3000/_next/static/chunks/node_modules_next_dist_115brz8._.js:2431
[ 1420374ms] [ERROR] ./app/(admin)/admin/ia/page.tsx:3:1
Module not found: Can't resolve './AiLogsClient'
  1 | import { createClient } from '@supabase/supabase-js'
  2 | import type { Metadata } from 'next'
> 3 | import { AiLogsClient } from './AiLogsClient'
    | ^^^^^^^^^^^^^^^^^^^^^^^^^^^^^^^^^^^^^^^^^^^^^
  4 |
  5 | export const metadata: Metadata = { title: 'Admin — Outils IA' }
  6 |

https://nextjs.org/docs/messages/module-not-found @ http://localhost:3000/_next/static/chunks/node_modules_next_dist_115brz8._.js:3272
[ 1420396ms] [ERROR] Failed to load resource: the server responded with a status of 500 (Internal Server Error) @ http://localhost:3000/:0
[ 1421960ms] [INFO] %cDownload the React DevTools for a better development experience: https://react.dev/link/react-devtools font-weight:bold @ http://localhost:3000/_next/static/chunks/node_modules_react-dom_0bruynb._.js:15305
[ 1422446ms] Error: ./app/(admin)/admin/ia/page.tsx:3:1
Module not found: Can't resolve './AiLogsClient'
  1 | import { createClient } from '@supabase/supabase-js'
  2 | import type { Metadata } from 'next'
> 3 | import { AiLogsClient } from './AiLogsClient'
    | ^^^^^^^^^^^^^^^^^^^^^^^^^^^^^^^^^^^^^^^^^^^^^
  4 |
  5 | export const metadata: Metadata = { title: 'Admin — Outils IA' }
  6 |



https://nextjs.org/docs/messages/module-not-found


    at <unknown> (Error: ./app/(admin)/admin/ia/page.tsx:3:1)
    at <unknown> (https://nextjs.org/docs/messages/module-not-found)
    at Object.getCompilationErrors (file://C:\Users\HP\Documents\hedjav-web\node_modules\next\dist\server\dev\hot-reloader-turbopack.js:1186:59)
    at DevBundlerService.getCompilationError (file://C:\Users\HP\Documents\hedjav-web\node_modules\next\dist\server\lib\dev-bundler-service.js:44:55)
    at DevServer.getCompilationError (file://C:\Users\HP\Documents\hedjav-web\node_modules\next\dist\server\dev\next-dev-server.js:719:42)
    at DevServer.findPageComponents (file://C:\Users\HP\Documents\hedjav-web\node_modules\next\dist\server\dev\next-dev-server.js:689:43)
    at async DevServer.renderErrorToResponseImpl (file://C:\Users\HP\Documents\hedjav-web\node_modules\next\dist\server\base-server.js:1745:26)
[ 1422472ms] [LOG] [HMR] connected @ http://localhost:3000/_next/static/chunks/node_modules_next_dist_0u_w_5s._.js:1226
[ 1422550ms] [ERROR] ./app/(admin)/admin/ia/page.tsx:3:1
Module not found: Can't resolve './AiLogsClient'
  1 | import { createClient } from '@supabase/supabase-js'
  2 | import type { Metadata } from 'next'
> 3 | import { AiLogsClient } from './AiLogsClient'
    | ^^^^^^^^^^^^^^^^^^^^^^^^^^^^^^^^^^^^^^^^^^^^^
  4 |
  5 | export const metadata: Metadata = { title: 'Admin — Outils IA' }
  6 |

https://nextjs.org/docs/messages/module-not-found @ http://localhost:3000/_next/static/chunks/node_modules_next_dist_0u_w_5s._.js:1945
[ 1422574ms] [ERROR] ./app/(admin)/admin/ia/page.tsx:3:1
Module not found: Can't resolve './AiLogsClient'
  1 | import { createClient } from '@supabase/supabase-js'
  2 | import type { Metadata } from 'next'
> 3 | import { AiLogsClient } from './AiLogsClient'
    | ^^^^^^^^^^^^^^^^^^^^^^^^^^^^^^^^^^^^^^^^^^^^^
  4 |
  5 | export const metadata: Metadata = { title: 'Admin — Outils IA' }
  6 |

https://nextjs.org/docs/messages/module-not-found @ http://localhost:3000/_next/static/chunks/node_modules_next_dist_0u_w_5s._.js:1945
[ 1422576ms] [ERROR] ./app/(admin)/admin/ia/page.tsx:3:1
Module not found: Can't resolve './AiLogsClient'
  1 | import { createClient } from '@supabase/supabase-js'
  2 | import type { Metadata } from 'next'
> 3 | import { AiLogsClient } from './AiLogsClient'
    | ^^^^^^^^^^^^^^^^^^^^^^^^^^^^^^^^^^^^^^^^^^^^^
  4 |
  5 | export const metadata: Metadata = { title: 'Admin — Outils IA' }
  6 |

https://nextjs.org/docs/messages/module-not-found @ http://localhost:3000/_next/static/chunks/node_modules_next_dist_0u_w_5s._.js:1945
[ 1422620ms] [ERROR] ./app/(admin)/admin/ia/page.tsx:3:1
Module not found: Can't resolve './AiLogsClient'
  1 | import { createClient } from '@supabase/supabase-js'
  2 | import type { Metadata } from 'next'
> 3 | import { AiLogsClient } from './AiLogsClient'
    | ^^^^^^^^^^^^^^^^^^^^^^^^^^^^^^^^^^^^^^^^^^^^^
  4 |
  5 | export const metadata: Metadata = { title: 'Admin — Outils IA' }
  6 |

https://nextjs.org/docs/messages/module-not-found @ http://localhost:3000/_next/static/chunks/node_modules_next_dist_0u_w_5s._.js:1945
[ 1422780ms] [LOG] [Fast Refresh] rebuilding @ http://localhost:3000/_next/static/chunks/node_modules_next_dist_0u_w_5s._.js:1226
[ 1422791ms] [ERROR] ./app/(admin)/admin/ia/page.tsx:3:1
Module not found: Can't resolve './AiLogsClient'
  1 | import { createClient } from '@supabase/supabase-js'
  2 | import type { Metadata } from 'next'
> 3 | import { AiLogsClient } from './AiLogsClient'
    | ^^^^^^^^^^^^^^^^^^^^^^^^^^^^^^^^^^^^^^^^^^^^^
  4 |
  5 | export const metadata: Metadata = { title: 'Admin — Outils IA' }
  6 |

https://nextjs.org/docs/messages/module-not-found @ http://localhost:3000/_next/static/chunks/node_modules_next_dist_0u_w_5s._.js:1945
[ 1422906ms] [ERROR] ./app/(admin)/admin/ia/page.tsx:3:1
Module not found: Can't resolve './AiLogsClient'
  1 | import { createClient } from '@supabase/supabase-js'
  2 | import type { Metadata } from 'next'
> 3 | import { AiLogsClient } from './AiLogsClient'
    | ^^^^^^^^^^^^^^^^^^^^^^^^^^^^^^^^^^^^^^^^^^^^^
  4 |
  5 | export const metadata: Metadata = { title: 'Admin — Outils IA' }
  6 |

https://nextjs.org/docs/messages/module-not-found @ http://localhost:3000/_next/static/chunks/node_modules_next_dist_0u_w_5s._.js:1945
[ 1422907ms] [LOG] [Fast Refresh] rebuilding @ http://localhost:3000/_next/static/chunks/node_modules_next_dist_0u_w_5s._.js:1226
[ 1423074ms] [LOG] [Fast Refresh] rebuilding @ http://localhost:3000/_next/static/chunks/node_modules_next_dist_0u_w_5s._.js:1226
[ 1423082ms] [ERROR] ./app/(admin)/admin/ia/page.tsx:3:1
Module not found: Can't resolve './AiLogsClient'
  1 | import { createClient } from '@supabase/supabase-js'
  2 | import type { Metadata } from 'next'
> 3 | import { AiLogsClient } from './AiLogsClient'
    | ^^^^^^^^^^^^^^^^^^^^^^^^^^^^^^^^^^^^^^^^^^^^^
  4 |
  5 | export const metadata: Metadata = { title: 'Admin — Outils IA' }
  6 |

https://nextjs.org/docs/messages/module-not-found @ http://localhost:3000/_next/static/chunks/node_modules_next_dist_0u_w_5s._.js:1945
[ 1423177ms] [ERROR] ./app/(admin)/admin/ia/page.tsx:3:1
Module not found: Can't resolve './AiLogsClient'
  1 | import { createClient } from '@supabase/supabase-js'
  2 | import type { Metadata } from 'next'
> 3 | import { AiLogsClient } from './AiLogsClient'
    | ^^^^^^^^^^^^^^^^^^^^^^^^^^^^^^^^^^^^^^^^^^^^^
  4 |
  5 | export const metadata: Metadata = { title: 'Admin — Outils IA' }
  6 |

https://nextjs.org/docs/messages/module-not-found @ http://localhost:3000/_next/static/chunks/node_modules_next_dist_0u_w_5s._.js:1945
[ 1423258ms] [ERROR] ./app/(admin)/admin/ia/page.tsx:3:1
Module not found: Can't resolve './AiLogsClient'
  1 | import { createClient } from '@supabase/supabase-js'
  2 | import type { Metadata } from 'next'
> 3 | import { AiLogsClient } from './AiLogsClient'
    | ^^^^^^^^^^^^^^^^^^^^^^^^^^^^^^^^^^^^^^^^^^^^^
  4 |
  5 | export const metadata: Metadata = { title: 'Admin — Outils IA' }
  6 |

https://nextjs.org/docs/messages/module-not-found @ http://localhost:3000/_next/static/chunks/node_modules_next_dist_0u_w_5s._.js:1945
[ 1423334ms] [ERROR] ./app/(admin)/admin/ia/page.tsx:3:1
Module not found: Can't resolve './AiLogsClient'
  1 | import { createClient } from '@supabase/supabase-js'
  2 | import type { Metadata } from 'next'
> 3 | import { AiLogsClient } from './AiLogsClient'
    | ^^^^^^^^^^^^^^^^^^^^^^^^^^^^^^^^^^^^^^^^^^^^^
  4 |
  5 | export const metadata: Metadata = { title: 'Admin — Outils IA' }
  6 |

https://nextjs.org/docs/messages/module-not-found @ http://localhost:3000/_next/static/chunks/node_modules_next_dist_0u_w_5s._.js:1945
[ 1423570ms] [LOG] [Fast Refresh] rebuilding @ http://localhost:3000/_next/static/chunks/node_modules_next_dist_0u_w_5s._.js:1226
[ 1423583ms] [ERROR] ./app/(admin)/admin/ia/page.tsx:3:1
Module not found: Can't resolve './AiLogsClient'
  1 | import { createClient } from '@supabase/supabase-js'
  2 | import type { Metadata } from 'next'
> 3 | import { AiLogsClient } from './AiLogsClient'
    | ^^^^^^^^^^^^^^^^^^^^^^^^^^^^^^^^^^^^^^^^^^^^^
  4 |
  5 | export const metadata: Metadata = { title: 'Admin — Outils IA' }
  6 |

https://nextjs.org/docs/messages/module-not-found @ http://localhost:3000/_next/static/chunks/node_modules_next_dist_0u_w_5s._.js:1945
[ 1423590ms] [ERROR] ./app/(admin)/admin/ia/page.tsx:3:1
Module not found: Can't resolve './AiLogsClient'
  1 | import { createClient } from '@supabase/supabase-js'
  2 | import type { Metadata } from 'next'
> 3 | import { AiLogsClient } from './AiLogsClient'
    | ^^^^^^^^^^^^^^^^^^^^^^^^^^^^^^^^^^^^^^^^^^^^^
  4 |
  5 | export const metadata: Metadata = { title: 'Admin — Outils IA' }
  6 |

https://nextjs.org/docs/messages/module-not-found @ http://localhost:3000/_next/static/chunks/node_modules_next_dist_0u_w_5s._.js:1945
[ 1423742ms] [LOG] [Fast Refresh] rebuilding @ http://localhost:3000/_next/static/chunks/node_modules_next_dist_0u_w_5s._.js:1226
[ 1424072ms] [ERROR] ./app/(admin)/admin/ia/page.tsx:3:1
Module not found: Can't resolve './AiLogsClient'
  1 | import { createClient } from '@supabase/supabase-js'
  2 | import type { Metadata } from 'next'
> 3 | import { AiLogsClient } from './AiLogsClient'
    | ^^^^^^^^^^^^^^^^^^^^^^^^^^^^^^^^^^^^^^^^^^^^^
  4 |
  5 | export const metadata: Metadata = { title: 'Admin — Outils IA' }
  6 |

https://nextjs.org/docs/messages/module-not-found @ http://localhost:3000/_next/static/chunks/node_modules_next_dist_0u_w_5s._.js:1945
[ 1424187ms] [ERROR] ./app/(admin)/admin/ia/page.tsx:3:1
Module not found: Can't resolve './AiLogsClient'
  1 | import { createClient } from '@supabase/supabase-js'
  2 | import type { Metadata } from 'next'
> 3 | import { AiLogsClient } from './AiLogsClient'
    | ^^^^^^^^^^^^^^^^^^^^^^^^^^^^^^^^^^^^^^^^^^^^^
  4 |
  5 | export const metadata: Metadata = { title: 'Admin — Outils IA' }
  6 |

https://nextjs.org/docs/messages/module-not-found @ http://localhost:3000/_next/static/chunks/node_modules_next_dist_0u_w_5s._.js:1945
[ 1424291ms] [ERROR] ./app/(admin)/admin/ia/page.tsx:3:1
Module not found: Can't resolve './AiLogsClient'
  1 | import { createClient } from '@supabase/supabase-js'
  2 | import type { Metadata } from 'next'
> 3 | import { AiLogsClient } from './AiLogsClient'
    | ^^^^^^^^^^^^^^^^^^^^^^^^^^^^^^^^^^^^^^^^^^^^^
  4 |
  5 | export const metadata: Metadata = { title: 'Admin — Outils IA' }
  6 |

https://nextjs.org/docs/messages/module-not-found @ http://localhost:3000/_next/static/chunks/node_modules_next_dist_0u_w_5s._.js:1945
[ 1424319ms] [LOG] [Fast Refresh] rebuilding @ http://localhost:3000/_next/static/chunks/node_modules_next_dist_0u_w_5s._.js:1226
[ 1424415ms] [ERROR] ./app/(admin)/admin/ia/page.tsx:3:1
Module not found: Can't resolve './AiLogsClient'
  1 | import { createClient } from '@supabase/supabase-js'
  2 | import type { Metadata } from 'next'
> 3 | import { AiLogsClient } from './AiLogsClient'
    | ^^^^^^^^^^^^^^^^^^^^^^^^^^^^^^^^^^^^^^^^^^^^^
  4 |
  5 | export const metadata: Metadata = { title: 'Admin — Outils IA' }
  6 |

https://nextjs.org/docs/messages/module-not-found @ http://localhost:3000/_next/static/chunks/node_modules_next_dist_0u_w_5s._.js:1945
[ 1424441ms] [LOG] [Fast Refresh] rebuilding @ http://localhost:3000/_next/static/chunks/node_modules_next_dist_0u_w_5s._.js:1226
[ 1424558ms] [ERROR] ./app/(admin)/admin/ia/page.tsx:3:1
Module not found: Can't resolve './AiLogsClient'
  1 | import { createClient } from '@supabase/supabase-js'
  2 | import type { Metadata } from 'next'
> 3 | import { AiLogsClient } from './AiLogsClient'
    | ^^^^^^^^^^^^^^^^^^^^^^^^^^^^^^^^^^^^^^^^^^^^^
  4 |
  5 | export const metadata: Metadata = { title: 'Admin — Outils IA' }
  6 |

https://nextjs.org/docs/messages/module-not-found @ http://localhost:3000/_next/static/chunks/node_modules_next_dist_0u_w_5s._.js:1945
[ 1424569ms] [LOG] [Fast Refresh] rebuilding @ http://localhost:3000/_next/static/chunks/node_modules_next_dist_0u_w_5s._.js:1226
[ 1424675ms] [ERROR] ./app/(admin)/admin/ia/page.tsx:3:1
Module not found: Can't resolve './AiLogsClient'
  1 | import { createClient } from '@supabase/supabase-js'
  2 | import type { Metadata } from 'next'
> 3 | import { AiLogsClient } from './AiLogsClient'
    | ^^^^^^^^^^^^^^^^^^^^^^^^^^^^^^^^^^^^^^^^^^^^^
  4 |
  5 | export const metadata: Metadata = { title: 'Admin — Outils IA' }
  6 |

https://nextjs.org/docs/messages/module-not-found @ http://localhost:3000/_next/static/chunks/node_modules_next_dist_0u_w_5s._.js:1945
[ 1424722ms] [LOG] [Fast Refresh] rebuilding @ http://localhost:3000/_next/static/chunks/node_modules_next_dist_0u_w_5s._.js:1226
[ 1424841ms] [ERROR] ./app/(admin)/admin/ia/page.tsx:3:1
Module not found: Can't resolve './AiLogsClient'
  1 | import { createClient } from '@supabase/supabase-js'
  2 | import type { Metadata } from 'next'
> 3 | import { AiLogsClient } from './AiLogsClient'
    | ^^^^^^^^^^^^^^^^^^^^^^^^^^^^^^^^^^^^^^^^^^^^^
  4 |
  5 | export const metadata: Metadata = { title: 'Admin — Outils IA' }
  6 |

https://nextjs.org/docs/messages/module-not-found @ http://localhost:3000/_next/static/chunks/node_modules_next_dist_0u_w_5s._.js:1945
[ 1424846ms] [ERROR] ./app/(admin)/admin/ia/page.tsx:3:1
Module not found: Can't resolve './AiLogsClient'
  1 | import { createClient } from '@supabase/supabase-js'
  2 | import type { Metadata } from 'next'
> 3 | import { AiLogsClient } from './AiLogsClient'
    | ^^^^^^^^^^^^^^^^^^^^^^^^^^^^^^^^^^^^^^^^^^^^^
  4 |
  5 | export const metadata: Metadata = { title: 'Admin — Outils IA' }
  6 |

https://nextjs.org/docs/messages/module-not-found @ http://localhost:3000/_next/static/chunks/node_modules_next_dist_0u_w_5s._.js:1945
[ 1424953ms] [ERROR] ./app/(admin)/admin/ia/page.tsx:3:1
Module not found: Can't resolve './AiLogsClient'
  1 | import { createClient } from '@supabase/supabase-js'
  2 | import type { Metadata } from 'next'
> 3 | import { AiLogsClient } from './AiLogsClient'
    | ^^^^^^^^^^^^^^^^^^^^^^^^^^^^^^^^^^^^^^^^^^^^^
  4 |
  5 | export const metadata: Metadata = { title: 'Admin — Outils IA' }
  6 |

https://nextjs.org/docs/messages/module-not-found @ http://localhost:3000/_next/static/chunks/node_modules_next_dist_0u_w_5s._.js:1945
[ 1425082ms] [ERROR] ./app/(admin)/admin/ia/page.tsx:3:1
Module not found: Can't resolve './AiLogsClient'
  1 | import { createClient } from '@supabase/supabase-js'
  2 | import type { Metadata } from 'next'
> 3 | import { AiLogsClient } from './AiLogsClient'
    | ^^^^^^^^^^^^^^^^^^^^^^^^^^^^^^^^^^^^^^^^^^^^^
  4 |
  5 | export const metadata: Metadata = { title: 'Admin — Outils IA' }
  6 |

https://nextjs.org/docs/messages/module-not-found @ http://localhost:3000/_next/static/chunks/node_modules_next_dist_0u_w_5s._.js:1945
[ 1425179ms] [LOG] [Fast Refresh] rebuilding @ http://localhost:3000/_next/static/chunks/node_modules_next_dist_0u_w_5s._.js:1226
[ 1425227ms] [ERROR] ./app/(admin)/admin/ia/page.tsx:3:1
Module not found: Can't resolve './AiLogsClient'
  1 | import { createClient } from '@supabase/supabase-js'
  2 | import type { Metadata } from 'next'
> 3 | import { AiLogsClient } from './AiLogsClient'
    | ^^^^^^^^^^^^^^^^^^^^^^^^^^^^^^^^^^^^^^^^^^^^^
  4 |
  5 | export const metadata: Metadata = { title: 'Admin — Outils IA' }
  6 |

https://nextjs.org/docs/messages/module-not-found @ http://localhost:3000/_next/static/chunks/node_modules_next_dist_0u_w_5s._.js:1945
[ 1425338ms] [LOG] [Fast Refresh] rebuilding @ http://localhost:3000/_next/static/chunks/node_modules_next_dist_0u_w_5s._.js:1226
[ 1425439ms] [ERROR] ./app/(admin)/admin/ia/page.tsx:3:1
Module not found: Can't resolve './AiLogsClient'
  1 | import { createClient } from '@supabase/supabase-js'
  2 | import type { Metadata } from 'next'
> 3 | import { AiLogsClient } from './AiLogsClient'
    | ^^^^^^^^^^^^^^^^^^^^^^^^^^^^^^^^^^^^^^^^^^^^^
  4 |
  5 | export const metadata: Metadata = { title: 'Admin — Outils IA' }
  6 |

https://nextjs.org/docs/messages/module-not-found @ http://localhost:3000/_next/static/chunks/node_modules_next_dist_0u_w_5s._.js:1945
[ 1425441ms] [ERROR] ./app/(admin)/admin/ia/page.tsx:3:1
Module not found: Can't resolve './AiLogsClient'
  1 | import { createClient } from '@supabase/supabase-js'
  2 | import type { Metadata } from 'next'
> 3 | import { AiLogsClient } from './AiLogsClient'
    | ^^^^^^^^^^^^^^^^^^^^^^^^^^^^^^^^^^^^^^^^^^^^^
  4 |
  5 | export const metadata: Metadata = { title: 'Admin — Outils IA' }
  6 |

https://nextjs.org/docs/messages/module-not-found @ http://localhost:3000/_next/static/chunks/node_modules_next_dist_0u_w_5s._.js:1945
[ 1425547ms] [LOG] [Fast Refresh] rebuilding @ http://localhost:3000/_next/static/chunks/node_modules_next_dist_0u_w_5s._.js:1226
[ 1425729ms] [ERROR] ./app/(admin)/admin/ia/page.tsx:3:1
Module not found: Can't resolve './AiLogsClient'
  1 | import { createClient } from '@supabase/supabase-js'
  2 | import type { Metadata } from 'next'
> 3 | import { AiLogsClient } from './AiLogsClient'
    | ^^^^^^^^^^^^^^^^^^^^^^^^^^^^^^^^^^^^^^^^^^^^^
  4 |
  5 | export const metadata: Metadata = { title: 'Admin — Outils IA' }
  6 |

https://nextjs.org/docs/messages/module-not-found @ http://localhost:3000/_next/static/chunks/node_modules_next_dist_0u_w_5s._.js:1945
[ 1425734ms] [ERROR] ./app/(admin)/admin/ia/page.tsx:3:1
Module not found: Can't resolve './AiLogsClient'
  1 | import { createClient } from '@supabase/supabase-js'
  2 | import type { Metadata } from 'next'
> 3 | import { AiLogsClient } from './AiLogsClient'
    | ^^^^^^^^^^^^^^^^^^^^^^^^^^^^^^^^^^^^^^^^^^^^^
  4 |
  5 | export const metadata: Metadata = { title: 'Admin — Outils IA' }
  6 |

https://nextjs.org/docs/messages/module-not-found @ http://localhost:3000/_next/static/chunks/node_modules_next_dist_0u_w_5s._.js:1945
[ 1425741ms] [ERROR] ./app/(admin)/admin/ia/page.tsx:3:1
Module not found: Can't resolve './AiLogsClient'
  1 | import { createClient } from '@supabase/supabase-js'
  2 | import type { Metadata } from 'next'
> 3 | import { AiLogsClient } from './AiLogsClient'
    | ^^^^^^^^^^^^^^^^^^^^^^^^^^^^^^^^^^^^^^^^^^^^^
  4 |
  5 | export const metadata: Metadata = { title: 'Admin — Outils IA' }
  6 |

https://nextjs.org/docs/messages/module-not-found @ http://localhost:3000/_next/static/chunks/node_modules_next_dist_0u_w_5s._.js:1945
[ 1425840ms] [LOG] [Fast Refresh] rebuilding @ http://localhost:3000/_next/static/chunks/node_modules_next_dist_0u_w_5s._.js:1226
[ 1425924ms] [ERROR] ./app/(admin)/admin/ia/page.tsx:3:1
Module not found: Can't resolve './AiLogsClient'
  1 | import { createClient } from '@supabase/supabase-js'
  2 | import type { Metadata } from 'next'
> 3 | import { AiLogsClient } from './AiLogsClient'
    | ^^^^^^^^^^^^^^^^^^^^^^^^^^^^^^^^^^^^^^^^^^^^^
  4 |
  5 | export const metadata: Metadata = { title: 'Admin — Outils IA' }
  6 |

https://nextjs.org/docs/messages/module-not-found @ http://localhost:3000/_next/static/chunks/node_modules_next_dist_0u_w_5s._.js:1945
[ 1426042ms] [LOG] [Fast Refresh] rebuilding @ http://localhost:3000/_next/static/chunks/node_modules_next_dist_0u_w_5s._.js:1226
[ 1426079ms] [ERROR] ./app/(admin)/admin/ia/page.tsx:3:1
Module not found: Can't resolve './AiLogsClient'
  1 | import { createClient } from '@supabase/supabase-js'
  2 | import type { Metadata } from 'next'
> 3 | import { AiLogsClient } from './AiLogsClient'
    | ^^^^^^^^^^^^^^^^^^^^^^^^^^^^^^^^^^^^^^^^^^^^^
  4 |
  5 | export const metadata: Metadata = { title: 'Admin — Outils IA' }
  6 |

https://nextjs.org/docs/messages/module-not-found @ http://localhost:3000/_next/static/chunks/node_modules_next_dist_0u_w_5s._.js:1945
[ 1426092ms] [ERROR] ./app/(admin)/admin/ia/page.tsx:3:1
Module not found: Can't resolve './AiLogsClient'
  1 | import { createClient } from '@supabase/supabase-js'
  2 | import type { Metadata } from 'next'
> 3 | import { AiLogsClient } from './AiLogsClient'
    | ^^^^^^^^^^^^^^^^^^^^^^^^^^^^^^^^^^^^^^^^^^^^^
  4 |
  5 | export const metadata: Metadata = { title: 'Admin — Outils IA' }
  6 |

https://nextjs.org/docs/messages/module-not-found @ http://localhost:3000/_next/static/chunks/node_modules_next_dist_0u_w_5s._.js:1945
[ 1426122ms] [ERROR] ./app/(admin)/admin/ia/page.tsx:3:1
Module not found: Can't resolve './AiLogsClient'
  1 | import { createClient } from '@supabase/supabase-js'
  2 | import type { Metadata } from 'next'
> 3 | import { AiLogsClient } from './AiLogsClient'
    | ^^^^^^^^^^^^^^^^^^^^^^^^^^^^^^^^^^^^^^^^^^^^^
  4 |
  5 | export const metadata: Metadata = { title: 'Admin — Outils IA' }
  6 |

https://nextjs.org/docs/messages/module-not-found @ http://localhost:3000/_next/static/chunks/node_modules_next_dist_0u_w_5s._.js:1945
[ 1426188ms] [ERROR] ./app/(admin)/admin/ia/page.tsx:3:1
Module not found: Can't resolve './AiLogsClient'
  1 | import { createClient } from '@supabase/supabase-js'
  2 | import type { Metadata } from 'next'
> 3 | import { AiLogsClient } from './AiLogsClient'
    | ^^^^^^^^^^^^^^^^^^^^^^^^^^^^^^^^^^^^^^^^^^^^^
  4 |
  5 | export const metadata: Metadata = { title: 'Admin — Outils IA' }
  6 |

https://nextjs.org/docs/messages/module-not-found @ http://localhost:3000/_next/static/chunks/node_modules_next_dist_0u_w_5s._.js:1945
[ 1426315ms] [ERROR] ./app/(admin)/admin/ia/page.tsx:3:1
Module not found: Can't resolve './AiLogsClient'
  1 | import { createClient } from '@supabase/supabase-js'
  2 | import type { Metadata } from 'next'
> 3 | import { AiLogsClient } from './AiLogsClient'
    | ^^^^^^^^^^^^^^^^^^^^^^^^^^^^^^^^^^^^^^^^^^^^^
  4 |
  5 | export const metadata: Metadata = { title: 'Admin — Outils IA' }
  6 |

https://nextjs.org/docs/messages/module-not-found @ http://localhost:3000/_next/static/chunks/node_modules_next_dist_0u_w_5s._.js:1945
[ 1426333ms] [LOG] [Fast Refresh] rebuilding @ http://localhost:3000/_next/static/chunks/node_modules_next_dist_0u_w_5s._.js:1226
[ 1426439ms] [ERROR] ./app/(admin)/admin/ia/page.tsx:3:1
Module not found: Can't resolve './AiLogsClient'
  1 | import { createClient } from '@supabase/supabase-js'
  2 | import type { Metadata } from 'next'
> 3 | import { AiLogsClient } from './AiLogsClient'
    | ^^^^^^^^^^^^^^^^^^^^^^^^^^^^^^^^^^^^^^^^^^^^^
  4 |
  5 | export const metadata: Metadata = { title: 'Admin — Outils IA' }
  6 |

https://nextjs.org/docs/messages/module-not-found @ http://localhost:3000/_next/static/chunks/node_modules_next_dist_0u_w_5s._.js:1945
[ 1426442ms] [LOG] [Fast Refresh] rebuilding @ http://localhost:3000/_next/static/chunks/node_modules_next_dist_0u_w_5s._.js:1226
[ 1426546ms] [ERROR] ./app/(admin)/admin/ia/page.tsx:3:1
Module not found: Can't resolve './AiLogsClient'
  1 | import { createClient } from '@supabase/supabase-js'
  2 | import type { Metadata } from 'next'
> 3 | import { AiLogsClient } from './AiLogsClient'
    | ^^^^^^^^^^^^^^^^^^^^^^^^^^^^^^^^^^^^^^^^^^^^^
  4 |
  5 | export const metadata: Metadata = { title: 'Admin — Outils IA' }
  6 |

https://nextjs.org/docs/messages/module-not-found @ http://localhost:3000/_next/static/chunks/node_modules_next_dist_0u_w_5s._.js:1945
[ 1426663ms] [ERROR] ./app/(admin)/admin/ia/page.tsx:3:1
Module not found: Can't resolve './AiLogsClient'
  1 | import { createClient } from '@supabase/supabase-js'
  2 | import type { Metadata } from 'next'
> 3 | import { AiLogsClient } from './AiLogsClient'
    | ^^^^^^^^^^^^^^^^^^^^^^^^^^^^^^^^^^^^^^^^^^^^^
  4 |
  5 | export const metadata: Metadata = { title: 'Admin — Outils IA' }
  6 |

https://nextjs.org/docs/messages/module-not-found @ http://localhost:3000/_next/static/chunks/node_modules_next_dist_0u_w_5s._.js:1945
[ 1426693ms] [LOG] [Fast Refresh] rebuilding @ http://localhost:3000/_next/static/chunks/node_modules_next_dist_0u_w_5s._.js:1226
[ 1426781ms] [ERROR] ./app/(admin)/admin/ia/page.tsx:3:1
Module not found: Can't resolve './AiLogsClient'
  1 | import { createClient } from '@supabase/supabase-js'
  2 | import type { Metadata } from 'next'
> 3 | import { AiLogsClient } from './AiLogsClient'
    | ^^^^^^^^^^^^^^^^^^^^^^^^^^^^^^^^^^^^^^^^^^^^^
  4 |
  5 | export const metadata: Metadata = { title: 'Admin — Outils IA' }
  6 |

https://nextjs.org/docs/messages/module-not-found @ http://localhost:3000/_next/static/chunks/node_modules_next_dist_0u_w_5s._.js:1945
[ 1426818ms] [LOG] [Fast Refresh] rebuilding @ http://localhost:3000/_next/static/chunks/node_modules_next_dist_0u_w_5s._.js:1226
[ 1426910ms] [ERROR] ./app/(admin)/admin/ia/page.tsx:3:1
Module not found: Can't resolve './AiLogsClient'
  1 | import { createClient } from '@supabase/supabase-js'
  2 | import type { Metadata } from 'next'
> 3 | import { AiLogsClient } from './AiLogsClient'
    | ^^^^^^^^^^^^^^^^^^^^^^^^^^^^^^^^^^^^^^^^^^^^^
  4 |
  5 | export const metadata: Metadata = { title: 'Admin — Outils IA' }
  6 |

https://nextjs.org/docs/messages/module-not-found @ http://localhost:3000/_next/static/chunks/node_modules_next_dist_0u_w_5s._.js:1945
[ 1426942ms] [LOG] [Fast Refresh] rebuilding @ http://localhost:3000/_next/static/chunks/node_modules_next_dist_0u_w_5s._.js:1226
[ 1427028ms] [ERROR] ./app/(admin)/admin/ia/page.tsx:3:1
Module not found: Can't resolve './AiLogsClient'
  1 | import { createClient } from '@supabase/supabase-js'
  2 | import type { Metadata } from 'next'
> 3 | import { AiLogsClient } from './AiLogsClient'
    | ^^^^^^^^^^^^^^^^^^^^^^^^^^^^^^^^^^^^^^^^^^^^^
  4 |
  5 | export const metadata: Metadata = { title: 'Admin — Outils IA' }
  6 |

https://nextjs.org/docs/messages/module-not-found @ http://localhost:3000/_next/static/chunks/node_modules_next_dist_0u_w_5s._.js:1945
[ 1427168ms] [ERROR] ./app/(admin)/admin/ia/page.tsx:3:1
Module not found: Can't resolve './AiLogsClient'
  1 | import { createClient } from '@supabase/supabase-js'
  2 | import type { Metadata } from 'next'
> 3 | import { AiLogsClient } from './AiLogsClient'
    | ^^^^^^^^^^^^^^^^^^^^^^^^^^^^^^^^^^^^^^^^^^^^^
  4 |
  5 | export const metadata: Metadata = { title: 'Admin — Outils IA' }
  6 |

https://nextjs.org/docs/messages/module-not-found @ http://localhost:3000/_next/static/chunks/node_modules_next_dist_0u_w_5s._.js:1945
[ 1427203ms] [LOG] [Fast Refresh] rebuilding @ http://localhost:3000/_next/static/chunks/node_modules_next_dist_0u_w_5s._.js:1226
[ 1427318ms] [ERROR] ./app/(admin)/admin/ia/page.tsx:3:1
Module not found: Can't resolve './AiLogsClient'
  1 | import { createClient } from '@supabase/supabase-js'
  2 | import type { Metadata } from 'next'
> 3 | import { AiLogsClient } from './AiLogsClient'
    | ^^^^^^^^^^^^^^^^^^^^^^^^^^^^^^^^^^^^^^^^^^^^^
  4 |
  5 | export const metadata: Metadata = { title: 'Admin — Outils IA' }
  6 |

https://nextjs.org/docs/messages/module-not-found @ http://localhost:3000/_next/static/chunks/node_modules_next_dist_0u_w_5s._.js:1945
[ 1427354ms] [LOG] [Fast Refresh] rebuilding @ http://localhost:3000/_next/static/chunks/node_modules_next_dist_0u_w_5s._.js:1226
[ 1427444ms] [ERROR] ./app/(admin)/admin/ia/page.tsx:3:1
Module not found: Can't resolve './AiLogsClient'
  1 | import { createClient } from '@supabase/supabase-js'
  2 | import type { Metadata } from 'next'
> 3 | import { AiLogsClient } from './AiLogsClient'
    | ^^^^^^^^^^^^^^^^^^^^^^^^^^^^^^^^^^^^^^^^^^^^^
  4 |
  5 | export const metadata: Metadata = { title: 'Admin — Outils IA' }
  6 |

https://nextjs.org/docs/messages/module-not-found @ http://localhost:3000/_next/static/chunks/node_modules_next_dist_0u_w_5s._.js:1945
[ 1427510ms] [ERROR] ./app/(admin)/admin/ia/page.tsx:3:1
Module not found: Can't resolve './AiLogsClient'
  1 | import { createClient } from '@supabase/supabase-js'
  2 | import type { Metadata } from 'next'
> 3 | import { AiLogsClient } from './AiLogsClient'
    | ^^^^^^^^^^^^^^^^^^^^^^^^^^^^^^^^^^^^^^^^^^^^^
  4 |
  5 | export const metadata: Metadata = { title: 'Admin — Outils IA' }
  6 |

https://nextjs.org/docs/messages/module-not-found @ http://localhost:3000/_next/static/chunks/node_modules_next_dist_0u_w_5s._.js:1945
[ 1427545ms] [ERROR] ./app/(admin)/admin/ia/page.tsx:3:1
Module not found: Can't resolve './AiLogsClient'
  1 | import { createClient } from '@supabase/supabase-js'
  2 | import type { Metadata } from 'next'
> 3 | import { AiLogsClient } from './AiLogsClient'
    | ^^^^^^^^^^^^^^^^^^^^^^^^^^^^^^^^^^^^^^^^^^^^^
  4 |
  5 | export const metadata: Metadata = { title: 'Admin — Outils IA' }
  6 |

https://nextjs.org/docs/messages/module-not-found @ http://localhost:3000/_next/static/chunks/node_modules_next_dist_0u_w_5s._.js:1945
[ 1427643ms] [ERROR] ./app/(admin)/admin/ia/page.tsx:3:1
Module not found: Can't resolve './AiLogsClient'
  1 | import { createClient } from '@supabase/supabase-js'
  2 | import type { Metadata } from 'next'
> 3 | import { AiLogsClient } from './AiLogsClient'
    | ^^^^^^^^^^^^^^^^^^^^^^^^^^^^^^^^^^^^^^^^^^^^^
  4 |
  5 | export const metadata: Metadata = { title: 'Admin — Outils IA' }
  6 |

https://nextjs.org/docs/messages/module-not-found @ http://localhost:3000/_next/static/chunks/node_modules_next_dist_0u_w_5s._.js:1945
[ 1427661ms] [LOG] [Fast Refresh] rebuilding @ http://localhost:3000/_next/static/chunks/node_modules_next_dist_0u_w_5s._.js:1226
[ 1427821ms] [ERROR] ./app/(admin)/admin/ia/page.tsx:3:1
Module not found: Can't resolve './AiLogsClient'
  1 | import { createClient } from '@supabase/supabase-js'
  2 | import type { Metadata } from 'next'
> 3 | import { AiLogsClient } from './AiLogsClient'
    | ^^^^^^^^^^^^^^^^^^^^^^^^^^^^^^^^^^^^^^^^^^^^^
  4 |
  5 | export const metadata: Metadata = { title: 'Admin — Outils IA' }
  6 |

https://nextjs.org/docs/messages/module-not-found @ http://localhost:3000/_next/static/chunks/node_modules_next_dist_0u_w_5s._.js:1945
[ 1427822ms] [LOG] [Fast Refresh] rebuilding @ http://localhost:3000/_next/static/chunks/node_modules_next_dist_0u_w_5s._.js:1226
[ 1427968ms] [ERROR] ./app/(admin)/admin/ia/page.tsx:3:1
Module not found: Can't resolve './AiLogsClient'
  1 | import { createClient } from '@supabase/supabase-js'
  2 | import type { Metadata } from 'next'
> 3 | import { AiLogsClient } from './AiLogsClient'
    | ^^^^^^^^^^^^^^^^^^^^^^^^^^^^^^^^^^^^^^^^^^^^^
  4 |
  5 | export const metadata: Metadata = { title: 'Admin — Outils IA' }
  6 |

https://nextjs.org/docs/messages/module-not-found @ http://localhost:3000/_next/static/chunks/node_modules_next_dist_0u_w_5s._.js:1945
[ 1427969ms] [LOG] [Fast Refresh] rebuilding @ http://localhost:3000/_next/static/chunks/node_modules_next_dist_0u_w_5s._.js:1226
[ 1427981ms] [ERROR] ./app/(admin)/admin/ia/page.tsx:3:1
Module not found: Can't resolve './AiLogsClient'
  1 | import { createClient } from '@supabase/supabase-js'
  2 | import type { Metadata } from 'next'
> 3 | import { AiLogsClient } from './AiLogsClient'
    | ^^^^^^^^^^^^^^^^^^^^^^^^^^^^^^^^^^^^^^^^^^^^^
  4 |
  5 | export const metadata: Metadata = { title: 'Admin — Outils IA' }
  6 |

https://nextjs.org/docs/messages/module-not-found @ http://localhost:3000/_next/static/chunks/node_modules_next_dist_0u_w_5s._.js:1945
[ 1428061ms] [ERROR] ./app/(admin)/admin/ia/page.tsx:3:1
Module not found: Can't resolve './AiLogsClient'
  1 | import { createClient } from '@supabase/supabase-js'
  2 | import type { Metadata } from 'next'
> 3 | import { AiLogsClient } from './AiLogsClient'
    | ^^^^^^^^^^^^^^^^^^^^^^^^^^^^^^^^^^^^^^^^^^^^^
  4 |
  5 | export const metadata: Metadata = { title: 'Admin — Outils IA' }
  6 |

https://nextjs.org/docs/messages/module-not-found @ http://localhost:3000/_next/static/chunks/node_modules_next_dist_0u_w_5s._.js:1945
[ 1428092ms] [ERROR] ./app/(admin)/admin/ia/page.tsx:3:1
Module not found: Can't resolve './AiLogsClient'
  1 | import { createClient } from '@supabase/supabase-js'
  2 | import type { Metadata } from 'next'
> 3 | import { AiLogsClient } from './AiLogsClient'
    | ^^^^^^^^^^^^^^^^^^^^^^^^^^^^^^^^^^^^^^^^^^^^^
  4 |
  5 | export const metadata: Metadata = { title: 'Admin — Outils IA' }
  6 |

https://nextjs.org/docs/messages/module-not-found @ http://localhost:3000/_next/static/chunks/node_modules_next_dist_0u_w_5s._.js:1945
[ 1428631ms] [LOG] [Fast Refresh] rebuilding @ http://localhost:3000/_next/static/chunks/node_modules_next_dist_0u_w_5s._.js:1226
[ 1428658ms] [ERROR] ./app/(admin)/admin/ia/page.tsx:3:1
Module not found: Can't resolve './AiLogsClient'
  1 | import { createClient } from '@supabase/supabase-js'
  2 | import type { Metadata } from 'next'
> 3 | import { AiLogsClient } from './AiLogsClient'
    | ^^^^^^^^^^^^^^^^^^^^^^^^^^^^^^^^^^^^^^^^^^^^^
  4 |
  5 | export const metadata: Metadata = { title: 'Admin — Outils IA' }
  6 |

https://nextjs.org/docs/messages/module-not-found @ http://localhost:3000/_next/static/chunks/node_modules_next_dist_0u_w_5s._.js:1945
[ 1428675ms] [ERROR] ./app/(admin)/admin/ia/page.tsx:3:1
Module not found: Can't resolve './AiLogsClient'
  1 | import { createClient } from '@supabase/supabase-js'
  2 | import type { Metadata } from 'next'
> 3 | import { AiLogsClient } from './AiLogsClient'
    | ^^^^^^^^^^^^^^^^^^^^^^^^^^^^^^^^^^^^^^^^^^^^^
  4 |
  5 | export const metadata: Metadata = { title: 'Admin — Outils IA' }
  6 |

https://nextjs.org/docs/messages/module-not-found @ http://localhost:3000/_next/static/chunks/node_modules_next_dist_0u_w_5s._.js:1945
[ 1428689ms] [ERROR] ./app/(admin)/admin/ia/page.tsx:3:1
Module not found: Can't resolve './AiLogsClient'
  1 | import { createClient } from '@supabase/supabase-js'
  2 | import type { Metadata } from 'next'
> 3 | import { AiLogsClient } from './AiLogsClient'
    | ^^^^^^^^^^^^^^^^^^^^^^^^^^^^^^^^^^^^^^^^^^^^^
  4 |
  5 | export const metadata: Metadata = { title: 'Admin — Outils IA' }
  6 |

https://nextjs.org/docs/messages/module-not-found @ http://localhost:3000/_next/static/chunks/node_modules_next_dist_0u_w_5s._.js:1945
[ 1428696ms] [ERROR] ./app/(admin)/admin/ia/page.tsx:3:1
Module not found: Can't resolve './AiLogsClient'
  1 | import { createClient } from '@supabase/supabase-js'
  2 | import type { Metadata } from 'next'
> 3 | import { AiLogsClient } from './AiLogsClient'
    | ^^^^^^^^^^^^^^^^^^^^^^^^^^^^^^^^^^^^^^^^^^^^^
  4 |
  5 | export const metadata: Metadata = { title: 'Admin — Outils IA' }
  6 |

https://nextjs.org/docs/messages/module-not-found @ http://localhost:3000/_next/static/chunks/node_modules_next_dist_0u_w_5s._.js:1945
[ 1428804ms] [LOG] [Fast Refresh] rebuilding @ http://localhost:3000/_next/static/chunks/node_modules_next_dist_0u_w_5s._.js:1226
[ 1428818ms] [ERROR] ./app/(admin)/admin/ia/page.tsx:3:1
Module not found: Can't resolve './AiLogsClient'
  1 | import { createClient } from '@supabase/supabase-js'
  2 | import type { Metadata } from 'next'
> 3 | import { AiLogsClient } from './AiLogsClient'
    | ^^^^^^^^^^^^^^^^^^^^^^^^^^^^^^^^^^^^^^^^^^^^^
  4 |
  5 | export const metadata: Metadata = { title: 'Admin — Outils IA' }
  6 |

https://nextjs.org/docs/messages/module-not-found @ http://localhost:3000/_next/static/chunks/node_modules_next_dist_0u_w_5s._.js:1945
[ 1428935ms] [LOG] [Fast Refresh] rebuilding @ http://localhost:3000/_next/static/chunks/node_modules_next_dist_0u_w_5s._.js:1226
[ 1432790ms] [LOG] [Fast Refresh] done in 3885ms @ http://localhost:3000/_next/static/chunks/node_modules_next_dist_0u_w_5s._.js:1226
[ 1434066ms] [LOG] [Fast Refresh] rebuilding @ http://localhost:3000/_next/static/chunks/node_modules_next_dist_0u_w_5s._.js:1226
[ 1435304ms] [LOG] [Fast Refresh] done in 1370ms @ http://localhost:3000/_next/static/chunks/node_modules_next_dist_0u_w_5s._.js:1226
[ 1435529ms] [LOG] [Fast Refresh] rebuilding @ http://localhost:3000/_next/static/chunks/node_modules_next_dist_0u_w_5s._.js:1226
[ 1437246ms] [LOG] [Fast Refresh] done in 1826ms @ http://localhost:3000/_next/static/chunks/node_modules_next_dist_0u_w_5s._.js:1226
[ 1437586ms] [LOG] [Fast Refresh] rebuilding @ http://localhost:3000/_next/static/chunks/node_modules_next_dist_0u_w_5s._.js:1226
[ 1438651ms] [LOG] [Fast Refresh] done in 1166ms @ http://localhost:3000/_next/static/chunks/node_modules_next_dist_0u_w_5s._.js:1226
[ 1440327ms] [INFO] %cDownload the React DevTools for a better development experience: https://react.dev/link/react-devtools font-weight:bold @ http://localhost:3000/_next/static/chunks/node_modules_next_dist_115brz8._.js:2431
[ 1440456ms] [LOG] [HMR] connected @ http://localhost:3000/_next/static/chunks/node_modules_next_dist_115brz8._.js:2431
[ 1440721ms] [LOG] [Fast Refresh] rebuilding @ http://localhost:3000/_next/static/chunks/node_modules_next_dist_115brz8._.js:2431
[ 1440746ms] [LOG] [Fast Refresh] done in 135ms @ http://localhost:3000/_next/static/chunks/node_modules_next_dist_115brz8._.js:2431
[ 1441030ms] [LOG] [Fast Refresh] rebuilding @ http://localhost:3000/_next/static/chunks/node_modules_next_dist_115brz8._.js:2431
[ 1442076ms] [LOG] [Fast Refresh] done in 1154ms @ http://localhost:3000/_next/static/chunks/node_modules_next_dist_115brz8._.js:2431
[ 1442192ms] [LOG] [Fast Refresh] rebuilding @ http://localhost:3000/_next/static/chunks/node_modules_next_dist_115brz8._.js:2431
[ 1442251ms] [LOG] [Fast Refresh] done in 161ms @ http://localhost:3000/_next/static/chunks/node_modules_next_dist_115brz8._.js:2431
[ 1442386ms] [LOG] [Fast Refresh] rebuilding @ http://localhost:3000/_next/static/chunks/node_modules_next_dist_115brz8._.js:2431
[ 1442393ms] [LOG] [Fast Refresh] done in 116ms @ http://localhost:3000/_next/static/chunks/node_modules_next_dist_115brz8._.js:2431
[ 1443480ms] [LOG] [Fast Refresh] rebuilding @ http://localhost:3000/_next/static/chunks/node_modules_next_dist_115brz8._.js:2431
[ 1443827ms] [LOG] [Fast Refresh] done in 464ms @ http://localhost:3000/_next/static/chunks/node_modules_next_dist_115brz8._.js:2431
[ 1444813ms] [LOG] [Fast Refresh] rebuilding @ http://localhost:3000/_next/static/chunks/node_modules_next_dist_115brz8._.js:2431
[ 1445220ms] [LOG] [Fast Refresh] done in 511ms @ http://localhost:3000/_next/static/chunks/node_modules_next_dist_115brz8._.js:2431
[ 1447442ms] [LOG] [Fast Refresh] rebuilding @ http://localhost:3000/_next/static/chunks/node_modules_next_dist_115brz8._.js:2431
[ 1447991ms] [ERROR] ./app/(admin)/admin/ventes/page.tsx:3:1
Module not found: Can't resolve './VentesClient'
  1 | import { createClient } from '@supabase/supabase-js'
  2 | import { formatPriceFcfa } from '@/lib/ebooks/queries'
> 3 | import { VentesClient } from './VentesClient'
    | ^^^^^^^^^^^^^^^^^^^^^^^^^^^^^^^^^^^^^^^^^^^^^
  4 |
  5 | function getDb() {
  6 |   return createClient(

https://nextjs.org/docs/messages/module-not-found @ http://localhost:3000/_next/static/chunks/node_modules_next_dist_115brz8._.js:3272
[ 1448735ms] [ERROR] ./app/(admin)/admin/ventes/page.tsx:3:1
Module not found: Can't resolve './VentesClient'
  1 | import { createClient } from '@supabase/supabase-js'
  2 | import { formatPriceFcfa } from '@/lib/ebooks/queries'
> 3 | import { VentesClient } from './VentesClient'
    | ^^^^^^^^^^^^^^^^^^^^^^^^^^^^^^^^^^^^^^^^^^^^^
  4 |
  5 | function getDb() {
  6 |   return createClient(

https://nextjs.org/docs/messages/module-not-found @ http://localhost:3000/_next/static/chunks/node_modules_next_dist_115brz8._.js:3272
[ 1448841ms] [LOG] [Fast Refresh] rebuilding @ http://localhost:3000/_next/static/chunks/node_modules_next_dist_115brz8._.js:2431
[ 1449207ms] [ERROR] ./app/(admin)/admin/ventes/page.tsx:3:1
Module not found: Can't resolve './VentesClient'
  1 | import { createClient } from '@supabase/supabase-js'
  2 | import { formatPriceFcfa } from '@/lib/ebooks/queries'
> 3 | import { VentesClient } from './VentesClient'
    | ^^^^^^^^^^^^^^^^^^^^^^^^^^^^^^^^^^^^^^^^^^^^^
  4 |
  5 | function getDb() {
  6 |   return createClient(

https://nextjs.org/docs/messages/module-not-found @ http://localhost:3000/_next/static/chunks/node_modules_next_dist_115brz8._.js:3272
[ 1449211ms] [ERROR] ./app/(admin)/admin/ventes/page.tsx:3:1
Module not found: Can't resolve './VentesClient'
  1 | import { createClient } from '@supabase/supabase-js'
  2 | import { formatPriceFcfa } from '@/lib/ebooks/queries'
> 3 | import { VentesClient } from './VentesClient'
    | ^^^^^^^^^^^^^^^^^^^^^^^^^^^^^^^^^^^^^^^^^^^^^
  4 |
  5 | function getDb() {
  6 |   return createClient(

https://nextjs.org/docs/messages/module-not-found @ http://localhost:3000/_next/static/chunks/node_modules_next_dist_115brz8._.js:3272
[ 1449319ms] [LOG] [Fast Refresh] rebuilding @ http://localhost:3000/_next/static/chunks/node_modules_next_dist_115brz8._.js:2431
[ 1449716ms] [ERROR] ./app/(admin)/admin/ventes/page.tsx:3:1
Module not found: Can't resolve './VentesClient'
  1 | import { createClient } from '@supabase/supabase-js'
  2 | import { formatPriceFcfa } from '@/lib/ebooks/queries'
> 3 | import { VentesClient } from './VentesClient'
    | ^^^^^^^^^^^^^^^^^^^^^^^^^^^^^^^^^^^^^^^^^^^^^
  4 |
  5 | function getDb() {
  6 |   return createClient(

https://nextjs.org/docs/messages/module-not-found @ http://localhost:3000/_next/static/chunks/node_modules_next_dist_115brz8._.js:3272
[ 1449717ms] [ERROR] ./app/(admin)/admin/ventes/page.tsx:3:1
Module not found: Can't resolve './VentesClient'
  1 | import { createClient } from '@supabase/supabase-js'
  2 | import { formatPriceFcfa } from '@/lib/ebooks/queries'
> 3 | import { VentesClient } from './VentesClient'
    | ^^^^^^^^^^^^^^^^^^^^^^^^^^^^^^^^^^^^^^^^^^^^^
  4 |
  5 | function getDb() {
  6 |   return createClient(

https://nextjs.org/docs/messages/module-not-found @ http://localhost:3000/_next/static/chunks/node_modules_next_dist_115brz8._.js:3272
[ 1449770ms] [ERROR] ./app/(admin)/admin/ventes/page.tsx:3:1
Module not found: Can't resolve './VentesClient'
  1 | import { createClient } from '@supabase/supabase-js'
  2 | import { formatPriceFcfa } from '@/lib/ebooks/queries'
> 3 | import { VentesClient } from './VentesClient'
    | ^^^^^^^^^^^^^^^^^^^^^^^^^^^^^^^^^^^^^^^^^^^^^
  4 |
  5 | function getDb() {
  6 |   return createClient(

https://nextjs.org/docs/messages/module-not-found @ http://localhost:3000/_next/static/chunks/node_modules_next_dist_115brz8._.js:3272
[ 1449820ms] [ERROR] ./app/(admin)/admin/ventes/page.tsx:3:1
Module not found: Can't resolve './VentesClient'
  1 | import { createClient } from '@supabase/supabase-js'
  2 | import { formatPriceFcfa } from '@/lib/ebooks/queries'
> 3 | import { VentesClient } from './VentesClient'
    | ^^^^^^^^^^^^^^^^^^^^^^^^^^^^^^^^^^^^^^^^^^^^^
  4 |
  5 | function getDb() {
  6 |   return createClient(

https://nextjs.org/docs/messages/module-not-found @ http://localhost:3000/_next/static/chunks/node_modules_next_dist_115brz8._.js:3272
[ 1449958ms] [LOG] [Fast Refresh] rebuilding @ http://localhost:3000/_next/static/chunks/node_modules_next_dist_115brz8._.js:2431
[ 1449966ms] [ERROR] ./app/(admin)/admin/ventes/page.tsx:3:1
Module not found: Can't resolve './VentesClient'
  1 | import { createClient } from '@supabase/supabase-js'
  2 | import { formatPriceFcfa } from '@/lib/ebooks/queries'
> 3 | import { VentesClient } from './VentesClient'
    | ^^^^^^^^^^^^^^^^^^^^^^^^^^^^^^^^^^^^^^^^^^^^^
  4 |
  5 | function getDb() {
  6 |   return createClient(

https://nextjs.org/docs/messages/module-not-found @ http://localhost:3000/_next/static/chunks/node_modules_next_dist_115brz8._.js:3272
[ 1449969ms] [ERROR] ./app/(admin)/admin/ventes/page.tsx:3:1
Module not found: Can't resolve './VentesClient'
  1 | import { createClient } from '@supabase/supabase-js'
  2 | import { formatPriceFcfa } from '@/lib/ebooks/queries'
> 3 | import { VentesClient } from './VentesClient'
    | ^^^^^^^^^^^^^^^^^^^^^^^^^^^^^^^^^^^^^^^^^^^^^
  4 |
  5 | function getDb() {
  6 |   return createClient(

https://nextjs.org/docs/messages/module-not-found @ http://localhost:3000/_next/static/chunks/node_modules_next_dist_115brz8._.js:3272
[ 1450056ms] [ERROR] ./app/(admin)/admin/ventes/page.tsx:3:1
Module not found: Can't resolve './VentesClient'
  1 | import { createClient } from '@supabase/supabase-js'
  2 | import { formatPriceFcfa } from '@/lib/ebooks/queries'
> 3 | import { VentesClient } from './VentesClient'
    | ^^^^^^^^^^^^^^^^^^^^^^^^^^^^^^^^^^^^^^^^^^^^^
  4 |
  5 | function getDb() {
  6 |   return createClient(

https://nextjs.org/docs/messages/module-not-found @ http://localhost:3000/_next/static/chunks/node_modules_next_dist_115brz8._.js:3272
[ 1450168ms] [ERROR] ./app/(admin)/admin/ventes/page.tsx:3:1
Module not found: Can't resolve './VentesClient'
  1 | import { createClient } from '@supabase/supabase-js'
  2 | import { formatPriceFcfa } from '@/lib/ebooks/queries'
> 3 | import { VentesClient } from './VentesClient'
    | ^^^^^^^^^^^^^^^^^^^^^^^^^^^^^^^^^^^^^^^^^^^^^
  4 |
  5 | function getDb() {
  6 |   return createClient(

https://nextjs.org/docs/messages/module-not-found @ http://localhost:3000/_next/static/chunks/node_modules_next_dist_115brz8._.js:3272
[ 1450188ms] [LOG] [Fast Refresh] rebuilding @ http://localhost:3000/_next/static/chunks/node_modules_next_dist_115brz8._.js:2431
[ 1450292ms] [ERROR] ./app/(admin)/admin/ventes/page.tsx:3:1
Module not found: Can't resolve './VentesClient'
  1 | import { createClient } from '@supabase/supabase-js'
  2 | import { formatPriceFcfa } from '@/lib/ebooks/queries'
> 3 | import { VentesClient } from './VentesClient'
    | ^^^^^^^^^^^^^^^^^^^^^^^^^^^^^^^^^^^^^^^^^^^^^
  4 |
  5 | function getDb() {
  6 |   return createClient(

https://nextjs.org/docs/messages/module-not-found @ http://localhost:3000/_next/static/chunks/node_modules_next_dist_115brz8._.js:3272
[ 1450402ms] [ERROR] ./app/(admin)/admin/ventes/page.tsx:3:1
Module not found: Can't resolve './VentesClient'
  1 | import { createClient } from '@supabase/supabase-js'
  2 | import { formatPriceFcfa } from '@/lib/ebooks/queries'
> 3 | import { VentesClient } from './VentesClient'
    | ^^^^^^^^^^^^^^^^^^^^^^^^^^^^^^^^^^^^^^^^^^^^^
  4 |
  5 | function getDb() {
  6 |   return createClient(

https://nextjs.org/docs/messages/module-not-found @ http://localhost:3000/_next/static/chunks/node_modules_next_dist_115brz8._.js:3272
[ 1450423ms] [LOG] [Fast Refresh] rebuilding @ http://localhost:3000/_next/static/chunks/node_modules_next_dist_115brz8._.js:2431
[ 1450526ms] [ERROR] ./app/(admin)/admin/ventes/page.tsx:3:1
Module not found: Can't resolve './VentesClient'
  1 | import { createClient } from '@supabase/supabase-js'
  2 | import { formatPriceFcfa } from '@/lib/ebooks/queries'
> 3 | import { VentesClient } from './VentesClient'
    | ^^^^^^^^^^^^^^^^^^^^^^^^^^^^^^^^^^^^^^^^^^^^^
  4 |
  5 | function getDb() {
  6 |   return createClient(

https://nextjs.org/docs/messages/module-not-found @ http://localhost:3000/_next/static/chunks/node_modules_next_dist_115brz8._.js:3272
[ 1450561ms] [LOG] [Fast Refresh] rebuilding @ http://localhost:3000/_next/static/chunks/node_modules_next_dist_115brz8._.js:2431
[ 1450650ms] [ERROR] ./app/(admin)/admin/ventes/page.tsx:3:1
Module not found: Can't resolve './VentesClient'
  1 | import { createClient } from '@supabase/supabase-js'
  2 | import { formatPriceFcfa } from '@/lib/ebooks/queries'
> 3 | import { VentesClient } from './VentesClient'
    | ^^^^^^^^^^^^^^^^^^^^^^^^^^^^^^^^^^^^^^^^^^^^^
  4 |
  5 | function getDb() {
  6 |   return createClient(

https://nextjs.org/docs/messages/module-not-found @ http://localhost:3000/_next/static/chunks/node_modules_next_dist_115brz8._.js:3272
[ 1450753ms] [ERROR] ./app/(admin)/admin/ventes/page.tsx:3:1
Module not found: Can't resolve './VentesClient'
  1 | import { createClient } from '@supabase/supabase-js'
  2 | import { formatPriceFcfa } from '@/lib/ebooks/queries'
> 3 | import { VentesClient } from './VentesClient'
    | ^^^^^^^^^^^^^^^^^^^^^^^^^^^^^^^^^^^^^^^^^^^^^
  4 |
  5 | function getDb() {
  6 |   return createClient(

https://nextjs.org/docs/messages/module-not-found @ http://localhost:3000/_next/static/chunks/node_modules_next_dist_115brz8._.js:3272
[ 1450870ms] [ERROR] ./app/(admin)/admin/ventes/page.tsx:3:1
Module not found: Can't resolve './VentesClient'
  1 | import { createClient } from '@supabase/supabase-js'
  2 | import { formatPriceFcfa } from '@/lib/ebooks/queries'
> 3 | import { VentesClient } from './VentesClient'
    | ^^^^^^^^^^^^^^^^^^^^^^^^^^^^^^^^^^^^^^^^^^^^^
  4 |
  5 | function getDb() {
  6 |   return createClient(

https://nextjs.org/docs/messages/module-not-found @ http://localhost:3000/_next/static/chunks/node_modules_next_dist_115brz8._.js:3272
[ 1450971ms] [ERROR] ./app/(admin)/admin/ventes/page.tsx:3:1
Module not found: Can't resolve './VentesClient'
  1 | import { createClient } from '@supabase/supabase-js'
  2 | import { formatPriceFcfa } from '@/lib/ebooks/queries'
> 3 | import { VentesClient } from './VentesClient'
    | ^^^^^^^^^^^^^^^^^^^^^^^^^^^^^^^^^^^^^^^^^^^^^
  4 |
  5 | function getDb() {
  6 |   return createClient(

https://nextjs.org/docs/messages/module-not-found @ http://localhost:3000/_next/static/chunks/node_modules_next_dist_115brz8._.js:3272
[ 1451007ms] [LOG] [Fast Refresh] rebuilding @ http://localhost:3000/_next/static/chunks/node_modules_next_dist_115brz8._.js:2431
[ 1451094ms] [ERROR] ./app/(admin)/admin/ventes/page.tsx:3:1
Module not found: Can't resolve './VentesClient'
  1 | import { createClient } from '@supabase/supabase-js'
  2 | import { formatPriceFcfa } from '@/lib/ebooks/queries'
> 3 | import { VentesClient } from './VentesClient'
    | ^^^^^^^^^^^^^^^^^^^^^^^^^^^^^^^^^^^^^^^^^^^^^
  4 |
  5 | function getDb() {
  6 |   return createClient(

https://nextjs.org/docs/messages/module-not-found @ http://localhost:3000/_next/static/chunks/node_modules_next_dist_115brz8._.js:3272
[ 1451204ms] [ERROR] ./app/(admin)/admin/ventes/page.tsx:3:1
Module not found: Can't resolve './VentesClient'
  1 | import { createClient } from '@supabase/supabase-js'
  2 | import { formatPriceFcfa } from '@/lib/ebooks/queries'
> 3 | import { VentesClient } from './VentesClient'
    | ^^^^^^^^^^^^^^^^^^^^^^^^^^^^^^^^^^^^^^^^^^^^^
  4 |
  5 | function getDb() {
  6 |   return createClient(

https://nextjs.org/docs/messages/module-not-found @ http://localhost:3000/_next/static/chunks/node_modules_next_dist_115brz8._.js:3272
[ 1451224ms] [LOG] [Fast Refresh] rebuilding @ http://localhost:3000/_next/static/chunks/node_modules_next_dist_115brz8._.js:2431
[ 1451291ms] [ERROR] ./app/(admin)/admin/ventes/page.tsx:3:1
Module not found: Can't resolve './VentesClient'
  1 | import { createClient } from '@supabase/supabase-js'
  2 | import { formatPriceFcfa } from '@/lib/ebooks/queries'
> 3 | import { VentesClient } from './VentesClient'
    | ^^^^^^^^^^^^^^^^^^^^^^^^^^^^^^^^^^^^^^^^^^^^^
  4 |
  5 | function getDb() {
  6 |   return createClient(

https://nextjs.org/docs/messages/module-not-found @ http://localhost:3000/_next/static/chunks/node_modules_next_dist_115brz8._.js:3272
[ 1451390ms] [ERROR] ./app/(admin)/admin/ventes/page.tsx:3:1
Module not found: Can't resolve './VentesClient'
  1 | import { createClient } from '@supabase/supabase-js'
  2 | import { formatPriceFcfa } from '@/lib/ebooks/queries'
> 3 | import { VentesClient } from './VentesClient'
    | ^^^^^^^^^^^^^^^^^^^^^^^^^^^^^^^^^^^^^^^^^^^^^
  4 |
  5 | function getDb() {
  6 |   return createClient(

https://nextjs.org/docs/messages/module-not-found @ http://localhost:3000/_next/static/chunks/node_modules_next_dist_115brz8._.js:3272
[ 1451470ms] [ERROR] ./app/(admin)/admin/ventes/page.tsx:3:1
Module not found: Can't resolve './VentesClient'
  1 | import { createClient } from '@supabase/supabase-js'
  2 | import { formatPriceFcfa } from '@/lib/ebooks/queries'
> 3 | import { VentesClient } from './VentesClient'
    | ^^^^^^^^^^^^^^^^^^^^^^^^^^^^^^^^^^^^^^^^^^^^^
  4 |
  5 | function getDb() {
  6 |   return createClient(

https://nextjs.org/docs/messages/module-not-found @ http://localhost:3000/_next/static/chunks/node_modules_next_dist_115brz8._.js:3272
[ 1451544ms] [ERROR] ./app/(admin)/admin/ventes/page.tsx:3:1
Module not found: Can't resolve './VentesClient'
  1 | import { createClient } from '@supabase/supabase-js'
  2 | import { formatPriceFcfa } from '@/lib/ebooks/queries'
> 3 | import { VentesClient } from './VentesClient'
    | ^^^^^^^^^^^^^^^^^^^^^^^^^^^^^^^^^^^^^^^^^^^^^
  4 |
  5 | function getDb() {
  6 |   return createClient(

https://nextjs.org/docs/messages/module-not-found @ http://localhost:3000/_next/static/chunks/node_modules_next_dist_115brz8._.js:3272
[ 1451620ms] [ERROR] ./app/(admin)/admin/ventes/page.tsx:3:1
Module not found: Can't resolve './VentesClient'
  1 | import { createClient } from '@supabase/supabase-js'
  2 | import { formatPriceFcfa } from '@/lib/ebooks/queries'
> 3 | import { VentesClient } from './VentesClient'
    | ^^^^^^^^^^^^^^^^^^^^^^^^^^^^^^^^^^^^^^^^^^^^^
  4 |
  5 | function getDb() {
  6 |   return createClient(

https://nextjs.org/docs/messages/module-not-found @ http://localhost:3000/_next/static/chunks/node_modules_next_dist_115brz8._.js:3272
[ 1451738ms] [ERROR] ./app/(admin)/admin/ventes/page.tsx:3:1
Module not found: Can't resolve './VentesClient'
  1 | import { createClient } from '@supabase/supabase-js'
  2 | import { formatPriceFcfa } from '@/lib/ebooks/queries'
> 3 | import { VentesClient } from './VentesClient'
    | ^^^^^^^^^^^^^^^^^^^^^^^^^^^^^^^^^^^^^^^^^^^^^
  4 |
  5 | function getDb() {
  6 |   return createClient(

https://nextjs.org/docs/messages/module-not-found @ http://localhost:3000/_next/static/chunks/node_modules_next_dist_115brz8._.js:3272
[ 1451756ms] [LOG] [Fast Refresh] rebuilding @ http://localhost:3000/_next/static/chunks/node_modules_next_dist_115brz8._.js:2431
[ 1451841ms] [ERROR] ./app/(admin)/admin/ventes/page.tsx:3:1
Module not found: Can't resolve './VentesClient'
  1 | import { createClient } from '@supabase/supabase-js'
  2 | import { formatPriceFcfa } from '@/lib/ebooks/queries'
> 3 | import { VentesClient } from './VentesClient'
    | ^^^^^^^^^^^^^^^^^^^^^^^^^^^^^^^^^^^^^^^^^^^^^
  4 |
  5 | function getDb() {
  6 |   return createClient(

https://nextjs.org/docs/messages/module-not-found @ http://localhost:3000/_next/static/chunks/node_modules_next_dist_115brz8._.js:3272
[ 1451882ms] [LOG] [Fast Refresh] rebuilding @ http://localhost:3000/_next/static/chunks/node_modules_next_dist_115brz8._.js:2431
[ 1451958ms] [ERROR] ./app/(admin)/admin/ventes/page.tsx:3:1
Module not found: Can't resolve './VentesClient'
  1 | import { createClient } from '@supabase/supabase-js'
  2 | import { formatPriceFcfa } from '@/lib/ebooks/queries'
> 3 | import { VentesClient } from './VentesClient'
    | ^^^^^^^^^^^^^^^^^^^^^^^^^^^^^^^^^^^^^^^^^^^^^
  4 |
  5 | function getDb() {
  6 |   return createClient(

https://nextjs.org/docs/messages/module-not-found @ http://localhost:3000/_next/static/chunks/node_modules_next_dist_115brz8._.js:3272
[ 1451989ms] [LOG] [Fast Refresh] rebuilding @ http://localhost:3000/_next/static/chunks/node_modules_next_dist_115brz8._.js:2431
[ 1452080ms] [ERROR] ./app/(admin)/admin/ventes/page.tsx:3:1
Module not found: Can't resolve './VentesClient'
  1 | import { createClient } from '@supabase/supabase-js'
  2 | import { formatPriceFcfa } from '@/lib/ebooks/queries'
> 3 | import { VentesClient } from './VentesClient'
    | ^^^^^^^^^^^^^^^^^^^^^^^^^^^^^^^^^^^^^^^^^^^^^
  4 |
  5 | function getDb() {
  6 |   return createClient(

https://nextjs.org/docs/messages/module-not-found @ http://localhost:3000/_next/static/chunks/node_modules_next_dist_115brz8._.js:3272
[ 1452098ms] [LOG] [Fast Refresh] rebuilding @ http://localhost:3000/_next/static/chunks/node_modules_next_dist_115brz8._.js:2431
[ 1452220ms] [ERROR] ./app/(admin)/admin/ventes/page.tsx:3:1
Module not found: Can't resolve './VentesClient'
  1 | import { createClient } from '@supabase/supabase-js'
  2 | import { formatPriceFcfa } from '@/lib/ebooks/queries'
> 3 | import { VentesClient } from './VentesClient'
    | ^^^^^^^^^^^^^^^^^^^^^^^^^^^^^^^^^^^^^^^^^^^^^
  4 |
  5 | function getDb() {
  6 |   return createClient(

https://nextjs.org/docs/messages/module-not-found @ http://localhost:3000/_next/static/chunks/node_modules_next_dist_115brz8._.js:3272
[ 1452221ms] [LOG] [Fast Refresh] rebuilding @ http://localhost:3000/_next/static/chunks/node_modules_next_dist_115brz8._.js:2431
[ 1452334ms] [LOG] [Fast Refresh] rebuilding @ http://localhost:3000/_next/static/chunks/node_modules_next_dist_115brz8._.js:2431
[ 1452337ms] [ERROR] ./app/(admin)/admin/ventes/page.tsx:3:1
Module not found: Can't resolve './VentesClient'
  1 | import { createClient } from '@supabase/supabase-js'
  2 | import { formatPriceFcfa } from '@/lib/ebooks/queries'
> 3 | import { VentesClient } from './VentesClient'
    | ^^^^^^^^^^^^^^^^^^^^^^^^^^^^^^^^^^^^^^^^^^^^^
  4 |
  5 | function getDb() {
  6 |   return createClient(

https://nextjs.org/docs/messages/module-not-found @ http://localhost:3000/_next/static/chunks/node_modules_next_dist_115brz8._.js:3272
[ 1452418ms] [ERROR] ./app/(admin)/admin/ventes/page.tsx:3:1
Module not found: Can't resolve './VentesClient'
  1 | import { createClient } from '@supabase/supabase-js'
  2 | import { formatPriceFcfa } from '@/lib/ebooks/queries'
> 3 | import { VentesClient } from './VentesClient'
    | ^^^^^^^^^^^^^^^^^^^^^^^^^^^^^^^^^^^^^^^^^^^^^
  4 |
  5 | function getDb() {
  6 |   return createClient(

https://nextjs.org/docs/messages/module-not-found @ http://localhost:3000/_next/static/chunks/node_modules_next_dist_115brz8._.js:3272
[ 1452497ms] [ERROR] ./app/(admin)/admin/ventes/page.tsx:3:1
Module not found: Can't resolve './VentesClient'
  1 | import { createClient } from '@supabase/supabase-js'
  2 | import { formatPriceFcfa } from '@/lib/ebooks/queries'
> 3 | import { VentesClient } from './VentesClient'
    | ^^^^^^^^^^^^^^^^^^^^^^^^^^^^^^^^^^^^^^^^^^^^^
  4 |
  5 | function getDb() {
  6 |   return createClient(

https://nextjs.org/docs/messages/module-not-found @ http://localhost:3000/_next/static/chunks/node_modules_next_dist_115brz8._.js:3272
[ 1452612ms] [ERROR] ./app/(admin)/admin/ventes/page.tsx:3:1
Module not found: Can't resolve './VentesClient'
  1 | import { createClient } from '@supabase/supabase-js'
  2 | import { formatPriceFcfa } from '@/lib/ebooks/queries'
> 3 | import { VentesClient } from './VentesClient'
    | ^^^^^^^^^^^^^^^^^^^^^^^^^^^^^^^^^^^^^^^^^^^^^
  4 |
  5 | function getDb() {
  6 |   return createClient(

https://nextjs.org/docs/messages/module-not-found @ http://localhost:3000/_next/static/chunks/node_modules_next_dist_115brz8._.js:3272
[ 1452714ms] [ERROR] ./app/(admin)/admin/ventes/page.tsx:3:1
Module not found: Can't resolve './VentesClient'
  1 | import { createClient } from '@supabase/supabase-js'
  2 | import { formatPriceFcfa } from '@/lib/ebooks/queries'
> 3 | import { VentesClient } from './VentesClient'
    | ^^^^^^^^^^^^^^^^^^^^^^^^^^^^^^^^^^^^^^^^^^^^^
  4 |
  5 | function getDb() {
  6 |   return createClient(

https://nextjs.org/docs/messages/module-not-found @ http://localhost:3000/_next/static/chunks/node_modules_next_dist_115brz8._.js:3272
[ 1453012ms] [ERROR] ./app/(admin)/admin/ventes/page.tsx:3:1
Module not found: Can't resolve './VentesClient'
  1 | import { createClient } from '@supabase/supabase-js'
  2 | import { formatPriceFcfa } from '@/lib/ebooks/queries'
> 3 | import { VentesClient } from './VentesClient'
    | ^^^^^^^^^^^^^^^^^^^^^^^^^^^^^^^^^^^^^^^^^^^^^
  4 |
  5 | function getDb() {
  6 |   return createClient(

https://nextjs.org/docs/messages/module-not-found @ http://localhost:3000/_next/static/chunks/node_modules_next_dist_115brz8._.js:3272
[ 1453015ms] [ERROR] ./app/(admin)/admin/ventes/page.tsx:3:1
Module not found: Can't resolve './VentesClient'
  1 | import { createClient } from '@supabase/supabase-js'
  2 | import { formatPriceFcfa } from '@/lib/ebooks/queries'
> 3 | import { VentesClient } from './VentesClient'
    | ^^^^^^^^^^^^^^^^^^^^^^^^^^^^^^^^^^^^^^^^^^^^^
  4 |
  5 | function getDb() {
  6 |   return createClient(

https://nextjs.org/docs/messages/module-not-found @ http://localhost:3000/_next/static/chunks/node_modules_next_dist_115brz8._.js:3272
[ 1453104ms] [ERROR] ./app/(admin)/admin/ventes/page.tsx:3:1
Module not found: Can't resolve './VentesClient'
  1 | import { createClient } from '@supabase/supabase-js'
  2 | import { formatPriceFcfa } from '@/lib/ebooks/queries'
> 3 | import { VentesClient } from './VentesClient'
    | ^^^^^^^^^^^^^^^^^^^^^^^^^^^^^^^^^^^^^^^^^^^^^
  4 |
  5 | function getDb() {
  6 |   return createClient(

https://nextjs.org/docs/messages/module-not-found @ http://localhost:3000/_next/static/chunks/node_modules_next_dist_115brz8._.js:3272
[ 1453195ms] [ERROR] ./app/(admin)/admin/ventes/page.tsx:3:1
Module not found: Can't resolve './VentesClient'
  1 | import { createClient } from '@supabase/supabase-js'
  2 | import { formatPriceFcfa } from '@/lib/ebooks/queries'
> 3 | import { VentesClient } from './VentesClient'
    | ^^^^^^^^^^^^^^^^^^^^^^^^^^^^^^^^^^^^^^^^^^^^^
  4 |
  5 | function getDb() {
  6 |   return createClient(

https://nextjs.org/docs/messages/module-not-found @ http://localhost:3000/_next/static/chunks/node_modules_next_dist_115brz8._.js:3272
[ 1453216ms] [LOG] [Fast Refresh] rebuilding @ http://localhost:3000/_next/static/chunks/node_modules_next_dist_115brz8._.js:2431
[ 1453304ms] [ERROR] ./app/(admin)/admin/ventes/page.tsx:3:1
Module not found: Can't resolve './VentesClient'
  1 | import { createClient } from '@supabase/supabase-js'
  2 | import { formatPriceFcfa } from '@/lib/ebooks/queries'
> 3 | import { VentesClient } from './VentesClient'
    | ^^^^^^^^^^^^^^^^^^^^^^^^^^^^^^^^^^^^^^^^^^^^^
  4 |
  5 | function getDb() {
  6 |   return createClient(

https://nextjs.org/docs/messages/module-not-found @ http://localhost:3000/_next/static/chunks/node_modules_next_dist_115brz8._.js:3272
[ 1453325ms] [LOG] [Fast Refresh] rebuilding @ http://localhost:3000/_next/static/chunks/node_modules_next_dist_115brz8._.js:2431
[ 1453413ms] [ERROR] ./app/(admin)/admin/ventes/page.tsx:3:1
Module not found: Can't resolve './VentesClient'
  1 | import { createClient } from '@supabase/supabase-js'
  2 | import { formatPriceFcfa } from '@/lib/ebooks/queries'
> 3 | import { VentesClient } from './VentesClient'
    | ^^^^^^^^^^^^^^^^^^^^^^^^^^^^^^^^^^^^^^^^^^^^^
  4 |
  5 | function getDb() {
  6 |   return createClient(

https://nextjs.org/docs/messages/module-not-found @ http://localhost:3000/_next/static/chunks/node_modules_next_dist_115brz8._.js:3272
[ 1453435ms] [LOG] [Fast Refresh] rebuilding @ http://localhost:3000/_next/static/chunks/node_modules_next_dist_115brz8._.js:2431
[ 1453520ms] [ERROR] ./app/(admin)/admin/ventes/page.tsx:3:1
Module not found: Can't resolve './VentesClient'
  1 | import { createClient } from '@supabase/supabase-js'
  2 | import { formatPriceFcfa } from '@/lib/ebooks/queries'
> 3 | import { VentesClient } from './VentesClient'
    | ^^^^^^^^^^^^^^^^^^^^^^^^^^^^^^^^^^^^^^^^^^^^^
  4 |
  5 | function getDb() {
  6 |   return createClient(

https://nextjs.org/docs/messages/module-not-found @ http://localhost:3000/_next/static/chunks/node_modules_next_dist_115brz8._.js:3272
[ 1453631ms] [ERROR] ./app/(admin)/admin/ventes/page.tsx:3:1
Module not found: Can't resolve './VentesClient'
  1 | import { createClient } from '@supabase/supabase-js'
  2 | import { formatPriceFcfa } from '@/lib/ebooks/queries'
> 3 | import { VentesClient } from './VentesClient'
    | ^^^^^^^^^^^^^^^^^^^^^^^^^^^^^^^^^^^^^^^^^^^^^
  4 |
  5 | function getDb() {
  6 |   return createClient(

https://nextjs.org/docs/messages/module-not-found @ http://localhost:3000/_next/static/chunks/node_modules_next_dist_115brz8._.js:3272
[ 1453662ms] [ERROR] ./app/(admin)/admin/ventes/page.tsx:3:1
Module not found: Can't resolve './VentesClient'
  1 | import { createClient } from '@supabase/supabase-js'
  2 | import { formatPriceFcfa } from '@/lib/ebooks/queries'
> 3 | import { VentesClient } from './VentesClient'
    | ^^^^^^^^^^^^^^^^^^^^^^^^^^^^^^^^^^^^^^^^^^^^^
  4 |
  5 | function getDb() {
  6 |   return createClient(

https://nextjs.org/docs/messages/module-not-found @ http://localhost:3000/_next/static/chunks/node_modules_next_dist_115brz8._.js:3272
[ 1453721ms] [ERROR] ./app/(admin)/admin/ventes/page.tsx:3:1
Module not found: Can't resolve './VentesClient'
  1 | import { createClient } from '@supabase/supabase-js'
  2 | import { formatPriceFcfa } from '@/lib/ebooks/queries'
> 3 | import { VentesClient } from './VentesClient'
    | ^^^^^^^^^^^^^^^^^^^^^^^^^^^^^^^^^^^^^^^^^^^^^
  4 |
  5 | function getDb() {
  6 |   return createClient(

https://nextjs.org/docs/messages/module-not-found @ http://localhost:3000/_next/static/chunks/node_modules_next_dist_115brz8._.js:3272
[ 1453803ms] [ERROR] ./app/(admin)/admin/ventes/page.tsx:3:1
Module not found: Can't resolve './VentesClient'
  1 | import { createClient } from '@supabase/supabase-js'
  2 | import { formatPriceFcfa } from '@/lib/ebooks/queries'
> 3 | import { VentesClient } from './VentesClient'
    | ^^^^^^^^^^^^^^^^^^^^^^^^^^^^^^^^^^^^^^^^^^^^^
  4 |
  5 | function getDb() {
  6 |   return createClient(

https://nextjs.org/docs/messages/module-not-found @ http://localhost:3000/_next/static/chunks/node_modules_next_dist_115brz8._.js:3272
[ 1453949ms] [LOG] [Fast Refresh] rebuilding @ http://localhost:3000/_next/static/chunks/node_modules_next_dist_115brz8._.js:2431
[ 1453977ms] [ERROR] ./app/(admin)/admin/ventes/page.tsx:3:1
Module not found: Can't resolve './VentesClient'
  1 | import { createClient } from '@supabase/supabase-js'
  2 | import { formatPriceFcfa } from '@/lib/ebooks/queries'
> 3 | import { VentesClient } from './VentesClient'
    | ^^^^^^^^^^^^^^^^^^^^^^^^^^^^^^^^^^^^^^^^^^^^^
  4 |
  5 | function getDb() {
  6 |   return createClient(

https://nextjs.org/docs/messages/module-not-found @ http://localhost:3000/_next/static/chunks/node_modules_next_dist_115brz8._.js:3272
[ 1454084ms] [ERROR] ./app/(admin)/admin/ventes/page.tsx:3:1
Module not found: Can't resolve './VentesClient'
  1 | import { createClient } from '@supabase/supabase-js'
  2 | import { formatPriceFcfa } from '@/lib/ebooks/queries'
> 3 | import { VentesClient } from './VentesClient'
    | ^^^^^^^^^^^^^^^^^^^^^^^^^^^^^^^^^^^^^^^^^^^^^
  4 |
  5 | function getDb() {
  6 |   return createClient(

https://nextjs.org/docs/messages/module-not-found @ http://localhost:3000/_next/static/chunks/node_modules_next_dist_115brz8._.js:3272
[ 1454218ms] [ERROR] ./app/(admin)/admin/ventes/page.tsx:3:1
Module not found: Can't resolve './VentesClient'
  1 | import { createClient } from '@supabase/supabase-js'
  2 | import { formatPriceFcfa } from '@/lib/ebooks/queries'
> 3 | import { VentesClient } from './VentesClient'
    | ^^^^^^^^^^^^^^^^^^^^^^^^^^^^^^^^^^^^^^^^^^^^^
  4 |
  5 | function getDb() {
  6 |   return createClient(

https://nextjs.org/docs/messages/module-not-found @ http://localhost:3000/_next/static/chunks/node_modules_next_dist_115brz8._.js:3272
[ 1454230ms] [LOG] [Fast Refresh] rebuilding @ http://localhost:3000/_next/static/chunks/node_modules_next_dist_115brz8._.js:2431
[ 1454328ms] [ERROR] ./app/(admin)/admin/ventes/page.tsx:3:1
Module not found: Can't resolve './VentesClient'
  1 | import { createClient } from '@supabase/supabase-js'
  2 | import { formatPriceFcfa } from '@/lib/ebooks/queries'
> 3 | import { VentesClient } from './VentesClient'
    | ^^^^^^^^^^^^^^^^^^^^^^^^^^^^^^^^^^^^^^^^^^^^^
  4 |
  5 | function getDb() {
  6 |   return createClient(

https://nextjs.org/docs/messages/module-not-found @ http://localhost:3000/_next/static/chunks/node_modules_next_dist_115brz8._.js:3272
[ 1454405ms] [ERROR] ./app/(admin)/admin/ventes/page.tsx:3:1
Module not found: Can't resolve './VentesClient'
  1 | import { createClient } from '@supabase/supabase-js'
  2 | import { formatPriceFcfa } from '@/lib/ebooks/queries'
> 3 | import { VentesClient } from './VentesClient'
    | ^^^^^^^^^^^^^^^^^^^^^^^^^^^^^^^^^^^^^^^^^^^^^
  4 |
  5 | function getDb() {
  6 |   return createClient(

https://nextjs.org/docs/messages/module-not-found @ http://localhost:3000/_next/static/chunks/node_modules_next_dist_115brz8._.js:3272
[ 1454501ms] [ERROR] ./app/(admin)/admin/ventes/page.tsx:3:1
Module not found: Can't resolve './VentesClient'
  1 | import { createClient } from '@supabase/supabase-js'
  2 | import { formatPriceFcfa } from '@/lib/ebooks/queries'
> 3 | import { VentesClient } from './VentesClient'
    | ^^^^^^^^^^^^^^^^^^^^^^^^^^^^^^^^^^^^^^^^^^^^^
  4 |
  5 | function getDb() {
  6 |   return createClient(

https://nextjs.org/docs/messages/module-not-found @ http://localhost:3000/_next/static/chunks/node_modules_next_dist_115brz8._.js:3272
[ 1454590ms] [ERROR] ./app/(admin)/admin/ventes/page.tsx:3:1
Module not found: Can't resolve './VentesClient'
  1 | import { createClient } from '@supabase/supabase-js'
  2 | import { formatPriceFcfa } from '@/lib/ebooks/queries'
> 3 | import { VentesClient } from './VentesClient'
    | ^^^^^^^^^^^^^^^^^^^^^^^^^^^^^^^^^^^^^^^^^^^^^
  4 |
  5 | function getDb() {
  6 |   return createClient(

https://nextjs.org/docs/messages/module-not-found @ http://localhost:3000/_next/static/chunks/node_modules_next_dist_115brz8._.js:3272
[ 1454637ms] [LOG] [Fast Refresh] rebuilding @ http://localhost:3000/_next/static/chunks/node_modules_next_dist_115brz8._.js:2431
[ 1454731ms] [ERROR] ./app/(admin)/admin/ventes/page.tsx:3:1
Module not found: Can't resolve './VentesClient'
  1 | import { createClient } from '@supabase/supabase-js'
  2 | import { formatPriceFcfa } from '@/lib/ebooks/queries'
> 3 | import { VentesClient } from './VentesClient'
    | ^^^^^^^^^^^^^^^^^^^^^^^^^^^^^^^^^^^^^^^^^^^^^
  4 |
  5 | function getDb() {
  6 |   return createClient(

https://nextjs.org/docs/messages/module-not-found @ http://localhost:3000/_next/static/chunks/node_modules_next_dist_115brz8._.js:3272
[ 1454860ms] [ERROR] ./app/(admin)/admin/ventes/page.tsx:3:1
Module not found: Can't resolve './VentesClient'
  1 | import { createClient } from '@supabase/supabase-js'
  2 | import { formatPriceFcfa } from '@/lib/ebooks/queries'
> 3 | import { VentesClient } from './VentesClient'
    | ^^^^^^^^^^^^^^^^^^^^^^^^^^^^^^^^^^^^^^^^^^^^^
  4 |
  5 | function getDb() {
  6 |   return createClient(

https://nextjs.org/docs/messages/module-not-found @ http://localhost:3000/_next/static/chunks/node_modules_next_dist_115brz8._.js:3272
[ 1454873ms] [LOG] [Fast Refresh] rebuilding @ http://localhost:3000/_next/static/chunks/node_modules_next_dist_115brz8._.js:2431
[ 1454975ms] [ERROR] ./app/(admin)/admin/ventes/page.tsx:3:1
Module not found: Can't resolve './VentesClient'
  1 | import { createClient } from '@supabase/supabase-js'
  2 | import { formatPriceFcfa } from '@/lib/ebooks/queries'
> 3 | import { VentesClient } from './VentesClient'
    | ^^^^^^^^^^^^^^^^^^^^^^^^^^^^^^^^^^^^^^^^^^^^^
  4 |
  5 | function getDb() {
  6 |   return createClient(

https://nextjs.org/docs/messages/module-not-found @ http://localhost:3000/_next/static/chunks/node_modules_next_dist_115brz8._.js:3272
[ 1455003ms] [LOG] [Fast Refresh] rebuilding @ http://localhost:3000/_next/static/chunks/node_modules_next_dist_115brz8._.js:2431
[ 1455106ms] [ERROR] ./app/(admin)/admin/ventes/page.tsx:3:1
Module not found: Can't resolve './VentesClient'
  1 | import { createClient } from '@supabase/supabase-js'
  2 | import { formatPriceFcfa } from '@/lib/ebooks/queries'
> 3 | import { VentesClient } from './VentesClient'
    | ^^^^^^^^^^^^^^^^^^^^^^^^^^^^^^^^^^^^^^^^^^^^^
  4 |
  5 | function getDb() {
  6 |   return createClient(

https://nextjs.org/docs/messages/module-not-found @ http://localhost:3000/_next/static/chunks/node_modules_next_dist_115brz8._.js:3272
[ 1455233ms] [ERROR] ./app/(admin)/admin/ventes/page.tsx:3:1
Module not found: Can't resolve './VentesClient'
  1 | import { createClient } from '@supabase/supabase-js'
  2 | import { formatPriceFcfa } from '@/lib/ebooks/queries'
> 3 | import { VentesClient } from './VentesClient'
    | ^^^^^^^^^^^^^^^^^^^^^^^^^^^^^^^^^^^^^^^^^^^^^
  4 |
  5 | function getDb() {
  6 |   return createClient(

https://nextjs.org/docs/messages/module-not-found @ http://localhost:3000/_next/static/chunks/node_modules_next_dist_115brz8._.js:3272
[ 1455347ms] [ERROR] ./app/(admin)/admin/ventes/page.tsx:3:1
Module not found: Can't resolve './VentesClient'
  1 | import { createClient } from '@supabase/supabase-js'
  2 | import { formatPriceFcfa } from '@/lib/ebooks/queries'
> 3 | import { VentesClient } from './VentesClient'
    | ^^^^^^^^^^^^^^^^^^^^^^^^^^^^^^^^^^^^^^^^^^^^^
  4 |
  5 | function getDb() {
  6 |   return createClient(

https://nextjs.org/docs/messages/module-not-found @ http://localhost:3000/_next/static/chunks/node_modules_next_dist_115brz8._.js:3272
[ 1455379ms] [ERROR] ./app/(admin)/admin/ventes/page.tsx:3:1
Module not found: Can't resolve './VentesClient'
  1 | import { createClient } from '@supabase/supabase-js'
  2 | import { formatPriceFcfa } from '@/lib/ebooks/queries'
> 3 | import { VentesClient } from './VentesClient'
    | ^^^^^^^^^^^^^^^^^^^^^^^^^^^^^^^^^^^^^^^^^^^^^
  4 |
  5 | function getDb() {
  6 |   return createClient(

https://nextjs.org/docs/messages/module-not-found @ http://localhost:3000/_next/static/chunks/node_modules_next_dist_115brz8._.js:3272
[ 1455458ms] [ERROR] ./app/(admin)/admin/ventes/page.tsx:3:1
Module not found: Can't resolve './VentesClient'
  1 | import { createClient } from '@supabase/supabase-js'
  2 | import { formatPriceFcfa } from '@/lib/ebooks/queries'
> 3 | import { VentesClient } from './VentesClient'
    | ^^^^^^^^^^^^^^^^^^^^^^^^^^^^^^^^^^^^^^^^^^^^^
  4 |
  5 | function getDb() {
  6 |   return createClient(

https://nextjs.org/docs/messages/module-not-found @ http://localhost:3000/_next/static/chunks/node_modules_next_dist_115brz8._.js:3272
[ 1455553ms] [ERROR] ./app/(admin)/admin/ventes/page.tsx:3:1
Module not found: Can't resolve './VentesClient'
  1 | import { createClient } from '@supabase/supabase-js'
  2 | import { formatPriceFcfa } from '@/lib/ebooks/queries'
> 3 | import { VentesClient } from './VentesClient'
    | ^^^^^^^^^^^^^^^^^^^^^^^^^^^^^^^^^^^^^^^^^^^^^
  4 |
  5 | function getDb() {
  6 |   return createClient(

https://nextjs.org/docs/messages/module-not-found @ http://localhost:3000/_next/static/chunks/node_modules_next_dist_115brz8._.js:3272
[ 1455665ms] [ERROR] ./app/(admin)/admin/ventes/page.tsx:3:1
Module not found: Can't resolve './VentesClient'
  1 | import { createClient } from '@supabase/supabase-js'
  2 | import { formatPriceFcfa } from '@/lib/ebooks/queries'
> 3 | import { VentesClient } from './VentesClient'
    | ^^^^^^^^^^^^^^^^^^^^^^^^^^^^^^^^^^^^^^^^^^^^^
  4 |
  5 | function getDb() {
  6 |   return createClient(

https://nextjs.org/docs/messages/module-not-found @ http://localhost:3000/_next/static/chunks/node_modules_next_dist_115brz8._.js:3272
[ 1455737ms] [ERROR] ./app/(admin)/admin/ventes/page.tsx:3:1
Module not found: Can't resolve './VentesClient'
  1 | import { createClient } from '@supabase/supabase-js'
  2 | import { formatPriceFcfa } from '@/lib/ebooks/queries'
> 3 | import { VentesClient } from './VentesClient'
    | ^^^^^^^^^^^^^^^^^^^^^^^^^^^^^^^^^^^^^^^^^^^^^
  4 |
  5 | function getDb() {
  6 |   return createClient(

https://nextjs.org/docs/messages/module-not-found @ http://localhost:3000/_next/static/chunks/node_modules_next_dist_115brz8._.js:3272
[ 1455846ms] [ERROR] ./app/(admin)/admin/ventes/page.tsx:3:1
Module not found: Can't resolve './VentesClient'
  1 | import { createClient } from '@supabase/supabase-js'
  2 | import { formatPriceFcfa } from '@/lib/ebooks/queries'
> 3 | import { VentesClient } from './VentesClient'
    | ^^^^^^^^^^^^^^^^^^^^^^^^^^^^^^^^^^^^^^^^^^^^^
  4 |
  5 | function getDb() {
  6 |   return createClient(

https://nextjs.org/docs/messages/module-not-found @ http://localhost:3000/_next/static/chunks/node_modules_next_dist_115brz8._.js:3272
[ 1455949ms] [LOG] [Fast Refresh] rebuilding @ http://localhost:3000/_next/static/chunks/node_modules_next_dist_115brz8._.js:2431
[ 1455996ms] [ERROR] ./app/(admin)/admin/ventes/page.tsx:3:1
Module not found: Can't resolve './VentesClient'
  1 | import { createClient } from '@supabase/supabase-js'
  2 | import { formatPriceFcfa } from '@/lib/ebooks/queries'
> 3 | import { VentesClient } from './VentesClient'
    | ^^^^^^^^^^^^^^^^^^^^^^^^^^^^^^^^^^^^^^^^^^^^^
  4 |
  5 | function getDb() {
  6 |   return createClient(

https://nextjs.org/docs/messages/module-not-found @ http://localhost:3000/_next/static/chunks/node_modules_next_dist_115brz8._.js:3272
[ 1456001ms] [ERROR] ./app/(admin)/admin/ventes/page.tsx:3:1
Module not found: Can't resolve './VentesClient'
  1 | import { createClient } from '@supabase/supabase-js'
  2 | import { formatPriceFcfa } from '@/lib/ebooks/queries'
> 3 | import { VentesClient } from './VentesClient'
    | ^^^^^^^^^^^^^^^^^^^^^^^^^^^^^^^^^^^^^^^^^^^^^
  4 |
  5 | function getDb() {
  6 |   return createClient(

https://nextjs.org/docs/messages/module-not-found @ http://localhost:3000/_next/static/chunks/node_modules_next_dist_115brz8._.js:3272
[ 1456104ms] [LOG] [Fast Refresh] rebuilding @ http://localhost:3000/_next/static/chunks/node_modules_next_dist_115brz8._.js:2431
[ 1456151ms] [ERROR] ./app/(admin)/admin/ventes/page.tsx:3:1
Module not found: Can't resolve './VentesClient'
  1 | import { createClient } from '@supabase/supabase-js'
  2 | import { formatPriceFcfa } from '@/lib/ebooks/queries'
> 3 | import { VentesClient } from './VentesClient'
    | ^^^^^^^^^^^^^^^^^^^^^^^^^^^^^^^^^^^^^^^^^^^^^
  4 |
  5 | function getDb() {
  6 |   return createClient(

https://nextjs.org/docs/messages/module-not-found @ http://localhost:3000/_next/static/chunks/node_modules_next_dist_115brz8._.js:3272
[ 1456261ms] [LOG] [Fast Refresh] rebuilding @ http://localhost:3000/_next/static/chunks/node_modules_next_dist_115brz8._.js:2431
[ 1456350ms] [ERROR] ./app/(admin)/admin/ventes/page.tsx:3:1
Module not found: Can't resolve './VentesClient'
  1 | import { createClient } from '@supabase/supabase-js'
  2 | import { formatPriceFcfa } from '@/lib/ebooks/queries'
> 3 | import { VentesClient } from './VentesClient'
    | ^^^^^^^^^^^^^^^^^^^^^^^^^^^^^^^^^^^^^^^^^^^^^
  4 |
  5 | function getDb() {
  6 |   return createClient(

https://nextjs.org/docs/messages/module-not-found @ http://localhost:3000/_next/static/chunks/node_modules_next_dist_115brz8._.js:3272
[ 1456351ms] [ERROR] ./app/(admin)/admin/ventes/page.tsx:3:1
Module not found: Can't resolve './VentesClient'
  1 | import { createClient } from '@supabase/supabase-js'
  2 | import { formatPriceFcfa } from '@/lib/ebooks/queries'
> 3 | import { VentesClient } from './VentesClient'
    | ^^^^^^^^^^^^^^^^^^^^^^^^^^^^^^^^^^^^^^^^^^^^^
  4 |
  5 | function getDb() {
  6 |   return createClient(

https://nextjs.org/docs/messages/module-not-found @ http://localhost:3000/_next/static/chunks/node_modules_next_dist_115brz8._.js:3272
[ 1456353ms] [ERROR] ./app/(admin)/admin/ventes/page.tsx:3:1
Module not found: Can't resolve './VentesClient'
  1 | import { createClient } from '@supabase/supabase-js'
  2 | import { formatPriceFcfa } from '@/lib/ebooks/queries'
> 3 | import { VentesClient } from './VentesClient'
    | ^^^^^^^^^^^^^^^^^^^^^^^^^^^^^^^^^^^^^^^^^^^^^
  4 |
  5 | function getDb() {
  6 |   return createClient(

https://nextjs.org/docs/messages/module-not-found @ http://localhost:3000/_next/static/chunks/node_modules_next_dist_115brz8._.js:3272
[ 1456364ms] [ERROR] ./app/(admin)/admin/ventes/page.tsx:3:1
Module not found: Can't resolve './VentesClient'
  1 | import { createClient } from '@supabase/supabase-js'
  2 | import { formatPriceFcfa } from '@/lib/ebooks/queries'
> 3 | import { VentesClient } from './VentesClient'
    | ^^^^^^^^^^^^^^^^^^^^^^^^^^^^^^^^^^^^^^^^^^^^^
  4 |
  5 | function getDb() {
  6 |   return createClient(

https://nextjs.org/docs/messages/module-not-found @ http://localhost:3000/_next/static/chunks/node_modules_next_dist_115brz8._.js:3272
[ 1456469ms] [ERROR] ./app/(admin)/admin/ventes/page.tsx:3:1
Module not found: Can't resolve './VentesClient'
  1 | import { createClient } from '@supabase/supabase-js'
  2 | import { formatPriceFcfa } from '@/lib/ebooks/queries'
> 3 | import { VentesClient } from './VentesClient'
    | ^^^^^^^^^^^^^^^^^^^^^^^^^^^^^^^^^^^^^^^^^^^^^
  4 |
  5 | function getDb() {
  6 |   return createClient(

https://nextjs.org/docs/messages/module-not-found @ http://localhost:3000/_next/static/chunks/node_modules_next_dist_115brz8._.js:3272
[ 1456471ms] [LOG] [Fast Refresh] rebuilding @ http://localhost:3000/_next/static/chunks/node_modules_next_dist_115brz8._.js:2431
[ 1456565ms] [ERROR] ./app/(admin)/admin/ventes/page.tsx:3:1
Module not found: Can't resolve './VentesClient'
  1 | import { createClient } from '@supabase/supabase-js'
  2 | import { formatPriceFcfa } from '@/lib/ebooks/queries'
> 3 | import { VentesClient } from './VentesClient'
    | ^^^^^^^^^^^^^^^^^^^^^^^^^^^^^^^^^^^^^^^^^^^^^
  4 |
  5 | function getDb() {
  6 |   return createClient(

https://nextjs.org/docs/messages/module-not-found @ http://localhost:3000/_next/static/chunks/node_modules_next_dist_115brz8._.js:3272
[ 1456670ms] [ERROR] ./app/(admin)/admin/ventes/page.tsx:3:1
Module not found: Can't resolve './VentesClient'
  1 | import { createClient } from '@supabase/supabase-js'
  2 | import { formatPriceFcfa } from '@/lib/ebooks/queries'
> 3 | import { VentesClient } from './VentesClient'
    | ^^^^^^^^^^^^^^^^^^^^^^^^^^^^^^^^^^^^^^^^^^^^^
  4 |
  5 | function getDb() {
  6 |   return createClient(

https://nextjs.org/docs/messages/module-not-found @ http://localhost:3000/_next/static/chunks/node_modules_next_dist_115brz8._.js:3272
[ 1456750ms] [ERROR] ./app/(admin)/admin/ventes/page.tsx:3:1
Module not found: Can't resolve './VentesClient'
  1 | import { createClient } from '@supabase/supabase-js'
  2 | import { formatPriceFcfa } from '@/lib/ebooks/queries'
> 3 | import { VentesClient } from './VentesClient'
    | ^^^^^^^^^^^^^^^^^^^^^^^^^^^^^^^^^^^^^^^^^^^^^
  4 |
  5 | function getDb() {
  6 |   return createClient(

https://nextjs.org/docs/messages/module-not-found @ http://localhost:3000/_next/static/chunks/node_modules_next_dist_115brz8._.js:3272
[ 1456831ms] [ERROR] ./app/(admin)/admin/ventes/page.tsx:3:1
Module not found: Can't resolve './VentesClient'
  1 | import { createClient } from '@supabase/supabase-js'
  2 | import { formatPriceFcfa } from '@/lib/ebooks/queries'
> 3 | import { VentesClient } from './VentesClient'
    | ^^^^^^^^^^^^^^^^^^^^^^^^^^^^^^^^^^^^^^^^^^^^^
  4 |
  5 | function getDb() {
  6 |   return createClient(

https://nextjs.org/docs/messages/module-not-found @ http://localhost:3000/_next/static/chunks/node_modules_next_dist_115brz8._.js:3272
[ 1456932ms] [ERROR] ./app/(admin)/admin/ventes/page.tsx:3:1
Module not found: Can't resolve './VentesClient'
  1 | import { createClient } from '@supabase/supabase-js'
  2 | import { formatPriceFcfa } from '@/lib/ebooks/queries'
> 3 | import { VentesClient } from './VentesClient'
    | ^^^^^^^^^^^^^^^^^^^^^^^^^^^^^^^^^^^^^^^^^^^^^
  4 |
  5 | function getDb() {
  6 |   return createClient(

https://nextjs.org/docs/messages/module-not-found @ http://localhost:3000/_next/static/chunks/node_modules_next_dist_115brz8._.js:3272
[ 1457045ms] [ERROR] ./app/(admin)/admin/ventes/page.tsx:3:1
Module not found: Can't resolve './VentesClient'
  1 | import { createClient } from '@supabase/supabase-js'
  2 | import { formatPriceFcfa } from '@/lib/ebooks/queries'
> 3 | import { VentesClient } from './VentesClient'
    | ^^^^^^^^^^^^^^^^^^^^^^^^^^^^^^^^^^^^^^^^^^^^^
  4 |
  5 | function getDb() {
  6 |   return createClient(

https://nextjs.org/docs/messages/module-not-found @ http://localhost:3000/_next/static/chunks/node_modules_next_dist_115brz8._.js:3272
[ 1457112ms] [ERROR] ./app/(admin)/admin/ventes/page.tsx:3:1
Module not found: Can't resolve './VentesClient'
  1 | import { createClient } from '@supabase/supabase-js'
  2 | import { formatPriceFcfa } from '@/lib/ebooks/queries'
> 3 | import { VentesClient } from './VentesClient'
    | ^^^^^^^^^^^^^^^^^^^^^^^^^^^^^^^^^^^^^^^^^^^^^
  4 |
  5 | function getDb() {
  6 |   return createClient(

https://nextjs.org/docs/messages/module-not-found @ http://localhost:3000/_next/static/chunks/node_modules_next_dist_115brz8._.js:3272
[ 1457213ms] [ERROR] ./app/(admin)/admin/ventes/page.tsx:3:1
Module not found: Can't resolve './VentesClient'
  1 | import { createClient } from '@supabase/supabase-js'
  2 | import { formatPriceFcfa } from '@/lib/ebooks/queries'
> 3 | import { VentesClient } from './VentesClient'
    | ^^^^^^^^^^^^^^^^^^^^^^^^^^^^^^^^^^^^^^^^^^^^^
  4 |
  5 | function getDb() {
  6 |   return createClient(

https://nextjs.org/docs/messages/module-not-found @ http://localhost:3000/_next/static/chunks/node_modules_next_dist_115brz8._.js:3272
[ 1457215ms] [ERROR] ./app/(admin)/admin/ventes/page.tsx:3:1
Module not found: Can't resolve './VentesClient'
  1 | import { createClient } from '@supabase/supabase-js'
  2 | import { formatPriceFcfa } from '@/lib/ebooks/queries'
> 3 | import { VentesClient } from './VentesClient'
    | ^^^^^^^^^^^^^^^^^^^^^^^^^^^^^^^^^^^^^^^^^^^^^
  4 |
  5 | function getDb() {
  6 |   return createClient(

https://nextjs.org/docs/messages/module-not-found @ http://localhost:3000/_next/static/chunks/node_modules_next_dist_115brz8._.js:3272
[ 1457329ms] [LOG] [Fast Refresh] rebuilding @ http://localhost:3000/_next/static/chunks/node_modules_next_dist_115brz8._.js:2431
[ 1457582ms] [ERROR] ./app/(admin)/admin/ventes/page.tsx:3:1
Module not found: Can't resolve './VentesClient'
  1 | import { createClient } from '@supabase/supabase-js'
  2 | import { formatPriceFcfa } from '@/lib/ebooks/queries'
> 3 | import { VentesClient } from './VentesClient'
    | ^^^^^^^^^^^^^^^^^^^^^^^^^^^^^^^^^^^^^^^^^^^^^
  4 |
  5 | function getDb() {
  6 |   return createClient(

https://nextjs.org/docs/messages/module-not-found @ http://localhost:3000/_next/static/chunks/node_modules_next_dist_115brz8._.js:3272
[ 1457682ms] [ERROR] ./app/(admin)/admin/ventes/page.tsx:3:1
Module not found: Can't resolve './VentesClient'
  1 | import { createClient } from '@supabase/supabase-js'
  2 | import { formatPriceFcfa } from '@/lib/ebooks/queries'
> 3 | import { VentesClient } from './VentesClient'
    | ^^^^^^^^^^^^^^^^^^^^^^^^^^^^^^^^^^^^^^^^^^^^^
  4 |
  5 | function getDb() {
  6 |   return createClient(

https://nextjs.org/docs/messages/module-not-found @ http://localhost:3000/_next/static/chunks/node_modules_next_dist_115brz8._.js:3272
[ 1457816ms] [ERROR] ./app/(admin)/admin/ventes/page.tsx:3:1
Module not found: Can't resolve './VentesClient'
  1 | import { createClient } from '@supabase/supabase-js'
  2 | import { formatPriceFcfa } from '@/lib/ebooks/queries'
> 3 | import { VentesClient } from './VentesClient'
    | ^^^^^^^^^^^^^^^^^^^^^^^^^^^^^^^^^^^^^^^^^^^^^
  4 |
  5 | function getDb() {
  6 |   return createClient(

https://nextjs.org/docs/messages/module-not-found @ http://localhost:3000/_next/static/chunks/node_modules_next_dist_115brz8._.js:3272
[ 1457840ms] [LOG] [Fast Refresh] rebuilding @ http://localhost:3000/_next/static/chunks/node_modules_next_dist_115brz8._.js:2431
[ 1458179ms] [ERROR] ./app/(admin)/admin/ventes/page.tsx:3:1
Module not found: Can't resolve './VentesClient'
  1 | import { createClient } from '@supabase/supabase-js'
  2 | import { formatPriceFcfa } from '@/lib/ebooks/queries'
> 3 | import { VentesClient } from './VentesClient'
    | ^^^^^^^^^^^^^^^^^^^^^^^^^^^^^^^^^^^^^^^^^^^^^
  4 |
  5 | function getDb() {
  6 |   return createClient(

https://nextjs.org/docs/messages/module-not-found @ http://localhost:3000/_next/static/chunks/node_modules_next_dist_115brz8._.js:3272
[ 1458268ms] [ERROR] ./app/(admin)/admin/ventes/page.tsx:3:1
Module not found: Can't resolve './VentesClient'
  1 | import { createClient } from '@supabase/supabase-js'
  2 | import { formatPriceFcfa } from '@/lib/ebooks/queries'
> 3 | import { VentesClient } from './VentesClient'
    | ^^^^^^^^^^^^^^^^^^^^^^^^^^^^^^^^^^^^^^^^^^^^^
  4 |
  5 | function getDb() {
  6 |   return createClient(

https://nextjs.org/docs/messages/module-not-found @ http://localhost:3000/_next/static/chunks/node_modules_next_dist_115brz8._.js:3272
[ 1458358ms] [ERROR] ./app/(admin)/admin/ventes/page.tsx:3:1
Module not found: Can't resolve './VentesClient'
  1 | import { createClient } from '@supabase/supabase-js'
  2 | import { formatPriceFcfa } from '@/lib/ebooks/queries'
> 3 | import { VentesClient } from './VentesClient'
    | ^^^^^^^^^^^^^^^^^^^^^^^^^^^^^^^^^^^^^^^^^^^^^
  4 |
  5 | function getDb() {
  6 |   return createClient(

https://nextjs.org/docs/messages/module-not-found @ http://localhost:3000/_next/static/chunks/node_modules_next_dist_115brz8._.js:3272
[ 1458443ms] [ERROR] ./app/(admin)/admin/ventes/page.tsx:3:1
Module not found: Can't resolve './VentesClient'
  1 | import { createClient } from '@supabase/supabase-js'
  2 | import { formatPriceFcfa } from '@/lib/ebooks/queries'
> 3 | import { VentesClient } from './VentesClient'
    | ^^^^^^^^^^^^^^^^^^^^^^^^^^^^^^^^^^^^^^^^^^^^^
  4 |
  5 | function getDb() {
  6 |   return createClient(

https://nextjs.org/docs/messages/module-not-found @ http://localhost:3000/_next/static/chunks/node_modules_next_dist_115brz8._.js:3272
[ 1458631ms] [LOG] [Fast Refresh] rebuilding @ http://localhost:3000/_next/static/chunks/node_modules_next_dist_115brz8._.js:2431
[ 1458633ms] [ERROR] ./app/(admin)/admin/ventes/page.tsx:3:1
Module not found: Can't resolve './VentesClient'
  1 | import { createClient } from '@supabase/supabase-js'
  2 | import { formatPriceFcfa } from '@/lib/ebooks/queries'
> 3 | import { VentesClient } from './VentesClient'
    | ^^^^^^^^^^^^^^^^^^^^^^^^^^^^^^^^^^^^^^^^^^^^^
  4 |
  5 | function getDb() {
  6 |   return createClient(

https://nextjs.org/docs/messages/module-not-found @ http://localhost:3000/_next/static/chunks/node_modules_next_dist_115brz8._.js:3272
[ 1458654ms] [ERROR] ./app/(admin)/admin/ventes/page.tsx:3:1
Module not found: Can't resolve './VentesClient'
  1 | import { createClient } from '@supabase/supabase-js'
  2 | import { formatPriceFcfa } from '@/lib/ebooks/queries'
> 3 | import { VentesClient } from './VentesClient'
    | ^^^^^^^^^^^^^^^^^^^^^^^^^^^^^^^^^^^^^^^^^^^^^
  4 |
  5 | function getDb() {
  6 |   return createClient(

https://nextjs.org/docs/messages/module-not-found @ http://localhost:3000/_next/static/chunks/node_modules_next_dist_115brz8._.js:3272
[ 1458775ms] [ERROR] ./app/(admin)/admin/ventes/page.tsx:3:1
Module not found: Can't resolve './VentesClient'
  1 | import { createClient } from '@supabase/supabase-js'
  2 | import { formatPriceFcfa } from '@/lib/ebooks/queries'
> 3 | import { VentesClient } from './VentesClient'
    | ^^^^^^^^^^^^^^^^^^^^^^^^^^^^^^^^^^^^^^^^^^^^^
  4 |
  5 | function getDb() {
  6 |   return createClient(

https://nextjs.org/docs/messages/module-not-found @ http://localhost:3000/_next/static/chunks/node_modules_next_dist_115brz8._.js:3272
[ 1458778ms] [LOG] [Fast Refresh] rebuilding @ http://localhost:3000/_next/static/chunks/node_modules_next_dist_115brz8._.js:2431
[ 1458814ms] [ERROR] ./app/(admin)/admin/ventes/page.tsx:3:1
Module not found: Can't resolve './VentesClient'
  1 | import { createClient } from '@supabase/supabase-js'
  2 | import { formatPriceFcfa } from '@/lib/ebooks/queries'
> 3 | import { VentesClient } from './VentesClient'
    | ^^^^^^^^^^^^^^^^^^^^^^^^^^^^^^^^^^^^^^^^^^^^^
  4 |
  5 | function getDb() {
  6 |   return createClient(

https://nextjs.org/docs/messages/module-not-found @ http://localhost:3000/_next/static/chunks/node_modules_next_dist_115brz8._.js:3272
[ 1458879ms] [ERROR] ./app/(admin)/admin/ventes/page.tsx:3:1
Module not found: Can't resolve './VentesClient'
  1 | import { createClient } from '@supabase/supabase-js'
  2 | import { formatPriceFcfa } from '@/lib/ebooks/queries'
> 3 | import { VentesClient } from './VentesClient'
    | ^^^^^^^^^^^^^^^^^^^^^^^^^^^^^^^^^^^^^^^^^^^^^
  4 |
  5 | function getDb() {
  6 |   return createClient(

https://nextjs.org/docs/messages/module-not-found @ http://localhost:3000/_next/static/chunks/node_modules_next_dist_115brz8._.js:3272
[ 1459010ms] [ERROR] ./app/(admin)/admin/ventes/page.tsx:3:1
Module not found: Can't resolve './VentesClient'
  1 | import { createClient } from '@supabase/supabase-js'
  2 | import { formatPriceFcfa } from '@/lib/ebooks/queries'
> 3 | import { VentesClient } from './VentesClient'
    | ^^^^^^^^^^^^^^^^^^^^^^^^^^^^^^^^^^^^^^^^^^^^^
  4 |
  5 | function getDb() {
  6 |   return createClient(

https://nextjs.org/docs/messages/module-not-found @ http://localhost:3000/_next/static/chunks/node_modules_next_dist_115brz8._.js:3272
[ 1459014ms] [LOG] [Fast Refresh] rebuilding @ http://localhost:3000/_next/static/chunks/node_modules_next_dist_115brz8._.js:2431
[ 1459146ms] [LOG] [Fast Refresh] rebuilding @ http://localhost:3000/_next/static/chunks/node_modules_next_dist_115brz8._.js:2431
[ 1459151ms] [ERROR] ./app/(admin)/admin/ventes/page.tsx:3:1
Module not found: Can't resolve './VentesClient'
  1 | import { createClient } from '@supabase/supabase-js'
  2 | import { formatPriceFcfa } from '@/lib/ebooks/queries'
> 3 | import { VentesClient } from './VentesClient'
    | ^^^^^^^^^^^^^^^^^^^^^^^^^^^^^^^^^^^^^^^^^^^^^
  4 |
  5 | function getDb() {
  6 |   return createClient(

https://nextjs.org/docs/messages/module-not-found @ http://localhost:3000/_next/static/chunks/node_modules_next_dist_115brz8._.js:3272
[ 1459242ms] [ERROR] ./app/(admin)/admin/ventes/page.tsx:3:1
Module not found: Can't resolve './VentesClient'
  1 | import { createClient } from '@supabase/supabase-js'
  2 | import { formatPriceFcfa } from '@/lib/ebooks/queries'
> 3 | import { VentesClient } from './VentesClient'
    | ^^^^^^^^^^^^^^^^^^^^^^^^^^^^^^^^^^^^^^^^^^^^^
  4 |
  5 | function getDb() {
  6 |   return createClient(

https://nextjs.org/docs/messages/module-not-found @ http://localhost:3000/_next/static/chunks/node_modules_next_dist_115brz8._.js:3272
[ 1459276ms] [LOG] [Fast Refresh] rebuilding @ http://localhost:3000/_next/static/chunks/node_modules_next_dist_115brz8._.js:2431
[ 1459354ms] [ERROR] ./app/(admin)/admin/ventes/page.tsx:3:1
Module not found: Can't resolve './VentesClient'
  1 | import { createClient } from '@supabase/supabase-js'
  2 | import { formatPriceFcfa } from '@/lib/ebooks/queries'
> 3 | import { VentesClient } from './VentesClient'
    | ^^^^^^^^^^^^^^^^^^^^^^^^^^^^^^^^^^^^^^^^^^^^^
  4 |
  5 | function getDb() {
  6 |   return createClient(

https://nextjs.org/docs/messages/module-not-found @ http://localhost:3000/_next/static/chunks/node_modules_next_dist_115brz8._.js:3272
[ 1459391ms] [LOG] [Fast Refresh] rebuilding @ http://localhost:3000/_next/static/chunks/node_modules_next_dist_115brz8._.js:2431
[ 1459509ms] [ERROR] ./app/(admin)/admin/ventes/page.tsx:3:1
Module not found: Can't resolve './VentesClient'
  1 | import { createClient } from '@supabase/supabase-js'
  2 | import { formatPriceFcfa } from '@/lib/ebooks/queries'
> 3 | import { VentesClient } from './VentesClient'
    | ^^^^^^^^^^^^^^^^^^^^^^^^^^^^^^^^^^^^^^^^^^^^^
  4 |
  5 | function getDb() {
  6 |   return createClient(

https://nextjs.org/docs/messages/module-not-found @ http://localhost:3000/_next/static/chunks/node_modules_next_dist_115brz8._.js:3272
[ 1459639ms] [ERROR] ./app/(admin)/admin/ventes/page.tsx:3:1
Module not found: Can't resolve './VentesClient'
  1 | import { createClient } from '@supabase/supabase-js'
  2 | import { formatPriceFcfa } from '@/lib/ebooks/queries'
> 3 | import { VentesClient } from './VentesClient'
    | ^^^^^^^^^^^^^^^^^^^^^^^^^^^^^^^^^^^^^^^^^^^^^
  4 |
  5 | function getDb() {
  6 |   return createClient(

https://nextjs.org/docs/messages/module-not-found @ http://localhost:3000/_next/static/chunks/node_modules_next_dist_115brz8._.js:3272
[ 1459732ms] [ERROR] ./app/(admin)/admin/ventes/page.tsx:3:1
Module not found: Can't resolve './VentesClient'
  1 | import { createClient } from '@supabase/supabase-js'
  2 | import { formatPriceFcfa } from '@/lib/ebooks/queries'
> 3 | import { VentesClient } from './VentesClient'
    | ^^^^^^^^^^^^^^^^^^^^^^^^^^^^^^^^^^^^^^^^^^^^^
  4 |
  5 | function getDb() {
  6 |   return createClient(

https://nextjs.org/docs/messages/module-not-found @ http://localhost:3000/_next/static/chunks/node_modules_next_dist_115brz8._.js:3272
[ 1459814ms] [ERROR] ./app/(admin)/admin/ventes/page.tsx:3:1
Module not found: Can't resolve './VentesClient'
  1 | import { createClient } from '@supabase/supabase-js'
  2 | import { formatPriceFcfa } from '@/lib/ebooks/queries'
> 3 | import { VentesClient } from './VentesClient'
    | ^^^^^^^^^^^^^^^^^^^^^^^^^^^^^^^^^^^^^^^^^^^^^
  4 |
  5 | function getDb() {
  6 |   return createClient(

https://nextjs.org/docs/messages/module-not-found @ http://localhost:3000/_next/static/chunks/node_modules_next_dist_115brz8._.js:3272
[ 1459864ms] [LOG] [Fast Refresh] rebuilding @ http://localhost:3000/_next/static/chunks/node_modules_next_dist_115brz8._.js:2431
[ 1460363ms] [ERROR] ./app/(admin)/admin/ventes/page.tsx:3:1
Module not found: Can't resolve './VentesClient'
  1 | import { createClient } from '@supabase/supabase-js'
  2 | import { formatPriceFcfa } from '@/lib/ebooks/queries'
> 3 | import { VentesClient } from './VentesClient'
    | ^^^^^^^^^^^^^^^^^^^^^^^^^^^^^^^^^^^^^^^^^^^^^
  4 |
  5 | function getDb() {
  6 |   return createClient(

https://nextjs.org/docs/messages/module-not-found @ http://localhost:3000/_next/static/chunks/node_modules_next_dist_115brz8._.js:3272
[ 1460422ms] [LOG] [Fast Refresh] rebuilding @ http://localhost:3000/_next/static/chunks/node_modules_next_dist_115brz8._.js:2431
[ 1461006ms] [ERROR] ./app/(admin)/admin/ventes/page.tsx:3:1
Module not found: Can't resolve './VentesClient'
  1 | import { createClient } from '@supabase/supabase-js'
  2 | import { formatPriceFcfa } from '@/lib/ebooks/queries'
> 3 | import { VentesClient } from './VentesClient'
    | ^^^^^^^^^^^^^^^^^^^^^^^^^^^^^^^^^^^^^^^^^^^^^
  4 |
  5 | function getDb() {
  6 |   return createClient(

https://nextjs.org/docs/messages/module-not-found @ http://localhost:3000/_next/static/chunks/node_modules_next_dist_115brz8._.js:3272
[ 1461111ms] [ERROR] ./app/(admin)/admin/ventes/page.tsx:3:1
Module not found: Can't resolve './VentesClient'
  1 | import { createClient } from '@supabase/supabase-js'
  2 | import { formatPriceFcfa } from '@/lib/ebooks/queries'
> 3 | import { VentesClient } from './VentesClient'
    | ^^^^^^^^^^^^^^^^^^^^^^^^^^^^^^^^^^^^^^^^^^^^^
  4 |
  5 | function getDb() {
  6 |   return createClient(

https://nextjs.org/docs/messages/module-not-found @ http://localhost:3000/_next/static/chunks/node_modules_next_dist_115brz8._.js:3272
[ 1461225ms] [ERROR] ./app/(admin)/admin/ventes/page.tsx:3:1
Module not found: Can't resolve './VentesClient'
  1 | import { createClient } from '@supabase/supabase-js'
  2 | import { formatPriceFcfa } from '@/lib/ebooks/queries'
> 3 | import { VentesClient } from './VentesClient'
    | ^^^^^^^^^^^^^^^^^^^^^^^^^^^^^^^^^^^^^^^^^^^^^
  4 |
  5 | function getDb() {
  6 |   return createClient(

https://nextjs.org/docs/messages/module-not-found @ http://localhost:3000/_next/static/chunks/node_modules_next_dist_115brz8._.js:3272
[ 1461242ms] [LOG] [Fast Refresh] rebuilding @ http://localhost:3000/_next/static/chunks/node_modules_next_dist_115brz8._.js:2431
[ 1461294ms] [ERROR] ./app/(admin)/admin/ventes/page.tsx:3:1
Module not found: Can't resolve './VentesClient'
  1 | import { createClient } from '@supabase/supabase-js'
  2 | import { formatPriceFcfa } from '@/lib/ebooks/queries'
> 3 | import { VentesClient } from './VentesClient'
    | ^^^^^^^^^^^^^^^^^^^^^^^^^^^^^^^^^^^^^^^^^^^^^
  4 |
  5 | function getDb() {
  6 |   return createClient(

https://nextjs.org/docs/messages/module-not-found @ http://localhost:3000/_next/static/chunks/node_modules_next_dist_115brz8._.js:3272
[ 1461347ms] [ERROR] ./app/(admin)/admin/ventes/page.tsx:3:1
Module not found: Can't resolve './VentesClient'
  1 | import { createClient } from '@supabase/supabase-js'
  2 | import { formatPriceFcfa } from '@/lib/ebooks/queries'
> 3 | import { VentesClient } from './VentesClient'
    | ^^^^^^^^^^^^^^^^^^^^^^^^^^^^^^^^^^^^^^^^^^^^^
  4 |
  5 | function getDb() {
  6 |   return createClient(

https://nextjs.org/docs/messages/module-not-found @ http://localhost:3000/_next/static/chunks/node_modules_next_dist_115brz8._.js:3272
[ 1461451ms] [ERROR] ./app/(admin)/admin/ventes/page.tsx:3:1
Module not found: Can't resolve './VentesClient'
  1 | import { createClient } from '@supabase/supabase-js'
  2 | import { formatPriceFcfa } from '@/lib/ebooks/queries'
> 3 | import { VentesClient } from './VentesClient'
    | ^^^^^^^^^^^^^^^^^^^^^^^^^^^^^^^^^^^^^^^^^^^^^
  4 |
  5 | function getDb() {
  6 |   return createClient(

https://nextjs.org/docs/messages/module-not-found @ http://localhost:3000/_next/static/chunks/node_modules_next_dist_115brz8._.js:3272
[ 1461471ms] [LOG] [Fast Refresh] rebuilding @ http://localhost:3000/_next/static/chunks/node_modules_next_dist_115brz8._.js:2431
[ 1461560ms] [ERROR] ./app/(admin)/admin/ventes/page.tsx:3:1
Module not found: Can't resolve './VentesClient'
  1 | import { createClient } from '@supabase/supabase-js'
  2 | import { formatPriceFcfa } from '@/lib/ebooks/queries'
> 3 | import { VentesClient } from './VentesClient'
    | ^^^^^^^^^^^^^^^^^^^^^^^^^^^^^^^^^^^^^^^^^^^^^
  4 |
  5 | function getDb() {
  6 |   return createClient(

https://nextjs.org/docs/messages/module-not-found @ http://localhost:3000/_next/static/chunks/node_modules_next_dist_115brz8._.js:3272
[ 1461594ms] [LOG] [Fast Refresh] rebuilding @ http://localhost:3000/_next/static/chunks/node_modules_next_dist_115brz8._.js:2431
[ 1461683ms] [ERROR] ./app/(admin)/admin/ventes/page.tsx:3:1
Module not found: Can't resolve './VentesClient'
  1 | import { createClient } from '@supabase/supabase-js'
  2 | import { formatPriceFcfa } from '@/lib/ebooks/queries'
> 3 | import { VentesClient } from './VentesClient'
    | ^^^^^^^^^^^^^^^^^^^^^^^^^^^^^^^^^^^^^^^^^^^^^
  4 |
  5 | function getDb() {
  6 |   return createClient(

https://nextjs.org/docs/messages/module-not-found @ http://localhost:3000/_next/static/chunks/node_modules_next_dist_115brz8._.js:3272
[ 1461762ms] [ERROR] ./app/(admin)/admin/ventes/page.tsx:3:1
Module not found: Can't resolve './VentesClient'
  1 | import { createClient } from '@supabase/supabase-js'
  2 | import { formatPriceFcfa } from '@/lib/ebooks/queries'
> 3 | import { VentesClient } from './VentesClient'
    | ^^^^^^^^^^^^^^^^^^^^^^^^^^^^^^^^^^^^^^^^^^^^^
  4 |
  5 | function getDb() {
  6 |   return createClient(

https://nextjs.org/docs/messages/module-not-found @ http://localhost:3000/_next/static/chunks/node_modules_next_dist_115brz8._.js:3272
[ 1461882ms] [LOG] [Fast Refresh] rebuilding @ http://localhost:3000/_next/static/chunks/node_modules_next_dist_115brz8._.js:2431
[ 1461889ms] [ERROR] ./app/(admin)/admin/ventes/page.tsx:3:1
Module not found: Can't resolve './VentesClient'
  1 | import { createClient } from '@supabase/supabase-js'
  2 | import { formatPriceFcfa } from '@/lib/ebooks/queries'
> 3 | import { VentesClient } from './VentesClient'
    | ^^^^^^^^^^^^^^^^^^^^^^^^^^^^^^^^^^^^^^^^^^^^^
  4 |
  5 | function getDb() {
  6 |   return createClient(

https://nextjs.org/docs/messages/module-not-found @ http://localhost:3000/_next/static/chunks/node_modules_next_dist_115brz8._.js:3272
[ 1461985ms] [ERROR] ./app/(admin)/admin/ventes/page.tsx:3:1
Module not found: Can't resolve './VentesClient'
  1 | import { createClient } from '@supabase/supabase-js'
  2 | import { formatPriceFcfa } from '@/lib/ebooks/queries'
> 3 | import { VentesClient } from './VentesClient'
    | ^^^^^^^^^^^^^^^^^^^^^^^^^^^^^^^^^^^^^^^^^^^^^
  4 |
  5 | function getDb() {
  6 |   return createClient(

https://nextjs.org/docs/messages/module-not-found @ http://localhost:3000/_next/static/chunks/node_modules_next_dist_115brz8._.js:3272
[ 1462313ms] [LOG] [Fast Refresh] rebuilding @ http://localhost:3000/_next/static/chunks/node_modules_next_dist_115brz8._.js:2431
[ 1462317ms] [ERROR] ./app/(admin)/admin/ventes/page.tsx:3:1
Module not found: Can't resolve './VentesClient'
  1 | import { createClient } from '@supabase/supabase-js'
  2 | import { formatPriceFcfa } from '@/lib/ebooks/queries'
> 3 | import { VentesClient } from './VentesClient'
    | ^^^^^^^^^^^^^^^^^^^^^^^^^^^^^^^^^^^^^^^^^^^^^
  4 |
  5 | function getDb() {
  6 |   return createClient(

https://nextjs.org/docs/messages/module-not-found @ http://localhost:3000/_next/static/chunks/node_modules_next_dist_115brz8._.js:3272
[ 1462322ms] [ERROR] ./app/(admin)/admin/ventes/page.tsx:3:1
Module not found: Can't resolve './VentesClient'
  1 | import { createClient } from '@supabase/supabase-js'
  2 | import { formatPriceFcfa } from '@/lib/ebooks/queries'
> 3 | import { VentesClient } from './VentesClient'
    | ^^^^^^^^^^^^^^^^^^^^^^^^^^^^^^^^^^^^^^^^^^^^^
  4 |
  5 | function getDb() {
  6 |   return createClient(

https://nextjs.org/docs/messages/module-not-found @ http://localhost:3000/_next/static/chunks/node_modules_next_dist_115brz8._.js:3272
[ 1462326ms] [ERROR] ./app/(admin)/admin/ventes/page.tsx:3:1
Module not found: Can't resolve './VentesClient'
  1 | import { createClient } from '@supabase/supabase-js'
  2 | import { formatPriceFcfa } from '@/lib/ebooks/queries'
> 3 | import { VentesClient } from './VentesClient'
    | ^^^^^^^^^^^^^^^^^^^^^^^^^^^^^^^^^^^^^^^^^^^^^
  4 |
  5 | function getDb() {
  6 |   return createClient(

https://nextjs.org/docs/messages/module-not-found @ http://localhost:3000/_next/static/chunks/node_modules_next_dist_115brz8._.js:3272
[ 1462421ms] [ERROR] ./app/(admin)/admin/ventes/page.tsx:3:1
Module not found: Can't resolve './VentesClient'
  1 | import { createClient } from '@supabase/supabase-js'
  2 | import { formatPriceFcfa } from '@/lib/ebooks/queries'
> 3 | import { VentesClient } from './VentesClient'
    | ^^^^^^^^^^^^^^^^^^^^^^^^^^^^^^^^^^^^^^^^^^^^^
  4 |
  5 | function getDb() {
  6 |   return createClient(

https://nextjs.org/docs/messages/module-not-found @ http://localhost:3000/_next/static/chunks/node_modules_next_dist_115brz8._.js:3272
[ 1462440ms] [LOG] [Fast Refresh] rebuilding @ http://localhost:3000/_next/static/chunks/node_modules_next_dist_115brz8._.js:2431
[ 1462645ms] [LOG] [Fast Refresh] rebuilding @ http://localhost:3000/_next/static/chunks/node_modules_next_dist_115brz8._.js:2431
[ 1462648ms] [ERROR] ./app/(admin)/admin/ventes/page.tsx:3:1
Module not found: Can't resolve './VentesClient'
  1 | import { createClient } from '@supabase/supabase-js'
  2 | import { formatPriceFcfa } from '@/lib/ebooks/queries'
> 3 | import { VentesClient } from './VentesClient'
    | ^^^^^^^^^^^^^^^^^^^^^^^^^^^^^^^^^^^^^^^^^^^^^
  4 |
  5 | function getDb() {
  6 |   return createClient(

https://nextjs.org/docs/messages/module-not-found @ http://localhost:3000/_next/static/chunks/node_modules_next_dist_115brz8._.js:3272
[ 1462687ms] [ERROR] ./app/(admin)/admin/ventes/page.tsx:3:1
Module not found: Can't resolve './VentesClient'
  1 | import { createClient } from '@supabase/supabase-js'
  2 | import { formatPriceFcfa } from '@/lib/ebooks/queries'
> 3 | import { VentesClient } from './VentesClient'
    | ^^^^^^^^^^^^^^^^^^^^^^^^^^^^^^^^^^^^^^^^^^^^^
  4 |
  5 | function getDb() {
  6 |   return createClient(

https://nextjs.org/docs/messages/module-not-found @ http://localhost:3000/_next/static/chunks/node_modules_next_dist_115brz8._.js:3272
[ 1462777ms] [ERROR] ./app/(admin)/admin/ventes/page.tsx:3:1
Module not found: Can't resolve './VentesClient'
  1 | import { createClient } from '@supabase/supabase-js'
  2 | import { formatPriceFcfa } from '@/lib/ebooks/queries'
> 3 | import { VentesClient } from './VentesClient'
    | ^^^^^^^^^^^^^^^^^^^^^^^^^^^^^^^^^^^^^^^^^^^^^
  4 |
  5 | function getDb() {
  6 |   return createClient(

https://nextjs.org/docs/messages/module-not-found @ http://localhost:3000/_next/static/chunks/node_modules_next_dist_115brz8._.js:3272
[ 1462992ms] [LOG] [Fast Refresh] rebuilding @ http://localhost:3000/_next/static/chunks/node_modules_next_dist_115brz8._.js:2431
[ 1462994ms] [ERROR] ./app/(admin)/admin/ventes/page.tsx:3:1
Module not found: Can't resolve './VentesClient'
  1 | import { createClient } from '@supabase/supabase-js'
  2 | import { formatPriceFcfa } from '@/lib/ebooks/queries'
> 3 | import { VentesClient } from './VentesClient'
    | ^^^^^^^^^^^^^^^^^^^^^^^^^^^^^^^^^^^^^^^^^^^^^
  4 |
  5 | function getDb() {
  6 |   return createClient(

https://nextjs.org/docs/messages/module-not-found @ http://localhost:3000/_next/static/chunks/node_modules_next_dist_115brz8._.js:3272
[ 1463100ms] [LOG] [Fast Refresh] rebuilding @ http://localhost:3000/_next/static/chunks/node_modules_next_dist_115brz8._.js:2431
[ 1467439ms] [LOG] [Fast Refresh] done in 4350ms @ http://localhost:3000/_next/static/chunks/node_modules_next_dist_115brz8._.js:2431
[ 1469600ms] [LOG] [Fast Refresh] rebuilding @ http://localhost:3000/_next/static/chunks/node_modules_next_dist_115brz8._.js:2431
[ 1469838ms] [LOG] [Fast Refresh] done in 356ms @ http://localhost:3000/_next/static/chunks/node_modules_next_dist_115brz8._.js:2431
[ 1470017ms] [LOG] [Fast Refresh] rebuilding @ http://localhost:3000/_next/static/chunks/node_modules_next_dist_115brz8._.js:2431
[ 1470402ms] [LOG] [Fast Refresh] done in 491ms @ http://localhost:3000/_next/static/chunks/node_modules_next_dist_115brz8._.js:2431
[ 1470881ms] [LOG] [Fast Refresh] rebuilding @ http://localhost:3000/_next/static/chunks/node_modules_next_dist_115brz8._.js:2431
[ 1470966ms] [LOG] [Fast Refresh] done in 196ms @ http://localhost:3000/_next/static/chunks/node_modules_next_dist_115brz8._.js:2431
[ 1472150ms] [LOG] [Fast Refresh] rebuilding @ http://localhost:3000/_next/static/chunks/node_modules_next_dist_115brz8._.js:2431
[ 1472819ms] [LOG] [Fast Refresh] done in 779ms @ http://localhost:3000/_next/static/chunks/node_modules_next_dist_115brz8._.js:2431
[ 1473709ms] [LOG] [Fast Refresh] rebuilding @ http://localhost:3000/_next/static/chunks/node_modules_next_dist_115brz8._.js:2431
[ 1473918ms] [LOG] [Fast Refresh] done in 321ms @ http://localhost:3000/_next/static/chunks/node_modules_next_dist_115brz8._.js:2431
[ 1484060ms] [LOG] [Fast Refresh] rebuilding @ http://localhost:3000/_next/static/chunks/node_modules_next_dist_115brz8._.js:2431
[ 1506304ms] [WARNING] [Fast Refresh] performing full reload

Fast Refresh will perform a full reload when you edit a file that's imported by modules outside of the React rendering tree.
You might have a file which exports a React component but also exports a value that is imported by a non-React component file.
Consider migrating the non-React component export to a separate file and importing it into both files.

It is also possible the parent component of the component you edited is a class component, which disables Fast Refresh.
Fast Refresh requires at least one parent function component in your React tree. @ http://localhost:3000/_next/static/chunks/node_modules_next_dist_115brz8._.js:2431
[ 1506405ms] [LOG] [Fast Refresh] done in 22766ms @ http://localhost:3000/_next/static/chunks/node_modules_next_dist_115brz8._.js:2431
[ 1506624ms] [LOG] [Fast Refresh] rebuilding @ http://localhost:3000/_next/static/chunks/node_modules_next_dist_115brz8._.js:2431
[ 1508391ms] [LOG] [Fast Refresh] done in 1777ms @ http://localhost:3000/_next/static/chunks/node_modules_next_dist_115brz8._.js:2431
[ 1515016ms] [LOG] [Fast Refresh] rebuilding @ http://localhost:3000/_next/static/chunks/node_modules_next_dist_115brz8._.js:2431
[ 1516562ms] [LOG] [Fast Refresh] done in 1660ms @ http://localhost:3000/_next/static/chunks/node_modules_next_dist_115brz8._.js:2431
[ 1517982ms] [LOG] [Fast Refresh] rebuilding @ http://localhost:3000/_next/static/chunks/node_modules_next_dist_115brz8._.js:2431
[ 1521461ms] [LOG] [Fast Refresh] done in 1485ms @ http://localhost:3000/_next/static/chunks/node_modules_next_dist_115brz8._.js:2431
[ 1524813ms] [LOG] [Fast Refresh] rebuilding @ http://localhost:3000/_next/static/chunks/node_modules_next_dist_115brz8._.js:2431
[ 1524825ms] [LOG] [Fast Refresh] done in 117ms @ http://localhost:3000/_next/static/chunks/node_modules_next_dist_115brz8._.js:2431
[ 1525871ms] [LOG] [Fast Refresh] rebuilding @ http://localhost:3000/_next/static/chunks/node_modules_next_dist_115brz8._.js:2431
[ 1526551ms] [LOG] [Fast Refresh] done in 780ms @ http://localhost:3000/_next/static/chunks/node_modules_next_dist_115brz8._.js:2431
[ 1526966ms] [LOG] [Fast Refresh] rebuilding @ http://localhost:3000/_next/static/chunks/node_modules_next_dist_115brz8._.js:2431
[ 1527034ms] [LOG] [Fast Refresh] done in 178ms @ http://localhost:3000/_next/static/chunks/node_modules_next_dist_115brz8._.js:2431
[ 1527140ms] [LOG] [Fast Refresh] rebuilding @ http://localhost:3000/_next/static/chunks/node_modules_next_dist_115brz8._.js:2431
[ 1527339ms] [LOG] [Fast Refresh] done in 301ms @ http://localhost:3000/_next/static/chunks/node_modules_next_dist_115brz8._.js:2431
[ 1528390ms] [LOG] [Fast Refresh] rebuilding @ http://localhost:3000/_next/static/chunks/node_modules_next_dist_115brz8._.js:2431
[ 2624158ms] [INFO] %cDownload the React DevTools for a better development experience: https://react.dev/link/react-devtools font-weight:bold @ http://localhost:3000/_next/static/chunks/node_modules_next_dist_115brz8._.js:2431
[ 2624843ms] [LOG] [HMR] connected @ http://localhost:3000/_next/static/chunks/node_modules_next_dist_115brz8._.js:2431
[ 2625434ms] [LOG] [Fast Refresh] rebuilding @ http://localhost:3000/_next/static/chunks/node_modules_next_dist_115brz8._.js:2431
[ 2628083ms] [LOG] [Fast Refresh] done in 2753ms @ http://localhost:3000/_next/static/chunks/node_modules_next_dist_115brz8._.js:2431
[ 2632090ms] [LOG] [Fast Refresh] rebuilding @ http://localhost:3000/_next/static/chunks/node_modules_next_dist_115brz8._.js:2431
[ 2632501ms] [LOG] [Fast Refresh] done in 535ms @ http://localhost:3000/_next/static/chunks/node_modules_next_dist_115brz8._.js:2431
[ 2632625ms] [LOG] [Fast Refresh] rebuilding @ http://localhost:3000/_next/static/chunks/node_modules_next_dist_115brz8._.js:2431
[ 2632926ms] [LOG] [Fast Refresh] done in 402ms @ http://localhost:3000/_next/static/chunks/node_modules_next_dist_115brz8._.js:2431
[ 2641908ms] [LOG] [Fast Refresh] rebuilding @ http://localhost:3000/_next/static/chunks/node_modules_next_dist_115brz8._.js:2431
[ 2641947ms] [LOG] [Fast Refresh] done in 164ms @ http://localhost:3000/_next/static/chunks/node_modules_next_dist_115brz8._.js:2431
[ 2643208ms] [LOG] [Fast Refresh] rebuilding @ http://localhost:3000/_next/static/chunks/node_modules_next_dist_115brz8._.js:2431
[ 2643216ms] [LOG] [Fast Refresh] done in 123ms @ http://localhost:3000/_next/static/chunks/node_modules_next_dist_115brz8._.js:2431
[ 2653170ms] [LOG] [Fast Refresh] rebuilding @ http://localhost:3000/_next/static/chunks/node_modules_next_dist_115brz8._.js:2431
[ 2653361ms] [LOG] [Fast Refresh] done in 310ms @ http://localhost:3000/_next/static/chunks/node_modules_next_dist_115brz8._.js:2431
[ 2685832ms] [LOG] [Fast Refresh] rebuilding @ http://localhost:3000/_next/static/chunks/node_modules_next_dist_115brz8._.js:2431
[ 2690059ms] [LOG] [Fast Refresh] done in 4358ms @ http://localhost:3000/_next/static/chunks/node_modules_next_dist_115brz8._.js:2431
[ 2706022ms] [LOG] [Fast Refresh] rebuilding @ http://localhost:3000/_next/static/chunks/node_modules_next_dist_115brz8._.js:2431
[ 2706394ms] [LOG] [Fast Refresh] done in 482ms @ http://localhost:3000/_next/static/chunks/node_modules_next_dist_115brz8._.js:2431
[ 2711347ms] [LOG] [Fast Refresh] rebuilding @ http://localhost:3000/_next/static/chunks/node_modules_next_dist_115brz8._.js:2431
[ 2711759ms] [LOG] [Fast Refresh] done in 560ms @ http://localhost:3000/_next/static/chunks/node_modules_next_dist_115brz8._.js:2431
[ 3338310ms] [LOG] [Fast Refresh] rebuilding @ http://localhost:3000/_next/static/chunks/node_modules_next_dist_115brz8._.js:2431
[ 3338446ms] [LOG] [Fast Refresh] done in 253ms @ http://localhost:3000/_next/static/chunks/node_modules_next_dist_115brz8._.js:2431
[ 3582842ms] [LOG] [Fast Refresh] rebuilding @ http://localhost:3000/_next/static/chunks/node_modules_next_dist_115brz8._.js:2431
[ 3582847ms] [LOG] [Fast Refresh] done in 147ms @ http://localhost:3000/_next/static/chunks/node_modules_next_dist_115brz8._.js:2431
[ 3862200ms] [LOG] [Fast Refresh] rebuilding @ http://localhost:3000/_next/static/chunks/node_modules_next_dist_115brz8._.js:2431
[ 3862219ms] [LOG] [Fast Refresh] done in 131ms @ http://localhost:3000/_next/static/chunks/node_modules_next_dist_115brz8._.js:2431
[ 4912613ms] [ERROR] Failed to load resource: net::ERR_CONNECTION_RESET @ http://localhost:3000/api/track:0
[ 4922184ms] [LOG] [HMR] connected @ http://localhost:3000/_next/static/chunks/node_modules_next_dist_115brz8._.js:2431
[ 4931036ms] [INFO] %cDownload the React DevTools for a better development experience: https://react.dev/link/react-devtools font-weight:bold @ http://localhost:3000/_next/static/chunks/node_modules_next_dist_115brz8._.js:2431
[ 4931644ms] [LOG] [HMR] connected @ http://localhost:3000/_next/static/chunks/node_modules_next_dist_115brz8._.js:2431
[ 4932633ms] [LOG] [Fast Refresh] rebuilding @ http://localhost:3000/_next/static/chunks/node_modules_next_dist_115brz8._.js:2431
[ 4932831ms] [LOG] [Fast Refresh] done in 313ms @ http://localhost:3000/_next/static/chunks/node_modules_next_dist_115brz8._.js:2431
[ 4933329ms] [LOG] [Fast Refresh] rebuilding @ http://localhost:3000/_next/static/chunks/node_modules_next_dist_115brz8._.js:2431
[ 4933391ms] [LOG] [Fast Refresh] done in 173ms @ http://localhost:3000/_next/static/chunks/node_modules_next_dist_115brz8._.js:2431
[ 4934310ms] [LOG] [Fast Refresh] rebuilding @ http://localhost:3000/_next/static/chunks/node_modules_next_dist_115brz8._.js:2431
[ 4934553ms] [LOG] [Fast Refresh] done in 350ms @ http://localhost:3000/_next/static/chunks/node_modules_next_dist_115brz8._.js:2431
