[    -617ms] [INFO] %cDownload the React DevTools for a better development experience: https://react.dev/link/react-devtools font-weight:bold @ http://localhost:3000/_next/static/chunks/node_modules_next_dist_115brz8._.js:2431
[    -510ms] [LOG] [HMR] connected @ http://localhost:3000/_next/static/chunks/node_modules_next_dist_115brz8._.js:2431
[     487ms] [LOG] [Fast Refresh] rebuilding @ http://localhost:3000/_next/static/chunks/node_modules_next_dist_115brz8._.js:2431
[     644ms] [LOG] [Fast Refresh] done in 271ms @ http://localhost:3000/_next/static/chunks/node_modules_next_dist_115brz8._.js:2431
[  130259ms] [INFO] %cDownload the React DevTools for a better development experience: https://react.dev/link/react-devtools font-weight:bold @ http://localhost:3000/_next/static/chunks/node_modules_next_dist_115brz8._.js:2431
[  133445ms] [LOG] [HMR] connected @ http://localhost:3000/_next/static/chunks/node_modules_next_dist_115brz8._.js:2431
[  134878ms] [LOG] [Fast Refresh] rebuilding @ http://localhost:3000/_next/static/chunks/node_modules_next_dist_115brz8._.js:2431
[  134941ms] [LOG] [Fast Refresh] done in 172ms @ http://localhost:3000/_next/static/chunks/node_modules_next_dist_115brz8._.js:2431
[  135045ms] [LOG] [Fast Refresh] rebuilding @ http://localhost:3000/_next/static/chunks/node_modules_next_dist_115brz8._.js:2431
[  135115ms] [LOG] [Fast Refresh] done in 172ms @ http://localhost:3000/_next/static/chunks/node_modules_next_dist_115brz8._.js:2431
[  135230ms] [LOG] [Fast Refresh] rebuilding @ http://localhost:3000/_next/static/chunks/node_modules_next_dist_115brz8._.js:2431
[  135250ms] [LOG] [Fast Refresh] done in 123ms @ http://localhost:3000/_next/static/chunks/node_modules_next_dist_115brz8._.js:2431
[  135479ms] [LOG] [Fast Refresh] rebuilding @ http://localhost:3000/_next/static/chunks/node_modules_next_dist_115brz8._.js:2431
[  135777ms] [LOG] [Fast Refresh] done in 405ms @ http://localhost:3000/_next/static/chunks/node_modules_next_dist_115brz8._.js:2431
[  138369ms] [LOG] [Fast Refresh] rebuilding @ http://localhost:3000/_next/static/chunks/node_modules_next_dist_115brz8._.js:2431
[  138395ms] [LOG] [Fast Refresh] done in 136ms @ http://localhost:3000/_next/static/chunks/node_modules_next_dist_115brz8._.js:2431
[  143697ms] [LOG] [Fast Refresh] rebuilding @ http://localhost:3000/_next/static/chunks/node_modules_next_dist_115brz8._.js:2431
[  144308ms] [LOG] [Fast Refresh] done in 718ms @ http://localhost:3000/_next/static/chunks/node_modules_next_dist_115brz8._.js:2431
[  150388ms] [LOG] [Fast Refresh] rebuilding @ http://localhost:3000/_next/static/chunks/node_modules_next_dist_115brz8._.js:2431
[  154154ms] [LOG] [Fast Refresh] done in 3880ms @ http://localhost:3000/_next/static/chunks/node_modules_next_dist_115brz8._.js:2431
[  161017ms] [LOG] [Fast Refresh] rebuilding @ http://localhost:3000/_next/static/chunks/node_modules_next_dist_115brz8._.js:2431
[  170633ms] [LOG] [Fast Refresh] done in 9744ms @ http://localhost:3000/_next/static/chunks/node_modules_next_dist_115brz8._.js:2431
[  171205ms] [LOG] [Fast Refresh] rebuilding @ http://localhost:3000/_next/static/chunks/node_modules_next_dist_115brz8._.js:2431
[  171455ms] [LOG] [Fast Refresh] done in 352ms @ http://localhost:3000/_next/static/chunks/node_modules_next_dist_115brz8._.js:2431
[  172240ms] [ERROR] %c%s%c [purchases] getCurrentUserPurchases background: #e6e6e6;background: light-dark(rgba(0,0,0,0.1), rgba(255,255,255,0.25));color: #000000;color: light-dark(#000000, #ffffff);border-radius: 2px  Server   {code: 42501, details: null, hint: null, message: permission denied for table users} @ http://localhost:3000/_next/static/chunks/node_modules_next_dist_115brz8._.js:3272
[  173479ms] [WARNING] Detected `scroll-behavior: smooth` on the `<html>` element. To disable smooth scrolling during route transitions, add `data-scroll-behavior="smooth"` to your <html> element. Learn more: https://nextjs.org/docs/messages/missing-data-scroll-behavior @ http://localhost:3000/_next/static/chunks/node_modules_next_dist_115brz8._.js:2431
[  173600ms] [LOG] [Fast Refresh] rebuilding @ http://localhost:3000/_next/static/chunks/node_modules_next_dist_115brz8._.js:2431
[  174024ms] [LOG] [Fast Refresh] done in 526ms @ http://localhost:3000/_next/static/chunks/node_modules_next_dist_115brz8._.js:2431
[  174220ms] [LOG] [Fast Refresh] rebuilding @ http://localhost:3000/_next/static/chunks/node_modules_next_dist_115brz8._.js:2431
[  174407ms] [LOG] [Fast Refresh] done in 292ms @ http://localhost:3000/_next/static/chunks/node_modules_next_dist_115brz8._.js:2431
[  174559ms] [LOG] [Fast Refresh] rebuilding @ http://localhost:3000/_next/static/chunks/node_modules_next_dist_115brz8._.js:2431
[  174776ms] [LOG] [Fast Refresh] done in 329ms @ http://localhost:3000/_next/static/chunks/node_modules_next_dist_115brz8._.js:2431
[  175128ms] [LOG] [Fast Refresh] rebuilding @ http://localhost:3000/_next/static/chunks/node_modules_next_dist_115brz8._.js:2431
[  175292ms] [LOG] [Fast Refresh] done in 268ms @ http://localhost:3000/_next/static/chunks/node_modules_next_dist_115brz8._.js:2431
[  175549ms] [LOG] [Fast Refresh] rebuilding @ http://localhost:3000/_next/static/chunks/node_modules_next_dist_115brz8._.js:2431
[  175575ms] [LOG] [Fast Refresh] done in 141ms @ http://localhost:3000/_next/static/chunks/node_modules_next_dist_115brz8._.js:2431
[  175829ms] [LOG] [Fast Refresh] rebuilding @ http://localhost:3000/_next/static/chunks/node_modules_next_dist_115brz8._.js:2431
[  175829ms] [LOG] [Fast Refresh] done in 105ms @ http://localhost:3000/_next/static/chunks/node_modules_next_dist_115brz8._.js:2431
[  175942ms] [LOG] [Fast Refresh] rebuilding @ http://localhost:3000/_next/static/chunks/node_modules_next_dist_115brz8._.js:2431
[  175994ms] [LOG] [Fast Refresh] done in 163ms @ http://localhost:3000/_next/static/chunks/node_modules_next_dist_115brz8._.js:2431
[  176175ms] [LOG] [Fast Refresh] rebuilding @ http://localhost:3000/_next/static/chunks/node_modules_next_dist_115brz8._.js:2431
[  176282ms] [LOG] [Fast Refresh] done in 222ms @ http://localhost:3000/_next/static/chunks/node_modules_next_dist_115brz8._.js:2431
[  176486ms] [LOG] [Fast Refresh] rebuilding @ http://localhost:3000/_next/static/chunks/node_modules_next_dist_115brz8._.js:2431
[  176573ms] [LOG] [Fast Refresh] done in 196ms @ http://localhost:3000/_next/static/chunks/node_modules_next_dist_115brz8._.js:2431
[  176766ms] [LOG] [Fast Refresh] rebuilding @ http://localhost:3000/_next/static/chunks/node_modules_next_dist_115brz8._.js:2431
[  176771ms] [LOG] [Fast Refresh] done in 120ms @ http://localhost:3000/_next/static/chunks/node_modules_next_dist_115brz8._.js:2431
[  177016ms] [LOG] [Fast Refresh] rebuilding @ http://localhost:3000/_next/static/chunks/node_modules_next_dist_115brz8._.js:2431
[  177095ms] [LOG] [Fast Refresh] done in 190ms @ http://localhost:3000/_next/static/chunks/node_modules_next_dist_115brz8._.js:2431
[  177297ms] [LOG] [Fast Refresh] rebuilding @ http://localhost:3000/_next/static/chunks/node_modules_next_dist_115brz8._.js:2431
[  177422ms] [LOG] [Fast Refresh] done in 229ms @ http://localhost:3000/_next/static/chunks/node_modules_next_dist_115brz8._.js:2431
[  177821ms] [LOG] [Fast Refresh] rebuilding @ http://localhost:3000/_next/static/chunks/node_modules_next_dist_115brz8._.js:2431
[  177895ms] [LOG] [Fast Refresh] done in 187ms @ http://localhost:3000/_next/static/chunks/node_modules_next_dist_115brz8._.js:2431
[  178000ms] [LOG] [Fast Refresh] rebuilding @ http://localhost:3000/_next/static/chunks/node_modules_next_dist_115brz8._.js:2431
[  178000ms] [LOG] [Fast Refresh] done in 105ms @ http://localhost:3000/_next/static/chunks/node_modules_next_dist_115brz8._.js:2431
[  178766ms] [LOG] [Fast Refresh] rebuilding @ http://localhost:3000/_next/static/chunks/node_modules_next_dist_115brz8._.js:2431
[  178781ms] [LOG] [Fast Refresh] done in 118ms @ http://localhost:3000/_next/static/chunks/node_modules_next_dist_115brz8._.js:2431
[  179069ms] [LOG] [Fast Refresh] rebuilding @ http://localhost:3000/_next/static/chunks/node_modules_next_dist_115brz8._.js:2431
[  179076ms] [LOG] [Fast Refresh] done in 121ms @ http://localhost:3000/_next/static/chunks/node_modules_next_dist_115brz8._.js:2431
[  179721ms] [LOG] [Fast Refresh] rebuilding @ http://localhost:3000/_next/static/chunks/node_modules_next_dist_115brz8._.js:2431
[  179777ms] [LOG] [Fast Refresh] done in 159ms @ http://localhost:3000/_next/static/chunks/node_modules_next_dist_115brz8._.js:2431
[  179935ms] [LOG] [Fast Refresh] rebuilding @ http://localhost:3000/_next/static/chunks/node_modules_next_dist_115brz8._.js:2431
[  180043ms] [LOG] [Fast Refresh] done in 221ms @ http://localhost:3000/_next/static/chunks/node_modules_next_dist_115brz8._.js:2431
[  180202ms] [LOG] [Fast Refresh] rebuilding @ http://localhost:3000/_next/static/chunks/node_modules_next_dist_115brz8._.js:2431
[  180219ms] [LOG] [Fast Refresh] done in 130ms @ http://localhost:3000/_next/static/chunks/node_modules_next_dist_115brz8._.js:2431
[  180324ms] [LOG] [Fast Refresh] rebuilding @ http://localhost:3000/_next/static/chunks/node_modules_next_dist_115brz8._.js:2431
[  180341ms] [LOG] [Fast Refresh] done in 122ms @ http://localhost:3000/_next/static/chunks/node_modules_next_dist_115brz8._.js:2431
[  180789ms] [LOG] [Fast Refresh] rebuilding @ http://localhost:3000/_next/static/chunks/node_modules_next_dist_115brz8._.js:2431
[  180803ms] [LOG] [Fast Refresh] done in 124ms @ http://localhost:3000/_next/static/chunks/node_modules_next_dist_115brz8._.js:2431
[  181012ms] [LOG] [Fast Refresh] rebuilding @ http://localhost:3000/_next/static/chunks/node_modules_next_dist_115brz8._.js:2431
[  181053ms] [LOG] [Fast Refresh] done in 150ms @ http://localhost:3000/_next/static/chunks/node_modules_next_dist_115brz8._.js:2431
[  181167ms] [LOG] [Fast Refresh] rebuilding @ http://localhost:3000/_next/static/chunks/node_modules_next_dist_115brz8._.js:2431
[  181256ms] [LOG] [Fast Refresh] done in 202ms @ http://localhost:3000/_next/static/chunks/node_modules_next_dist_115brz8._.js:2431
[  181459ms] [LOG] [Fast Refresh] rebuilding @ http://localhost:3000/_next/static/chunks/node_modules_next_dist_115brz8._.js:2431
[  181490ms] [LOG] [Fast Refresh] done in 135ms @ http://localhost:3000/_next/static/chunks/node_modules_next_dist_115brz8._.js:2431
[  181635ms] [LOG] [Fast Refresh] rebuilding @ http://localhost:3000/_next/static/chunks/node_modules_next_dist_115brz8._.js:2431
[  181636ms] [LOG] [Fast Refresh] done in 108ms @ http://localhost:3000/_next/static/chunks/node_modules_next_dist_115brz8._.js:2431
[  181937ms] [LOG] [Fast Refresh] rebuilding @ http://localhost:3000/_next/static/chunks/node_modules_next_dist_115brz8._.js:2431
[  182001ms] [LOG] [Fast Refresh] done in 177ms @ http://localhost:3000/_next/static/chunks/node_modules_next_dist_115brz8._.js:2431
[  182278ms] [LOG] [Fast Refresh] rebuilding @ http://localhost:3000/_next/static/chunks/node_modules_next_dist_115brz8._.js:2431
[  182328ms] [LOG] [Fast Refresh] done in 163ms @ http://localhost:3000/_next/static/chunks/node_modules_next_dist_115brz8._.js:2431
[  182432ms] [LOG] [Fast Refresh] rebuilding @ http://localhost:3000/_next/static/chunks/node_modules_next_dist_115brz8._.js:2431
[  182535ms] [LOG] [Fast Refresh] done in 206ms @ http://localhost:3000/_next/static/chunks/node_modules_next_dist_115brz8._.js:2431
[  182831ms] [LOG] [Fast Refresh] rebuilding @ http://localhost:3000/_next/static/chunks/node_modules_next_dist_115brz8._.js:2431
[  182913ms] [LOG] [Fast Refresh] done in 197ms @ http://localhost:3000/_next/static/chunks/node_modules_next_dist_115brz8._.js:2431
[  183060ms] [LOG] [Fast Refresh] rebuilding @ http://localhost:3000/_next/static/chunks/node_modules_next_dist_115brz8._.js:2431
[  183082ms] [LOG] [Fast Refresh] done in 137ms @ http://localhost:3000/_next/static/chunks/node_modules_next_dist_115brz8._.js:2431
[  183200ms] [LOG] [Fast Refresh] rebuilding @ http://localhost:3000/_next/static/chunks/node_modules_next_dist_115brz8._.js:2431
[  183232ms] [LOG] [Fast Refresh] done in 134ms @ http://localhost:3000/_next/static/chunks/node_modules_next_dist_115brz8._.js:2431
[  183387ms] [LOG] [Fast Refresh] rebuilding @ http://localhost:3000/_next/static/chunks/node_modules_next_dist_115brz8._.js:2431
[  183437ms] [LOG] [Fast Refresh] done in 165ms @ http://localhost:3000/_next/static/chunks/node_modules_next_dist_115brz8._.js:2431
[  184133ms] [LOG] [Fast Refresh] rebuilding @ http://localhost:3000/_next/static/chunks/node_modules_next_dist_115brz8._.js:2431
[  184429ms] [LOG] [Fast Refresh] done in 403ms @ http://localhost:3000/_next/static/chunks/node_modules_next_dist_115brz8._.js:2431
[  184573ms] [LOG] [Fast Refresh] rebuilding @ http://localhost:3000/_next/static/chunks/node_modules_next_dist_115brz8._.js:2431
[  184670ms] [LOG] [Fast Refresh] done in 209ms @ http://localhost:3000/_next/static/chunks/node_modules_next_dist_115brz8._.js:2431
[  185449ms] [LOG] [Fast Refresh] rebuilding @ http://localhost:3000/_next/static/chunks/node_modules_next_dist_115brz8._.js:2431
[  185488ms] [LOG] [Fast Refresh] done in 139ms @ http://localhost:3000/_next/static/chunks/node_modules_next_dist_115brz8._.js:2431
[  185590ms] [LOG] [Fast Refresh] rebuilding @ http://localhost:3000/_next/static/chunks/node_modules_next_dist_115brz8._.js:2431
[  185674ms] [LOG] [Fast Refresh] done in 187ms @ http://localhost:3000/_next/static/chunks/node_modules_next_dist_115brz8._.js:2431
[  185808ms] [LOG] [Fast Refresh] rebuilding @ http://localhost:3000/_next/static/chunks/node_modules_next_dist_115brz8._.js:2431
[  185838ms] [LOG] [Fast Refresh] done in 132ms @ http://localhost:3000/_next/static/chunks/node_modules_next_dist_115brz8._.js:2431
[  186088ms] [LOG] [Fast Refresh] rebuilding @ http://localhost:3000/_next/static/chunks/node_modules_next_dist_115brz8._.js:2431
[  186301ms] [LOG] [Fast Refresh] done in 314ms @ http://localhost:3000/_next/static/chunks/node_modules_next_dist_115brz8._.js:2431
[  186518ms] [LOG] [Fast Refresh] rebuilding @ http://localhost:3000/_next/static/chunks/node_modules_next_dist_115brz8._.js:2431
[  186521ms] [LOG] [Fast Refresh] done in 104ms @ http://localhost:3000/_next/static/chunks/node_modules_next_dist_115brz8._.js:2431
[  186652ms] [LOG] [Fast Refresh] rebuilding @ http://localhost:3000/_next/static/chunks/node_modules_next_dist_115brz8._.js:2431
[  186697ms] [LOG] [Fast Refresh] done in 146ms @ http://localhost:3000/_next/static/chunks/node_modules_next_dist_115brz8._.js:2431
[  186799ms] [LOG] [Fast Refresh] rebuilding @ http://localhost:3000/_next/static/chunks/node_modules_next_dist_115brz8._.js:2431
[  186839ms] [LOG] [Fast Refresh] done in 140ms @ http://localhost:3000/_next/static/chunks/node_modules_next_dist_115brz8._.js:2431
[  186992ms] [LOG] [Fast Refresh] rebuilding @ http://localhost:3000/_next/static/chunks/node_modules_next_dist_115brz8._.js:2431
[  187048ms] [LOG] [Fast Refresh] done in 171ms @ http://localhost:3000/_next/static/chunks/node_modules_next_dist_115brz8._.js:2431
[  187219ms] [LOG] [Fast Refresh] rebuilding @ http://localhost:3000/_next/static/chunks/node_modules_next_dist_115brz8._.js:2431
[  187274ms] [LOG] [Fast Refresh] done in 164ms @ http://localhost:3000/_next/static/chunks/node_modules_next_dist_115brz8._.js:2431
[  187453ms] [LOG] [Fast Refresh] rebuilding @ http://localhost:3000/_next/static/chunks/node_modules_next_dist_115brz8._.js:2431
[  187459ms] [LOG] [Fast Refresh] done in 107ms @ http://localhost:3000/_next/static/chunks/node_modules_next_dist_115brz8._.js:2431
[  187600ms] [LOG] [Fast Refresh] rebuilding @ http://localhost:3000/_next/static/chunks/node_modules_next_dist_115brz8._.js:2431
[  187611ms] [LOG] [Fast Refresh] done in 113ms @ http://localhost:3000/_next/static/chunks/node_modules_next_dist_115brz8._.js:2431
[  187737ms] [LOG] [Fast Refresh] rebuilding @ http://localhost:3000/_next/static/chunks/node_modules_next_dist_115brz8._.js:2431
[  187836ms] [LOG] [Fast Refresh] done in 199ms @ http://localhost:3000/_next/static/chunks/node_modules_next_dist_115brz8._.js:2431
[  187982ms] [LOG] [Fast Refresh] rebuilding @ http://localhost:3000/_next/static/chunks/node_modules_next_dist_115brz8._.js:2431
[  187984ms] [LOG] [Fast Refresh] done in 105ms @ http://localhost:3000/_next/static/chunks/node_modules_next_dist_115brz8._.js:2431
[  188139ms] [LOG] [Fast Refresh] rebuilding @ http://localhost:3000/_next/static/chunks/node_modules_next_dist_115brz8._.js:2431
[  188185ms] [LOG] [Fast Refresh] done in 153ms @ http://localhost:3000/_next/static/chunks/node_modules_next_dist_115brz8._.js:2431
[  188340ms] [LOG] [Fast Refresh] rebuilding @ http://localhost:3000/_next/static/chunks/node_modules_next_dist_115brz8._.js:2431
[  188368ms] [LOG] [Fast Refresh] done in 144ms @ http://localhost:3000/_next/static/chunks/node_modules_next_dist_115brz8._.js:2431
[  188588ms] [LOG] [Fast Refresh] rebuilding @ http://localhost:3000/_next/static/chunks/node_modules_next_dist_115brz8._.js:2431
[  188608ms] [LOG] [Fast Refresh] done in 134ms @ http://localhost:3000/_next/static/chunks/node_modules_next_dist_115brz8._.js:2431
[  188741ms] [LOG] [Fast Refresh] rebuilding @ http://localhost:3000/_next/static/chunks/node_modules_next_dist_115brz8._.js:2431
[  189026ms] [LOG] [Fast Refresh] done in 394ms @ http://localhost:3000/_next/static/chunks/node_modules_next_dist_115brz8._.js:2431
[  189160ms] [LOG] [Fast Refresh] rebuilding @ http://localhost:3000/_next/static/chunks/node_modules_next_dist_115brz8._.js:2431
[  189180ms] [LOG] [Fast Refresh] done in 127ms @ http://localhost:3000/_next/static/chunks/node_modules_next_dist_115brz8._.js:2431
[  189315ms] [LOG] [Fast Refresh] rebuilding @ http://localhost:3000/_next/static/chunks/node_modules_next_dist_115brz8._.js:2431
[  189367ms] [LOG] [Fast Refresh] done in 157ms @ http://localhost:3000/_next/static/chunks/node_modules_next_dist_115brz8._.js:2431
[  189503ms] [LOG] [Fast Refresh] rebuilding @ http://localhost:3000/_next/static/chunks/node_modules_next_dist_115brz8._.js:2431
[  189556ms] [LOG] [Fast Refresh] done in 158ms @ http://localhost:3000/_next/static/chunks/node_modules_next_dist_115brz8._.js:2431
[  191578ms] [LOG] [Fast Refresh] rebuilding @ http://localhost:3000/_next/static/chunks/node_modules_next_dist_115brz8._.js:2431
[  192460ms] [LOG] [Fast Refresh] done in 985ms @ http://localhost:3000/_next/static/chunks/node_modules_next_dist_115brz8._.js:2431
[  194729ms] [WARNING] The width(-1) and height(-1) of chart should be greater than 0,
       please check the style of container, or the props width(100%) and height(100%),
       or add a minWidth(0) or minHeight(undefined) or use aspect(undefined) to control the
       height and width. @ http://localhost:3000/_next/static/chunks/node_modules_next_dist_115brz8._.js:2431
[  194731ms] [WARNING] The width(-1) and height(-1) of chart should be greater than 0,
       please check the style of container, or the props width(100%) and height(100%),
       or add a minWidth(0) or minHeight(undefined) or use aspect(undefined) to control the
       height and width. @ http://localhost:3000/_next/static/chunks/node_modules_next_dist_115brz8._.js:2431
[  194735ms] [WARNING] The width(-1) and height(-1) of chart should be greater than 0,
       please check the style of container, or the props width(100%) and height(100%),
       or add a minWidth(0) or minHeight(undefined) or use aspect(undefined) to control the
       height and width. @ http://localhost:3000/_next/static/chunks/node_modules_next_dist_115brz8._.js:2431
[  194736ms] [WARNING] The width(-1) and height(-1) of chart should be greater than 0,
       please check the style of container, or the props width(100%) and height(100%),
       or add a minWidth(0) or minHeight(undefined) or use aspect(undefined) to control the
       height and width. @ http://localhost:3000/_next/static/chunks/node_modules_next_dist_115brz8._.js:2431
[  194741ms] [WARNING] The width(-1) and height(-1) of chart should be greater than 0,
       please check the style of container, or the props width(100%) and height(100%),
       or add a minWidth(0) or minHeight(undefined) or use aspect(undefined) to control the
       height and width. @ http://localhost:3000/_next/static/chunks/node_modules_next_dist_115brz8._.js:2431
[  194742ms] [WARNING] The width(-1) and height(-1) of chart should be greater than 0,
       please check the style of container, or the props width(100%) and height(100%),
       or add a minWidth(0) or minHeight(undefined) or use aspect(undefined) to control the
       height and width. @ http://localhost:3000/_next/static/chunks/node_modules_next_dist_115brz8._.js:2431
[  194745ms] [WARNING] The width(-1) and height(-1) of chart should be greater than 0,
       please check the style of container, or the props width(100%) and height(100%),
       or add a minWidth(0) or minHeight(undefined) or use aspect(undefined) to control the
       height and width. @ http://localhost:3000/_next/static/chunks/node_modules_next_dist_115brz8._.js:2431
[  194746ms] [WARNING] The width(-1) and height(-1) of chart should be greater than 0,
       please check the style of container, or the props width(100%) and height(100%),
       or add a minWidth(0) or minHeight(undefined) or use aspect(undefined) to control the
       height and width. @ http://localhost:3000/_next/static/chunks/node_modules_next_dist_115brz8._.js:2431
[  194751ms] [WARNING] The width(-1) and height(-1) of chart should be greater than 0,
       please check the style of container, or the props width(100%) and height(100%),
       or add a minWidth(0) or minHeight(undefined) or use aspect(undefined) to control the
       height and width. @ http://localhost:3000/_next/static/chunks/node_modules_next_dist_115brz8._.js:2431
[  194752ms] [WARNING] The width(-1) and height(-1) of chart should be greater than 0,
       please check the style of container, or the props width(100%) and height(100%),
       or add a minWidth(0) or minHeight(undefined) or use aspect(undefined) to control the
       height and width. @ http://localhost:3000/_next/static/chunks/node_modules_next_dist_115brz8._.js:2431
[  194872ms] [LOG] [Fast Refresh] rebuilding @ http://localhost:3000/_next/static/chunks/node_modules_next_dist_115brz8._.js:2431
[  195523ms] [LOG] [Fast Refresh] done in 856ms @ http://localhost:3000/_next/static/chunks/node_modules_next_dist_115brz8._.js:2431
[  225462ms] [LOG] [Fast Refresh] rebuilding @ http://localhost:3000/_next/static/chunks/node_modules_next_dist_115brz8._.js:2431
[  225613ms] [LOG] [Fast Refresh] done in 259ms @ http://localhost:3000/_next/static/chunks/node_modules_next_dist_115brz8._.js:2431
[  225867ms] [LOG] [Fast Refresh] rebuilding @ http://localhost:3000/_next/static/chunks/node_modules_next_dist_115brz8._.js:2431
[  226001ms] [LOG] [Fast Refresh] done in 246ms @ http://localhost:3000/_next/static/chunks/node_modules_next_dist_115brz8._.js:2431
[  226144ms] [LOG] [Fast Refresh] rebuilding @ http://localhost:3000/_next/static/chunks/node_modules_next_dist_115brz8._.js:2431
[  226549ms] [LOG] [Fast Refresh] done in 547ms @ http://localhost:3000/_next/static/chunks/node_modules_next_dist_115brz8._.js:2431
[  260477ms] [LOG] [Fast Refresh] rebuilding @ http://localhost:3000/_next/static/chunks/node_modules_next_dist_115brz8._.js:2431
[  261197ms] [LOG] [Fast Refresh] done in 831ms @ http://localhost:3000/_next/static/chunks/node_modules_next_dist_115brz8._.js:2431
[  267971ms] [LOG] [Fast Refresh] rebuilding @ http://localhost:3000/_next/static/chunks/node_modules_next_dist_115brz8._.js:2431
[  268467ms] [LOG] [Fast Refresh] done in 602ms @ http://localhost:3000/_next/static/chunks/node_modules_next_dist_115brz8._.js:2431
[  271335ms] [LOG] [Fast Refresh] rebuilding @ http://localhost:3000/_next/static/chunks/node_modules_next_dist_115brz8._.js:2431
[  271410ms] [LOG] [Fast Refresh] done in 182ms @ http://localhost:3000/_next/static/chunks/node_modules_next_dist_115brz8._.js:2431
[  271515ms] [LOG] [Fast Refresh] rebuilding @ http://localhost:3000/_next/static/chunks/node_modules_next_dist_115brz8._.js:2431
[  271605ms] [LOG] [Fast Refresh] done in 194ms @ http://localhost:3000/_next/static/chunks/node_modules_next_dist_115brz8._.js:2431
[  271921ms] [LOG] [Fast Refresh] rebuilding @ http://localhost:3000/_next/static/chunks/node_modules_next_dist_115brz8._.js:2431
[  272292ms] [LOG] [Fast Refresh] done in 476ms @ http://localhost:3000/_next/static/chunks/node_modules_next_dist_115brz8._.js:2431
[  275680ms] [LOG] [Fast Refresh] rebuilding @ http://localhost:3000/_next/static/chunks/node_modules_next_dist_115brz8._.js:2431
[  276186ms] [LOG] [Fast Refresh] done in 612ms @ http://localhost:3000/_next/static/chunks/node_modules_next_dist_115brz8._.js:2431
[  276294ms] [LOG] [Fast Refresh] rebuilding @ http://localhost:3000/_next/static/chunks/node_modules_next_dist_115brz8._.js:2431
[  276415ms] [LOG] [Fast Refresh] done in 228ms @ http://localhost:3000/_next/static/chunks/node_modules_next_dist_115brz8._.js:2431
[  298258ms] [LOG] [Fast Refresh] rebuilding @ http://localhost:3000/_next/static/chunks/node_modules_next_dist_115brz8._.js:2431
[  298269ms] [LOG] [Fast Refresh] done in 119ms @ http://localhost:3000/_next/static/chunks/node_modules_next_dist_115brz8._.js:2431
[  301823ms] [LOG] [Fast Refresh] rebuilding @ http://localhost:3000/_next/static/chunks/node_modules_next_dist_115brz8._.js:2431
[  313299ms] [LOG] [Fast Refresh] done in 11580ms @ http://localhost:3000/_next/static/chunks/node_modules_next_dist_115brz8._.js:2431
[  314479ms] [LOG] [Fast Refresh] rebuilding @ http://localhost:3000/_next/static/chunks/node_modules_next_dist_115brz8._.js:2431
[  314507ms] [LOG] [Fast Refresh] done in 147ms @ http://localhost:3000/_next/static/chunks/node_modules_next_dist_115brz8._.js:2431
[  330645ms] [LOG] [Fast Refresh] rebuilding @ http://localhost:3000/_next/static/chunks/node_modules_next_dist_115brz8._.js:2431
[  330654ms] [LOG] [Fast Refresh] done in 112ms @ http://localhost:3000/_next/static/chunks/node_modules_next_dist_115brz8._.js:2431
[  335211ms] [LOG] [Fast Refresh] rebuilding @ http://localhost:3000/_next/static/chunks/node_modules_next_dist_115brz8._.js:2431
[  335265ms] [LOG] [Fast Refresh] done in 158ms @ http://localhost:3000/_next/static/chunks/node_modules_next_dist_115brz8._.js:2431
[  335382ms] [LOG] [Fast Refresh] rebuilding @ http://localhost:3000/_next/static/chunks/node_modules_next_dist_115brz8._.js:2431
[  335397ms] [LOG] [Fast Refresh] done in 129ms @ http://localhost:3000/_next/static/chunks/node_modules_next_dist_115brz8._.js:2431
[  375895ms] [LOG] [Fast Refresh] rebuilding @ http://localhost:3000/_next/static/chunks/node_modules_next_dist_115brz8._.js:2431
[  376130ms] [LOG] [Fast Refresh] done in 347ms @ http://localhost:3000/_next/static/chunks/node_modules_next_dist_115brz8._.js:2431
[  380423ms] [LOG] [Fast Refresh] rebuilding @ http://localhost:3000/_next/static/chunks/node_modules_next_dist_115brz8._.js:2431
[  381007ms] [LOG] [Fast Refresh] done in 688ms @ http://localhost:3000/_next/static/chunks/node_modules_next_dist_115brz8._.js:2431
[  381179ms] [LOG] [Fast Refresh] rebuilding @ http://localhost:3000/_next/static/chunks/node_modules_next_dist_115brz8._.js:2431
[  381446ms] [LOG] [Fast Refresh] done in 372ms @ http://localhost:3000/_next/static/chunks/node_modules_next_dist_115brz8._.js:2431
[  384134ms] [LOG] [Fast Refresh] rebuilding @ http://localhost:3000/_next/static/chunks/node_modules_next_dist_115brz8._.js:2431
[  392784ms] [LOG] [Fast Refresh] done in 8757ms @ http://localhost:3000/_next/static/chunks/node_modules_next_dist_115brz8._.js:2431
[  394879ms] [LOG] [Fast Refresh] rebuilding @ http://localhost:3000/_next/static/chunks/node_modules_next_dist_115brz8._.js:2431
[  395221ms] [LOG] [Fast Refresh] done in 450ms @ http://localhost:3000/_next/static/chunks/node_modules_next_dist_115brz8._.js:2431
[  416342ms] [LOG] [Fast Refresh] rebuilding @ http://localhost:3000/_next/static/chunks/node_modules_next_dist_115brz8._.js:2431
[  416435ms] [LOG] [Fast Refresh] done in 199ms @ http://localhost:3000/_next/static/chunks/node_modules_next_dist_115brz8._.js:2431
[  416552ms] [LOG] [Fast Refresh] rebuilding @ http://localhost:3000/_next/static/chunks/node_modules_next_dist_115brz8._.js:2431
[  416559ms] [LOG] [Fast Refresh] done in 108ms @ http://localhost:3000/_next/static/chunks/node_modules_next_dist_115brz8._.js:2431
[  416666ms] [LOG] [Fast Refresh] rebuilding @ http://localhost:3000/_next/static/chunks/node_modules_next_dist_115brz8._.js:2431
[  416810ms] [LOG] [Fast Refresh] done in 250ms @ http://localhost:3000/_next/static/chunks/node_modules_next_dist_115brz8._.js:2431
[  416915ms] [LOG] [Fast Refresh] rebuilding @ http://localhost:3000/_next/static/chunks/node_modules_next_dist_115brz8._.js:2431
[  417055ms] [LOG] [Fast Refresh] done in 242ms @ http://localhost:3000/_next/static/chunks/node_modules_next_dist_115brz8._.js:2431
[  417164ms] [LOG] [Fast Refresh] rebuilding @ http://localhost:3000/_next/static/chunks/node_modules_next_dist_115brz8._.js:2431
[  417168ms] [LOG] [Fast Refresh] done in 106ms @ http://localhost:3000/_next/static/chunks/node_modules_next_dist_115brz8._.js:2431
[  417735ms] [LOG] [Fast Refresh] rebuilding @ http://localhost:3000/_next/static/chunks/node_modules_next_dist_115brz8._.js:2431
[  417799ms] [LOG] [Fast Refresh] done in 180ms @ http://localhost:3000/_next/static/chunks/node_modules_next_dist_115brz8._.js:2431
[  417906ms] [LOG] [Fast Refresh] rebuilding @ http://localhost:3000/_next/static/chunks/node_modules_next_dist_115brz8._.js:2431
[  418062ms] [LOG] [Fast Refresh] done in 259ms @ http://localhost:3000/_next/static/chunks/node_modules_next_dist_115brz8._.js:2431
[  418168ms] [LOG] [Fast Refresh] rebuilding @ http://localhost:3000/_next/static/chunks/node_modules_next_dist_115brz8._.js:2431
[  418350ms] [LOG] [Fast Refresh] done in 284ms @ http://localhost:3000/_next/static/chunks/node_modules_next_dist_115brz8._.js:2431
[  443766ms] [LOG] [Fast Refresh] rebuilding @ http://localhost:3000/_next/static/chunks/node_modules_next_dist_115brz8._.js:2431
[  444838ms] [LOG] [Fast Refresh] done in 1176ms @ http://localhost:3000/_next/static/chunks/node_modules_next_dist_115brz8._.js:2431
[  445446ms] [LOG] [Fast Refresh] rebuilding @ http://localhost:3000/_next/static/chunks/node_modules_next_dist_115brz8._.js:2431
[  446131ms] [LOG] [Fast Refresh] done in 787ms @ http://localhost:3000/_next/static/chunks/node_modules_next_dist_115brz8._.js:2431
[  448633ms] [LOG] [Fast Refresh] rebuilding @ http://localhost:3000/_next/static/chunks/node_modules_next_dist_115brz8._.js:2431
[  448740ms] [LOG] [Fast Refresh] done in 223ms @ http://localhost:3000/_next/static/chunks/node_modules_next_dist_115brz8._.js:2431
[  479983ms] [LOG] [Fast Refresh] rebuilding @ http://localhost:3000/_next/static/chunks/node_modules_next_dist_115brz8._.js:2431
[  480508ms] [LOG] [Fast Refresh] done in 626ms @ http://localhost:3000/_next/static/chunks/node_modules_next_dist_115brz8._.js:2431
[  484645ms] [LOG] [Fast Refresh] rebuilding @ http://localhost:3000/_next/static/chunks/node_modules_next_dist_115brz8._.js:2431
[  484659ms] [LOG] [Fast Refresh] done in 114ms @ http://localhost:3000/_next/static/chunks/node_modules_next_dist_115brz8._.js:2431
[  485538ms] [LOG] [Fast Refresh] rebuilding @ http://localhost:3000/_next/static/chunks/node_modules_next_dist_115brz8._.js:2431
[  485730ms] [LOG] [Fast Refresh] done in 306ms @ http://localhost:3000/_next/static/chunks/node_modules_next_dist_115brz8._.js:2431
[  599087ms] [LOG] [Fast Refresh] rebuilding @ http://localhost:3000/_next/static/chunks/node_modules_next_dist_115brz8._.js:2431
[  599092ms] [LOG] [Fast Refresh] done in 110ms @ http://localhost:3000/_next/static/chunks/node_modules_next_dist_115brz8._.js:2431
[  651463ms] [LOG] [Fast Refresh] rebuilding @ http://localhost:3000/_next/static/chunks/node_modules_next_dist_115brz8._.js:2431
[  683668ms] [LOG] [Fast Refresh] done in 32404ms @ http://localhost:3000/_next/static/chunks/node_modules_next_dist_115brz8._.js:2431
[  689704ms] [LOG] [Fast Refresh] rebuilding @ http://localhost:3000/_next/static/chunks/node_modules_next_dist_115brz8._.js:2431
[  690312ms] [LOG] [Fast Refresh] done in 376ms @ http://localhost:3000/_next/static/chunks/node_modules_next_dist_115brz8._.js:2431
[  690438ms] [LOG] [Fast Refresh] rebuilding @ http://localhost:3000/_next/static/chunks/node_modules_next_dist_115brz8._.js:2431
[  692161ms] [LOG] [Fast Refresh] done in 1828ms @ http://localhost:3000/_next/static/chunks/node_modules_next_dist_115brz8._.js:2431
[  692819ms] [LOG] [Fast Refresh] rebuilding @ http://localhost:3000/_next/static/chunks/node_modules_next_dist_115brz8._.js:2431
[  694342ms] [LOG] [Fast Refresh] done in 1634ms @ http://localhost:3000/_next/static/chunks/node_modules_next_dist_115brz8._.js:2431
[  694882ms] [LOG] [Fast Refresh] rebuilding @ http://localhost:3000/_next/static/chunks/node_modules_next_dist_115brz8._.js:2431
[  695213ms] [LOG] [Fast Refresh] done in 439ms @ http://localhost:3000/_next/static/chunks/node_modules_next_dist_115brz8._.js:2431
[  695938ms] [LOG] [Fast Refresh] rebuilding @ http://localhost:3000/_next/static/chunks/node_modules_next_dist_115brz8._.js:2431
[  697398ms] [LOG] [Fast Refresh] done in 1561ms @ http://localhost:3000/_next/static/chunks/node_modules_next_dist_115brz8._.js:2431
[  697626ms] [LOG] [Fast Refresh] rebuilding @ http://localhost:3000/_next/static/chunks/node_modules_next_dist_115brz8._.js:2431
[  697789ms] [LOG] [Fast Refresh] done in 266ms @ http://localhost:3000/_next/static/chunks/node_modules_next_dist_115brz8._.js:2431
[  698194ms] [LOG] [Fast Refresh] rebuilding @ http://localhost:3000/_next/static/chunks/node_modules_next_dist_115brz8._.js:2431
[  698423ms] [LOG] [Fast Refresh] done in 332ms @ http://localhost:3000/_next/static/chunks/node_modules_next_dist_115brz8._.js:2431
[  698862ms] [LOG] [Fast Refresh] rebuilding @ http://localhost:3000/_next/static/chunks/node_modules_next_dist_115brz8._.js:2431
[  698988ms] [LOG] [Fast Refresh] done in 226ms @ http://localhost:3000/_next/static/chunks/node_modules_next_dist_115brz8._.js:2431
[  699577ms] [LOG] [Fast Refresh] rebuilding @ http://localhost:3000/_next/static/chunks/node_modules_next_dist_115brz8._.js:2431
[  699715ms] [LOG] [Fast Refresh] done in 247ms @ http://localhost:3000/_next/static/chunks/node_modules_next_dist_115brz8._.js:2431
[  706040ms] [LOG] [Fast Refresh] rebuilding @ http://localhost:3000/_next/static/chunks/node_modules_next_dist_115brz8._.js:2431
[  706614ms] [LOG] [Fast Refresh] done in 676ms @ http://localhost:3000/_next/static/chunks/node_modules_next_dist_115brz8._.js:2431
[  707528ms] [LOG] [Fast Refresh] rebuilding @ http://localhost:3000/_next/static/chunks/node_modules_next_dist_115brz8._.js:2431
[  707597ms] [LOG] [Fast Refresh] done in 169ms @ http://localhost:3000/_next/static/chunks/node_modules_next_dist_115brz8._.js:2431
[  707698ms] [LOG] [Fast Refresh] rebuilding @ http://localhost:3000/_next/static/chunks/node_modules_next_dist_115brz8._.js:2431
[  707823ms] [LOG] [Fast Refresh] done in 225ms @ http://localhost:3000/_next/static/chunks/node_modules_next_dist_115brz8._.js:2431
[  711495ms] [INFO] %cDownload the React DevTools for a better development experience: https://react.dev/link/react-devtools font-weight:bold @ http://localhost:3000/_next/static/chunks/node_modules_next_dist_115brz8._.js:2431
[  712344ms] [LOG] [HMR] connected @ http://localhost:3000/_next/static/chunks/node_modules_next_dist_115brz8._.js:2431
[  712507ms] [LOG] [Fast Refresh] rebuilding @ http://localhost:3000/_next/static/chunks/node_modules_next_dist_115brz8._.js:2431
[  712514ms] [LOG] [Fast Refresh] done in 108ms @ http://localhost:3000/_next/static/chunks/node_modules_next_dist_115brz8._.js:2431
[  712690ms] [LOG] [Fast Refresh] rebuilding @ http://localhost:3000/_next/static/chunks/node_modules_next_dist_115brz8._.js:2431
[  712690ms] [LOG] [Fast Refresh] done in 102ms @ http://localhost:3000/_next/static/chunks/node_modules_next_dist_115brz8._.js:2431
[  712796ms] [LOG] [Fast Refresh] rebuilding @ http://localhost:3000/_next/static/chunks/node_modules_next_dist_115brz8._.js:2431
[  713525ms] [LOG] [Fast Refresh] done in 834ms @ http://localhost:3000/_next/static/chunks/node_modules_next_dist_115brz8._.js:2431
[  713995ms] [LOG] [Fast Refresh] rebuilding @ http://localhost:3000/_next/static/chunks/node_modules_next_dist_115brz8._.js:2431
[  714217ms] [LOG] [Fast Refresh] done in 331ms @ http://localhost:3000/_next/static/chunks/node_modules_next_dist_115brz8._.js:2431
[  714650ms] [LOG] [Fast Refresh] rebuilding @ http://localhost:3000/_next/static/chunks/node_modules_next_dist_115brz8._.js:2431
[  715130ms] [LOG] [Fast Refresh] done in 580ms @ http://localhost:3000/_next/static/chunks/node_modules_next_dist_115brz8._.js:2431
[  715537ms] [LOG] [Fast Refresh] rebuilding @ http://localhost:3000/_next/static/chunks/node_modules_next_dist_115brz8._.js:2431
[  715787ms] [LOG] [Fast Refresh] done in 354ms @ http://localhost:3000/_next/static/chunks/node_modules_next_dist_115brz8._.js:2431
[  717427ms] [LOG] [Fast Refresh] rebuilding @ http://localhost:3000/_next/static/chunks/node_modules_next_dist_115brz8._.js:2431
[  717634ms] [LOG] [Fast Refresh] done in 320ms @ http://localhost:3000/_next/static/chunks/node_modules_next_dist_115brz8._.js:2431
[  718314ms] [LOG] [Fast Refresh] rebuilding @ http://localhost:3000/_next/static/chunks/node_modules_next_dist_115brz8._.js:2431
[  718378ms] [LOG] [Fast Refresh] done in 174ms @ http://localhost:3000/_next/static/chunks/node_modules_next_dist_115brz8._.js:2431
[  718485ms] [LOG] [Fast Refresh] rebuilding @ http://localhost:3000/_next/static/chunks/node_modules_next_dist_115brz8._.js:2431
[  718543ms] [LOG] [Fast Refresh] done in 164ms @ http://localhost:3000/_next/static/chunks/node_modules_next_dist_115brz8._.js:2431
[  718658ms] [LOG] [Fast Refresh] rebuilding @ http://localhost:3000/_next/static/chunks/node_modules_next_dist_115brz8._.js:2431
[  718668ms] [LOG] [Fast Refresh] done in 122ms @ http://localhost:3000/_next/static/chunks/node_modules_next_dist_115brz8._.js:2431
[  718861ms] [LOG] [Fast Refresh] rebuilding @ http://localhost:3000/_next/static/chunks/node_modules_next_dist_115brz8._.js:2431
[  718889ms] [LOG] [Fast Refresh] done in 142ms @ http://localhost:3000/_next/static/chunks/node_modules_next_dist_115brz8._.js:2431
[  719107ms] [LOG] [Fast Refresh] rebuilding @ http://localhost:3000/_next/static/chunks/node_modules_next_dist_115brz8._.js:2431
[  719153ms] [LOG] [Fast Refresh] done in 161ms @ http://localhost:3000/_next/static/chunks/node_modules_next_dist_115brz8._.js:2431
[  719435ms] [LOG] [Fast Refresh] rebuilding @ http://localhost:3000/_next/static/chunks/node_modules_next_dist_115brz8._.js:2431
[  719463ms] [LOG] [Fast Refresh] done in 133ms @ http://localhost:3000/_next/static/chunks/node_modules_next_dist_115brz8._.js:2431
[  719573ms] [LOG] [Fast Refresh] rebuilding @ http://localhost:3000/_next/static/chunks/node_modules_next_dist_115brz8._.js:2431
[  719573ms] [LOG] [Fast Refresh] done in 109ms @ http://localhost:3000/_next/static/chunks/node_modules_next_dist_115brz8._.js:2431
[  719718ms] [LOG] [Fast Refresh] rebuilding @ http://localhost:3000/_next/static/chunks/node_modules_next_dist_115brz8._.js:2431
[  719820ms] [LOG] [Fast Refresh] done in 210ms @ http://localhost:3000/_next/static/chunks/node_modules_next_dist_115brz8._.js:2431
[  720032ms] [LOG] [Fast Refresh] rebuilding @ http://localhost:3000/_next/static/chunks/node_modules_next_dist_115brz8._.js:2431
[  720055ms] [LOG] [Fast Refresh] done in 129ms @ http://localhost:3000/_next/static/chunks/node_modules_next_dist_115brz8._.js:2431
[  720267ms] [LOG] [Fast Refresh] rebuilding @ http://localhost:3000/_next/static/chunks/node_modules_next_dist_115brz8._.js:2431
[  720348ms] [LOG] [Fast Refresh] done in 182ms @ http://localhost:3000/_next/static/chunks/node_modules_next_dist_115brz8._.js:2431
[  720618ms] [LOG] [Fast Refresh] rebuilding @ http://localhost:3000/_next/static/chunks/node_modules_next_dist_115brz8._.js:2431
[  720653ms] [LOG] [Fast Refresh] done in 142ms @ http://localhost:3000/_next/static/chunks/node_modules_next_dist_115brz8._.js:2431
[  720879ms] [LOG] [Fast Refresh] rebuilding @ http://localhost:3000/_next/static/chunks/node_modules_next_dist_115brz8._.js:2431
[  720939ms] [LOG] [Fast Refresh] done in 171ms @ http://localhost:3000/_next/static/chunks/node_modules_next_dist_115brz8._.js:2431
[  721232ms] [LOG] [Fast Refresh] rebuilding @ http://localhost:3000/_next/static/chunks/node_modules_next_dist_115brz8._.js:2431
[  721304ms] [LOG] [Fast Refresh] done in 175ms @ http://localhost:3000/_next/static/chunks/node_modules_next_dist_115brz8._.js:2431
[  721535ms] [LOG] [Fast Refresh] rebuilding @ http://localhost:3000/_next/static/chunks/node_modules_next_dist_115brz8._.js:2431
[  721547ms] [LOG] [Fast Refresh] done in 124ms @ http://localhost:3000/_next/static/chunks/node_modules_next_dist_115brz8._.js:2431
[  721924ms] [LOG] [Fast Refresh] rebuilding @ http://localhost:3000/_next/static/chunks/node_modules_next_dist_115brz8._.js:2431
[  722135ms] [LOG] [Fast Refresh] done in 317ms @ http://localhost:3000/_next/static/chunks/node_modules_next_dist_115brz8._.js:2431
[  722653ms] [LOG] [Fast Refresh] rebuilding @ http://localhost:3000/_next/static/chunks/node_modules_next_dist_115brz8._.js:2431
[  722856ms] [LOG] [Fast Refresh] done in 311ms @ http://localhost:3000/_next/static/chunks/node_modules_next_dist_115brz8._.js:2431
[  723255ms] [LOG] [Fast Refresh] rebuilding @ http://localhost:3000/_next/static/chunks/node_modules_next_dist_115brz8._.js:2431
[  723336ms] [LOG] [Fast Refresh] done in 182ms @ http://localhost:3000/_next/static/chunks/node_modules_next_dist_115brz8._.js:2431
[  723437ms] [LOG] [Fast Refresh] rebuilding @ http://localhost:3000/_next/static/chunks/node_modules_next_dist_115brz8._.js:2431
[  723665ms] [LOG] [Fast Refresh] done in 329ms @ http://localhost:3000/_next/static/chunks/node_modules_next_dist_115brz8._.js:2431
[  723810ms] [LOG] [Fast Refresh] rebuilding @ http://localhost:3000/_next/static/chunks/node_modules_next_dist_115brz8._.js:2431
[  724077ms] [LOG] [Fast Refresh] done in 368ms @ http://localhost:3000/_next/static/chunks/node_modules_next_dist_115brz8._.js:2431
[  724359ms] [LOG] [Fast Refresh] rebuilding @ http://localhost:3000/_next/static/chunks/node_modules_next_dist_115brz8._.js:2431
[  724380ms] [LOG] [Fast Refresh] done in 123ms @ http://localhost:3000/_next/static/chunks/node_modules_next_dist_115brz8._.js:2431
[  724481ms] [LOG] [Fast Refresh] rebuilding @ http://localhost:3000/_next/static/chunks/node_modules_next_dist_115brz8._.js:2431
[  724581ms] [LOG] [Fast Refresh] done in 201ms @ http://localhost:3000/_next/static/chunks/node_modules_next_dist_115brz8._.js:2431
[  724821ms] [LOG] [Fast Refresh] rebuilding @ http://localhost:3000/_next/static/chunks/node_modules_next_dist_115brz8._.js:2431
[  724870ms] [LOG] [Fast Refresh] done in 157ms @ http://localhost:3000/_next/static/chunks/node_modules_next_dist_115brz8._.js:2431
[  725057ms] [LOG] [Fast Refresh] rebuilding @ http://localhost:3000/_next/static/chunks/node_modules_next_dist_115brz8._.js:2431
[  725058ms] [LOG] [Fast Refresh] done in 101ms @ http://localhost:3000/_next/static/chunks/node_modules_next_dist_115brz8._.js:2431
[  725165ms] [LOG] [Fast Refresh] rebuilding @ http://localhost:3000/_next/static/chunks/node_modules_next_dist_115brz8._.js:2431
[  725269ms] [LOG] [Fast Refresh] done in 210ms @ http://localhost:3000/_next/static/chunks/node_modules_next_dist_115brz8._.js:2431
[  725520ms] [LOG] [Fast Refresh] rebuilding @ http://localhost:3000/_next/static/chunks/node_modules_next_dist_115brz8._.js:2431
[  725626ms] [LOG] [Fast Refresh] done in 211ms @ http://localhost:3000/_next/static/chunks/node_modules_next_dist_115brz8._.js:2431
[  725851ms] [LOG] [Fast Refresh] rebuilding @ http://localhost:3000/_next/static/chunks/node_modules_next_dist_115brz8._.js:2431
[  725965ms] [LOG] [Fast Refresh] done in 214ms @ http://localhost:3000/_next/static/chunks/node_modules_next_dist_115brz8._.js:2431
[  726301ms] [LOG] [Fast Refresh] rebuilding @ http://localhost:3000/_next/static/chunks/node_modules_next_dist_115brz8._.js:2431
[  726458ms] [LOG] [Fast Refresh] done in 265ms @ http://localhost:3000/_next/static/chunks/node_modules_next_dist_115brz8._.js:2431
[  726680ms] [LOG] [Fast Refresh] rebuilding @ http://localhost:3000/_next/static/chunks/node_modules_next_dist_115brz8._.js:2431
[  726886ms] [LOG] [Fast Refresh] done in 307ms @ http://localhost:3000/_next/static/chunks/node_modules_next_dist_115brz8._.js:2431
[  727082ms] [LOG] [Fast Refresh] rebuilding @ http://localhost:3000/_next/static/chunks/node_modules_next_dist_115brz8._.js:2431
[  727881ms] [LOG] [Fast Refresh] done in 906ms @ http://localhost:3000/_next/static/chunks/node_modules_next_dist_115brz8._.js:2431
[  728188ms] [LOG] [Fast Refresh] rebuilding @ http://localhost:3000/_next/static/chunks/node_modules_next_dist_115brz8._.js:2431
[  728361ms] [LOG] [Fast Refresh] done in 285ms @ http://localhost:3000/_next/static/chunks/node_modules_next_dist_115brz8._.js:2431
[  728564ms] [LOG] [Fast Refresh] rebuilding @ http://localhost:3000/_next/static/chunks/node_modules_next_dist_115brz8._.js:2431
[  728600ms] [LOG] [Fast Refresh] done in 144ms @ http://localhost:3000/_next/static/chunks/node_modules_next_dist_115brz8._.js:2431
[  728715ms] [LOG] [Fast Refresh] rebuilding @ http://localhost:3000/_next/static/chunks/node_modules_next_dist_115brz8._.js:2431
[  728808ms] [LOG] [Fast Refresh] done in 199ms @ http://localhost:3000/_next/static/chunks/node_modules_next_dist_115brz8._.js:2431
[  728918ms] [LOG] [Fast Refresh] rebuilding @ http://localhost:3000/_next/static/chunks/node_modules_next_dist_115brz8._.js:2431
[  729096ms] [LOG] [Fast Refresh] done in 284ms @ http://localhost:3000/_next/static/chunks/node_modules_next_dist_115brz8._.js:2431
[  729467ms] [LOG] [Fast Refresh] rebuilding @ http://localhost:3000/_next/static/chunks/node_modules_next_dist_115brz8._.js:2431
[  729617ms] [LOG] [Fast Refresh] done in 252ms @ http://localhost:3000/_next/static/chunks/node_modules_next_dist_115brz8._.js:2431
[  729791ms] [LOG] [Fast Refresh] rebuilding @ http://localhost:3000/_next/static/chunks/node_modules_next_dist_115brz8._.js:2431
[  729928ms] [LOG] [Fast Refresh] done in 240ms @ http://localhost:3000/_next/static/chunks/node_modules_next_dist_115brz8._.js:2431
[  730316ms] [LOG] [Fast Refresh] rebuilding @ http://localhost:3000/_next/static/chunks/node_modules_next_dist_115brz8._.js:2431
[  730390ms] [LOG] [Fast Refresh] done in 185ms @ http://localhost:3000/_next/static/chunks/node_modules_next_dist_115brz8._.js:2431
[  730639ms] [LOG] [Fast Refresh] rebuilding @ http://localhost:3000/_next/static/chunks/node_modules_next_dist_115brz8._.js:2431
[  730711ms] [LOG] [Fast Refresh] done in 182ms @ http://localhost:3000/_next/static/chunks/node_modules_next_dist_115brz8._.js:2431
[  730820ms] [LOG] [Fast Refresh] rebuilding @ http://localhost:3000/_next/static/chunks/node_modules_next_dist_115brz8._.js:2431
[  730960ms] [LOG] [Fast Refresh] done in 248ms @ http://localhost:3000/_next/static/chunks/node_modules_next_dist_115brz8._.js:2431
[  731219ms] [LOG] [Fast Refresh] rebuilding @ http://localhost:3000/_next/static/chunks/node_modules_next_dist_115brz8._.js:2431
[  731342ms] [LOG] [Fast Refresh] done in 231ms @ http://localhost:3000/_next/static/chunks/node_modules_next_dist_115brz8._.js:2431
[  731903ms] [LOG] [Fast Refresh] rebuilding @ http://localhost:3000/_next/static/chunks/node_modules_next_dist_115brz8._.js:2431
[  731981ms] [LOG] [Fast Refresh] done in 183ms @ http://localhost:3000/_next/static/chunks/node_modules_next_dist_115brz8._.js:2431
[  732088ms] [LOG] [Fast Refresh] rebuilding @ http://localhost:3000/_next/static/chunks/node_modules_next_dist_115brz8._.js:2431
[  732140ms] [LOG] [Fast Refresh] done in 157ms @ http://localhost:3000/_next/static/chunks/node_modules_next_dist_115brz8._.js:2431
[  732257ms] [LOG] [Fast Refresh] rebuilding @ http://localhost:3000/_next/static/chunks/node_modules_next_dist_115brz8._.js:2431
[  732367ms] [LOG] [Fast Refresh] done in 217ms @ http://localhost:3000/_next/static/chunks/node_modules_next_dist_115brz8._.js:2431
[  732482ms] [LOG] [Fast Refresh] rebuilding @ http://localhost:3000/_next/static/chunks/node_modules_next_dist_115brz8._.js:2431
[  732547ms] [LOG] [Fast Refresh] done in 173ms @ http://localhost:3000/_next/static/chunks/node_modules_next_dist_115brz8._.js:2431
[  732723ms] [LOG] [Fast Refresh] rebuilding @ http://localhost:3000/_next/static/chunks/node_modules_next_dist_115brz8._.js:2431
[  732911ms] [LOG] [Fast Refresh] done in 291ms @ http://localhost:3000/_next/static/chunks/node_modules_next_dist_115brz8._.js:2431
[  733293ms] [LOG] [Fast Refresh] rebuilding @ http://localhost:3000/_next/static/chunks/node_modules_next_dist_115brz8._.js:2431
[  733343ms] [LOG] [Fast Refresh] done in 154ms @ http://localhost:3000/_next/static/chunks/node_modules_next_dist_115brz8._.js:2431
[  733463ms] [LOG] [Fast Refresh] rebuilding @ http://localhost:3000/_next/static/chunks/node_modules_next_dist_115brz8._.js:2431
[  733662ms] [LOG] [Fast Refresh] done in 316ms @ http://localhost:3000/_next/static/chunks/node_modules_next_dist_115brz8._.js:2431
[  737825ms] [LOG] [Fast Refresh] rebuilding @ http://localhost:3000/_next/static/chunks/node_modules_next_dist_115brz8._.js:2431
[  737834ms] [LOG] [Fast Refresh] done in 114ms @ http://localhost:3000/_next/static/chunks/node_modules_next_dist_115brz8._.js:2431
[  737974ms] [LOG] [Fast Refresh] rebuilding @ http://localhost:3000/_next/static/chunks/node_modules_next_dist_115brz8._.js:2431
[  738100ms] [LOG] [Fast Refresh] done in 227ms @ http://localhost:3000/_next/static/chunks/node_modules_next_dist_115brz8._.js:2431
[  738504ms] [LOG] [Fast Refresh] rebuilding @ http://localhost:3000/_next/static/chunks/node_modules_next_dist_115brz8._.js:2431
[  738569ms] [LOG] [Fast Refresh] done in 173ms @ http://localhost:3000/_next/static/chunks/node_modules_next_dist_115brz8._.js:2431
[  738868ms] [LOG] [Fast Refresh] rebuilding @ http://localhost:3000/_next/static/chunks/node_modules_next_dist_115brz8._.js:2431
[  738915ms] [LOG] [Fast Refresh] done in 154ms @ http://localhost:3000/_next/static/chunks/node_modules_next_dist_115brz8._.js:2431
[  739026ms] [LOG] [Fast Refresh] rebuilding @ http://localhost:3000/_next/static/chunks/node_modules_next_dist_115brz8._.js:2431
[  739027ms] [LOG] [Fast Refresh] done in 107ms @ http://localhost:3000/_next/static/chunks/node_modules_next_dist_115brz8._.js:2431
[  739140ms] [LOG] [Fast Refresh] rebuilding @ http://localhost:3000/_next/static/chunks/node_modules_next_dist_115brz8._.js:2431
[  739275ms] [LOG] [Fast Refresh] done in 242ms @ http://localhost:3000/_next/static/chunks/node_modules_next_dist_115brz8._.js:2431
[  740284ms] [LOG] [Fast Refresh] rebuilding @ http://localhost:3000/_next/static/chunks/node_modules_next_dist_115brz8._.js:2431
[  740553ms] [LOG] [Fast Refresh] done in 379ms @ http://localhost:3000/_next/static/chunks/node_modules_next_dist_115brz8._.js:2431
[  741001ms] [LOG] [Fast Refresh] rebuilding @ http://localhost:3000/_next/static/chunks/node_modules_next_dist_115brz8._.js:2431
[  741272ms] [LOG] [Fast Refresh] done in 381ms @ http://localhost:3000/_next/static/chunks/node_modules_next_dist_115brz8._.js:2431
[  741478ms] [LOG] [Fast Refresh] rebuilding @ http://localhost:3000/_next/static/chunks/node_modules_next_dist_115brz8._.js:2431
[  741684ms] [LOG] [Fast Refresh] done in 317ms @ http://localhost:3000/_next/static/chunks/node_modules_next_dist_115brz8._.js:2431
[  743079ms] [LOG] [Fast Refresh] rebuilding @ http://localhost:3000/_next/static/chunks/node_modules_next_dist_115brz8._.js:2431
[  743508ms] [LOG] [Fast Refresh] done in 535ms @ http://localhost:3000/_next/static/chunks/node_modules_next_dist_115brz8._.js:2431
[  744106ms] [LOG] [Fast Refresh] rebuilding @ http://localhost:3000/_next/static/chunks/node_modules_next_dist_115brz8._.js:2431
[  744217ms] [LOG] [Fast Refresh] done in 222ms @ http://localhost:3000/_next/static/chunks/node_modules_next_dist_115brz8._.js:2431
[  744502ms] [LOG] [Fast Refresh] rebuilding @ http://localhost:3000/_next/static/chunks/node_modules_next_dist_115brz8._.js:2431
[  744552ms] [LOG] [Fast Refresh] done in 160ms @ http://localhost:3000/_next/static/chunks/node_modules_next_dist_115brz8._.js:2431
[  744778ms] [LOG] [Fast Refresh] rebuilding @ http://localhost:3000/_next/static/chunks/node_modules_next_dist_115brz8._.js:2431
[  746048ms] [LOG] [Fast Refresh] done in 1382ms @ http://localhost:3000/_next/static/chunks/node_modules_next_dist_115brz8._.js:2431
[  748610ms] [LOG] [Fast Refresh] rebuilding @ http://localhost:3000/_next/static/chunks/node_modules_next_dist_115brz8._.js:2431
[  748670ms] [LOG] [Fast Refresh] done in 164ms @ http://localhost:3000/_next/static/chunks/node_modules_next_dist_115brz8._.js:2431
[  748779ms] [LOG] [Fast Refresh] rebuilding @ http://localhost:3000/_next/static/chunks/node_modules_next_dist_115brz8._.js:2431
[  749067ms] [LOG] [Fast Refresh] done in 392ms @ http://localhost:3000/_next/static/chunks/node_modules_next_dist_115brz8._.js:2431
[  749285ms] [LOG] [Fast Refresh] rebuilding @ http://localhost:3000/_next/static/chunks/node_modules_next_dist_115brz8._.js:2431
[  749342ms] [LOG] [Fast Refresh] done in 167ms @ http://localhost:3000/_next/static/chunks/node_modules_next_dist_115brz8._.js:2431
[  749484ms] [LOG] [Fast Refresh] rebuilding @ http://localhost:3000/_next/static/chunks/node_modules_next_dist_115brz8._.js:2431
[  749580ms] [LOG] [Fast Refresh] done in 200ms @ http://localhost:3000/_next/static/chunks/node_modules_next_dist_115brz8._.js:2431
[  749719ms] [LOG] [Fast Refresh] rebuilding @ http://localhost:3000/_next/static/chunks/node_modules_next_dist_115brz8._.js:2431
[  749810ms] [LOG] [Fast Refresh] done in 195ms @ http://localhost:3000/_next/static/chunks/node_modules_next_dist_115brz8._.js:2431
[  749981ms] [LOG] [Fast Refresh] rebuilding @ http://localhost:3000/_next/static/chunks/node_modules_next_dist_115brz8._.js:2431
[  750427ms] [LOG] [Fast Refresh] done in 551ms @ http://localhost:3000/_next/static/chunks/node_modules_next_dist_115brz8._.js:2431
[  750622ms] [LOG] [Fast Refresh] rebuilding @ http://localhost:3000/_next/static/chunks/node_modules_next_dist_115brz8._.js:2431
[  750673ms] [LOG] [Fast Refresh] done in 159ms @ http://localhost:3000/_next/static/chunks/node_modules_next_dist_115brz8._.js:2431
[  750779ms] [LOG] [Fast Refresh] rebuilding @ http://localhost:3000/_next/static/chunks/node_modules_next_dist_115brz8._.js:2431
[  750808ms] [LOG] [Fast Refresh] done in 130ms @ http://localhost:3000/_next/static/chunks/node_modules_next_dist_115brz8._.js:2431
[  750929ms] [LOG] [Fast Refresh] rebuilding @ http://localhost:3000/_next/static/chunks/node_modules_next_dist_115brz8._.js:2431
[  750962ms] [LOG] [Fast Refresh] done in 137ms @ http://localhost:3000/_next/static/chunks/node_modules_next_dist_115brz8._.js:2431
[  751097ms] [LOG] [Fast Refresh] rebuilding @ http://localhost:3000/_next/static/chunks/node_modules_next_dist_115brz8._.js:2431
[  751650ms] [LOG] [Fast Refresh] done in 660ms @ http://localhost:3000/_next/static/chunks/node_modules_next_dist_115brz8._.js:2431
[  751772ms] [LOG] [Fast Refresh] rebuilding @ http://localhost:3000/_next/static/chunks/node_modules_next_dist_115brz8._.js:2431
[  751825ms] [LOG] [Fast Refresh] done in 159ms @ http://localhost:3000/_next/static/chunks/node_modules_next_dist_115brz8._.js:2431
[  751990ms] [LOG] [Fast Refresh] rebuilding @ http://localhost:3000/_next/static/chunks/node_modules_next_dist_115brz8._.js:2431
[  751990ms] [LOG] [Fast Refresh] done in 162ms @ http://localhost:3000/_next/static/chunks/node_modules_next_dist_115brz8._.js:2431
[  752219ms] [LOG] [Fast Refresh] rebuilding @ http://localhost:3000/_next/static/chunks/node_modules_next_dist_115brz8._.js:2431
[  752689ms] [LOG] [Fast Refresh] done in 573ms @ http://localhost:3000/_next/static/chunks/node_modules_next_dist_115brz8._.js:2431
[  753087ms] [LOG] [Fast Refresh] rebuilding @ http://localhost:3000/_next/static/chunks/node_modules_next_dist_115brz8._.js:2431
[  753684ms] [LOG] [Fast Refresh] done in 708ms @ http://localhost:3000/_next/static/chunks/node_modules_next_dist_115brz8._.js:2431
[  753917ms] [LOG] [Fast Refresh] rebuilding @ http://localhost:3000/_next/static/chunks/node_modules_next_dist_115brz8._.js:2431
[  753949ms] [LOG] [Fast Refresh] done in 136ms @ http://localhost:3000/_next/static/chunks/node_modules_next_dist_115brz8._.js:2431
[  754226ms] [LOG] [Fast Refresh] rebuilding @ http://localhost:3000/_next/static/chunks/node_modules_next_dist_115brz8._.js:2431
[  754678ms] [LOG] [Fast Refresh] done in 558ms @ http://localhost:3000/_next/static/chunks/node_modules_next_dist_115brz8._.js:2431
[  755101ms] [LOG] [Fast Refresh] rebuilding @ http://localhost:3000/_next/static/chunks/node_modules_next_dist_115brz8._.js:2431
[  755115ms] [LOG] [Fast Refresh] done in 117ms @ http://localhost:3000/_next/static/chunks/node_modules_next_dist_115brz8._.js:2431
[  755420ms] [LOG] [Fast Refresh] rebuilding @ http://localhost:3000/_next/static/chunks/node_modules_next_dist_115brz8._.js:2431
[  755798ms] [LOG] [Fast Refresh] done in 486ms @ http://localhost:3000/_next/static/chunks/node_modules_next_dist_115brz8._.js:2431
[  756070ms] [LOG] [Fast Refresh] rebuilding @ http://localhost:3000/_next/static/chunks/node_modules_next_dist_115brz8._.js:2431
[  756103ms] [LOG] [Fast Refresh] done in 137ms @ http://localhost:3000/_next/static/chunks/node_modules_next_dist_115brz8._.js:2431
[  756296ms] [LOG] [Fast Refresh] rebuilding @ http://localhost:3000/_next/static/chunks/node_modules_next_dist_115brz8._.js:2431
[  756498ms] [LOG] [Fast Refresh] done in 312ms @ http://localhost:3000/_next/static/chunks/node_modules_next_dist_115brz8._.js:2431
[  756606ms] [LOG] [Fast Refresh] rebuilding @ http://localhost:3000/_next/static/chunks/node_modules_next_dist_115brz8._.js:2431
[  756885ms] [LOG] [Fast Refresh] done in 386ms @ http://localhost:3000/_next/static/chunks/node_modules_next_dist_115brz8._.js:2431
[  756995ms] [LOG] [Fast Refresh] rebuilding @ http://localhost:3000/_next/static/chunks/node_modules_next_dist_115brz8._.js:2431
[  757153ms] [LOG] [Fast Refresh] done in 263ms @ http://localhost:3000/_next/static/chunks/node_modules_next_dist_115brz8._.js:2431
[  757379ms] [LOG] [Fast Refresh] rebuilding @ http://localhost:3000/_next/static/chunks/node_modules_next_dist_115brz8._.js:2431
[  757484ms] [LOG] [Fast Refresh] done in 218ms @ http://localhost:3000/_next/static/chunks/node_modules_next_dist_115brz8._.js:2431
[  757627ms] [LOG] [Fast Refresh] rebuilding @ http://localhost:3000/_next/static/chunks/node_modules_next_dist_115brz8._.js:2431
[  758356ms] [LOG] [Fast Refresh] done in 837ms @ http://localhost:3000/_next/static/chunks/node_modules_next_dist_115brz8._.js:2431
[  759199ms] [LOG] [Fast Refresh] rebuilding @ http://localhost:3000/_next/static/chunks/node_modules_next_dist_115brz8._.js:2431
[  759229ms] [LOG] [Fast Refresh] done in 136ms @ http://localhost:3000/_next/static/chunks/node_modules_next_dist_115brz8._.js:2431
[  759449ms] [LOG] [Fast Refresh] rebuilding @ http://localhost:3000/_next/static/chunks/node_modules_next_dist_115brz8._.js:2431
[  759707ms] [LOG] [Fast Refresh] done in 365ms @ http://localhost:3000/_next/static/chunks/node_modules_next_dist_115brz8._.js:2431
[  760031ms] [LOG] [Fast Refresh] rebuilding @ http://localhost:3000/_next/static/chunks/node_modules_next_dist_115brz8._.js:2431
[  760165ms] [LOG] [Fast Refresh] done in 240ms @ http://localhost:3000/_next/static/chunks/node_modules_next_dist_115brz8._.js:2431
[  760342ms] [LOG] [Fast Refresh] rebuilding @ http://localhost:3000/_next/static/chunks/node_modules_next_dist_115brz8._.js:2431
[  760401ms] [LOG] [Fast Refresh] done in 166ms @ http://localhost:3000/_next/static/chunks/node_modules_next_dist_115brz8._.js:2431
[  760516ms] [LOG] [Fast Refresh] rebuilding @ http://localhost:3000/_next/static/chunks/node_modules_next_dist_115brz8._.js:2431
[  760527ms] [LOG] [Fast Refresh] done in 121ms @ http://localhost:3000/_next/static/chunks/node_modules_next_dist_115brz8._.js:2431
[  760639ms] [LOG] [Fast Refresh] rebuilding @ http://localhost:3000/_next/static/chunks/node_modules_next_dist_115brz8._.js:2431
[  760848ms] [LOG] [Fast Refresh] done in 316ms @ http://localhost:3000/_next/static/chunks/node_modules_next_dist_115brz8._.js:2431
[  761152ms] [LOG] [Fast Refresh] rebuilding @ http://localhost:3000/_next/static/chunks/node_modules_next_dist_115brz8._.js:2431
[  761291ms] [LOG] [Fast Refresh] done in 245ms @ http://localhost:3000/_next/static/chunks/node_modules_next_dist_115brz8._.js:2431
[  761430ms] [LOG] [Fast Refresh] rebuilding @ http://localhost:3000/_next/static/chunks/node_modules_next_dist_115brz8._.js:2431
[  761481ms] [LOG] [Fast Refresh] done in 158ms @ http://localhost:3000/_next/static/chunks/node_modules_next_dist_115brz8._.js:2431
[  761595ms] [LOG] [Fast Refresh] rebuilding @ http://localhost:3000/_next/static/chunks/node_modules_next_dist_115brz8._.js:2431
[  761812ms] [LOG] [Fast Refresh] done in 324ms @ http://localhost:3000/_next/static/chunks/node_modules_next_dist_115brz8._.js:2431
[  761994ms] [LOG] [Fast Refresh] rebuilding @ http://localhost:3000/_next/static/chunks/node_modules_next_dist_115brz8._.js:2431
[  762234ms] [LOG] [Fast Refresh] done in 345ms @ http://localhost:3000/_next/static/chunks/node_modules_next_dist_115brz8._.js:2431
[  762480ms] [LOG] [Fast Refresh] rebuilding @ http://localhost:3000/_next/static/chunks/node_modules_next_dist_115brz8._.js:2431
[  762533ms] [LOG] [Fast Refresh] done in 166ms @ http://localhost:3000/_next/static/chunks/node_modules_next_dist_115brz8._.js:2431
[  762693ms] [LOG] [Fast Refresh] rebuilding @ http://localhost:3000/_next/static/chunks/node_modules_next_dist_115brz8._.js:2431
[  762905ms] [LOG] [Fast Refresh] done in 316ms @ http://localhost:3000/_next/static/chunks/node_modules_next_dist_115brz8._.js:2431
[  763046ms] [LOG] [Fast Refresh] rebuilding @ http://localhost:3000/_next/static/chunks/node_modules_next_dist_115brz8._.js:2431
[  763399ms] [LOG] [Fast Refresh] done in 459ms @ http://localhost:3000/_next/static/chunks/node_modules_next_dist_115brz8._.js:2431
[  763633ms] [LOG] [Fast Refresh] rebuilding @ http://localhost:3000/_next/static/chunks/node_modules_next_dist_115brz8._.js:2431
[  763655ms] [LOG] [Fast Refresh] done in 130ms @ http://localhost:3000/_next/static/chunks/node_modules_next_dist_115brz8._.js:2431
[  763799ms] [LOG] [Fast Refresh] rebuilding @ http://localhost:3000/_next/static/chunks/node_modules_next_dist_115brz8._.js:2431
[  764002ms] [LOG] [Fast Refresh] done in 307ms @ http://localhost:3000/_next/static/chunks/node_modules_next_dist_115brz8._.js:2431
[  764490ms] [LOG] [Fast Refresh] rebuilding @ http://localhost:3000/_next/static/chunks/node_modules_next_dist_115brz8._.js:2431
[  764773ms] [LOG] [Fast Refresh] done in 386ms @ http://localhost:3000/_next/static/chunks/node_modules_next_dist_115brz8._.js:2431
[  769445ms] [LOG] [Fast Refresh] rebuilding @ http://localhost:3000/_next/static/chunks/node_modules_next_dist_115brz8._.js:2431
[  769452ms] [LOG] [Fast Refresh] done in 115ms @ http://localhost:3000/_next/static/chunks/node_modules_next_dist_115brz8._.js:2431
[  769598ms] [LOG] [Fast Refresh] rebuilding @ http://localhost:3000/_next/static/chunks/node_modules_next_dist_115brz8._.js:2431
[  769876ms] [LOG] [Fast Refresh] done in 390ms @ http://localhost:3000/_next/static/chunks/node_modules_next_dist_115brz8._.js:2431
[ 1340564ms] [LOG] [Fast Refresh] rebuilding @ http://localhost:3000/_next/static/chunks/node_modules_next_dist_115brz8._.js:2431
[ 1359687ms] [LOG] [Fast Refresh] done in 19501ms @ http://localhost:3000/_next/static/chunks/node_modules_next_dist_115brz8._.js:2431
[ 1607337ms] [LOG] [Fast Refresh] rebuilding @ http://localhost:3000/_next/static/chunks/node_modules_next_dist_115brz8._.js:2431
[ 1607423ms] [LOG] [Fast Refresh] done in 195ms @ http://localhost:3000/_next/static/chunks/node_modules_next_dist_115brz8._.js:2431
[ 1608495ms] [LOG] [Fast Refresh] rebuilding @ http://localhost:3000/_next/static/chunks/node_modules_next_dist_115brz8._.js:2431
[ 1608575ms] [LOG] [Fast Refresh] done in 195ms @ http://localhost:3000/_next/static/chunks/node_modules_next_dist_115brz8._.js:2431
[ 1622500ms] [LOG] [Fast Refresh] rebuilding @ http://localhost:3000/_next/static/chunks/node_modules_next_dist_115brz8._.js:2431
[ 1622668ms] [LOG] [Fast Refresh] done in 276ms @ http://localhost:3000/_next/static/chunks/node_modules_next_dist_115brz8._.js:2431
[ 1630203ms] [LOG] [Fast Refresh] rebuilding @ http://localhost:3000/_next/static/chunks/node_modules_next_dist_115brz8._.js:2431
[ 1630274ms] [LOG] [Fast Refresh] done in 200ms @ http://localhost:3000/_next/static/chunks/node_modules_next_dist_115brz8._.js:2431
[ 1674388ms] [LOG] [Fast Refresh] rebuilding @ http://localhost:3000/_next/static/chunks/node_modules_next_dist_115brz8._.js:2431
[ 1674620ms] [LOG] [Fast Refresh] done in 344ms @ http://localhost:3000/_next/static/chunks/node_modules_next_dist_115brz8._.js:2431
[ 1681464ms] [LOG] [Fast Refresh] rebuilding @ http://localhost:3000/_next/static/chunks/node_modules_next_dist_115brz8._.js:2431
[ 1681523ms] [LOG] [Fast Refresh] done in 235ms @ http://localhost:3000/_next/static/chunks/node_modules_next_dist_115brz8._.js:2431
[ 1682482ms] [LOG] [Fast Refresh] rebuilding @ http://localhost:3000/_next/static/chunks/node_modules_next_dist_115brz8._.js:2431
[ 1682520ms] [LOG] [Fast Refresh] done in 840ms @ http://localhost:3000/_next/static/chunks/node_modules_next_dist_115brz8._.js:2431
[ 1691654ms] [LOG] [Fast Refresh] rebuilding @ http://localhost:3000/_next/static/chunks/node_modules_next_dist_115brz8._.js:2431
[ 1693121ms] Error: Internal Next.js error: Router action dispatched before initialization.
    at dispatchAppRouterAction (http://localhost:3000/_next/static/chunks/node_modules_next_dist_client_0fhqo1d._.js:916:37)
    at http://localhost:3000/_next/static/chunks/node_modules_next_dist_client_0fhqo1d._.js:11800:61
    at startTransition (http://localhost:3000/_next/static/chunks/node_modules_next_dist_compiled_0rpq4pf._.js:1279:31)
    at Object.hmrRefresh (http://localhost:3000/_next/static/chunks/node_modules_next_dist_client_0fhqo1d._.js:11799:40)
    at http://localhost:3000/_next/static/chunks/node_modules_next_dist_client_0fhqo1d._.js:13967:64
    at startTransition (http://localhost:3000/_next/static/chunks/node_modules_next_dist_compiled_0rpq4pf._.js:1279:31)
    at processMessage (http://localhost:3000/_next/static/chunks/node_modules_next_dist_client_0fhqo1d._.js:13966:44)
    at WebSocket.handleMessage (http://localhost:3000/_next/static/chunks/node_modules_next_dist_client_0fhqo1d._.js:13335:52)
[ 1693178ms] Error: Internal Next.js error: Router action dispatched before initialization.
    at dispatchAppRouterAction (http://localhost:3000/_next/static/chunks/node_modules_next_dist_client_0fhqo1d._.js:916:37)
    at http://localhost:3000/_next/static/chunks/node_modules_next_dist_client_0fhqo1d._.js:11800:61
    at startTransition (http://localhost:3000/_next/static/chunks/node_modules_next_dist_compiled_0rpq4pf._.js:1279:31)
    at Object.hmrRefresh (http://localhost:3000/_next/static/chunks/node_modules_next_dist_client_0fhqo1d._.js:11799:40)
    at http://localhost:3000/_next/static/chunks/node_modules_next_dist_client_0fhqo1d._.js:13967:64
    at startTransition (http://localhost:3000/_next/static/chunks/node_modules_next_dist_compiled_0rpq4pf._.js:1279:31)
    at processMessage (http://localhost:3000/_next/static/chunks/node_modules_next_dist_client_0fhqo1d._.js:13966:44)
    at WebSocket.handleMessage (http://localhost:3000/_next/static/chunks/node_modules_next_dist_client_0fhqo1d._.js:13335:52)
[ 1693189ms] Error: Internal Next.js error: Router action dispatched before initialization.
    at dispatchAppRouterAction (http://localhost:3000/_next/static/chunks/node_modules_next_dist_client_0fhqo1d._.js:916:37)
    at http://localhost:3000/_next/static/chunks/node_modules_next_dist_client_0fhqo1d._.js:11800:61
    at startTransition (http://localhost:3000/_next/static/chunks/node_modules_next_dist_compiled_0rpq4pf._.js:1279:31)
    at Object.hmrRefresh (http://localhost:3000/_next/static/chunks/node_modules_next_dist_client_0fhqo1d._.js:11799:40)
    at http://localhost:3000/_next/static/chunks/node_modules_next_dist_client_0fhqo1d._.js:13967:64
    at startTransition (http://localhost:3000/_next/static/chunks/node_modules_next_dist_compiled_0rpq4pf._.js:1279:31)
    at processMessage (http://localhost:3000/_next/static/chunks/node_modules_next_dist_client_0fhqo1d._.js:13966:44)
    at WebSocket.handleMessage (http://localhost:3000/_next/static/chunks/node_modules_next_dist_client_0fhqo1d._.js:13335:52)
[ 1693196ms] Error: Internal Next.js error: Router action dispatched before initialization.
    at dispatchAppRouterAction (http://localhost:3000/_next/static/chunks/node_modules_next_dist_client_0fhqo1d._.js:916:37)
    at http://localhost:3000/_next/static/chunks/node_modules_next_dist_client_0fhqo1d._.js:11800:61
    at startTransition (http://localhost:3000/_next/static/chunks/node_modules_next_dist_compiled_0rpq4pf._.js:1279:31)
    at Object.hmrRefresh (http://localhost:3000/_next/static/chunks/node_modules_next_dist_client_0fhqo1d._.js:11799:40)
    at http://localhost:3000/_next/static/chunks/node_modules_next_dist_client_0fhqo1d._.js:13967:64
    at startTransition (http://localhost:3000/_next/static/chunks/node_modules_next_dist_compiled_0rpq4pf._.js:1279:31)
    at processMessage (http://localhost:3000/_next/static/chunks/node_modules_next_dist_client_0fhqo1d._.js:13966:44)
    at WebSocket.handleMessage (http://localhost:3000/_next/static/chunks/node_modules_next_dist_client_0fhqo1d._.js:13335:52)
[ 1693200ms] Error: Internal Next.js error: Router action dispatched before initialization.
    at dispatchAppRouterAction (http://localhost:3000/_next/static/chunks/node_modules_next_dist_client_0fhqo1d._.js:916:37)
    at http://localhost:3000/_next/static/chunks/node_modules_next_dist_client_0fhqo1d._.js:11800:61
    at startTransition (http://localhost:3000/_next/static/chunks/node_modules_next_dist_compiled_0rpq4pf._.js:1279:31)
    at Object.hmrRefresh (http://localhost:3000/_next/static/chunks/node_modules_next_dist_client_0fhqo1d._.js:11799:40)
    at http://localhost:3000/_next/static/chunks/node_modules_next_dist_client_0fhqo1d._.js:13967:64
    at startTransition (http://localhost:3000/_next/static/chunks/node_modules_next_dist_compiled_0rpq4pf._.js:1279:31)
    at processMessage (http://localhost:3000/_next/static/chunks/node_modules_next_dist_client_0fhqo1d._.js:13966:44)
    at WebSocket.handleMessage (http://localhost:3000/_next/static/chunks/node_modules_next_dist_client_0fhqo1d._.js:13335:52)
[ 1693201ms] Error: Internal Next.js error: Router action dispatched before initialization.
    at dispatchAppRouterAction (http://localhost:3000/_next/static/chunks/node_modules_next_dist_client_0fhqo1d._.js:916:37)
    at http://localhost:3000/_next/static/chunks/node_modules_next_dist_client_0fhqo1d._.js:11800:61
    at startTransition (http://localhost:3000/_next/static/chunks/node_modules_next_dist_compiled_0rpq4pf._.js:1279:31)
    at Object.hmrRefresh (http://localhost:3000/_next/static/chunks/node_modules_next_dist_client_0fhqo1d._.js:11799:40)
    at http://localhost:3000/_next/static/chunks/node_modules_next_dist_client_0fhqo1d._.js:13967:64
    at startTransition (http://localhost:3000/_next/static/chunks/node_modules_next_dist_compiled_0rpq4pf._.js:1279:31)
    at processMessage (http://localhost:3000/_next/static/chunks/node_modules_next_dist_client_0fhqo1d._.js:13966:44)
    at WebSocket.handleMessage (http://localhost:3000/_next/static/chunks/node_modules_next_dist_client_0fhqo1d._.js:13335:52)
[ 1693202ms] [LOG] [Fast Refresh] done in 1679ms @ http://localhost:3000/_next/static/chunks/node_modules_next_dist_115brz8._.js:2431
[ 1693395ms] Error: Internal Next.js error: Router action dispatched before initialization.
    at dispatchAppRouterAction (http://localhost:3000/_next/static/chunks/node_modules_next_dist_client_0fhqo1d._.js:916:37)
    at http://localhost:3000/_next/static/chunks/node_modules_next_dist_client_0fhqo1d._.js:11800:61
    at startTransition (http://localhost:3000/_next/static/chunks/node_modules_next_dist_compiled_0rpq4pf._.js:1279:31)
    at Object.hmrRefresh (http://localhost:3000/_next/static/chunks/node_modules_next_dist_client_0fhqo1d._.js:11799:40)
    at processMessage (http://localhost:3000/_next/static/chunks/node_modules_next_dist_client_0fhqo1d._.js:13990:67)
    at WebSocket.handleMessage (http://localhost:3000/_next/static/chunks/node_modules_next_dist_client_0fhqo1d._.js:13335:52)
[ 1693396ms] Error: Internal Next.js error: Router action dispatched before initialization.
    at dispatchAppRouterAction (http://localhost:3000/_next/static/chunks/node_modules_next_dist_client_0fhqo1d._.js:916:37)
    at http://localhost:3000/_next/static/chunks/node_modules_next_dist_client_0fhqo1d._.js:11800:61
    at startTransition (http://localhost:3000/_next/static/chunks/node_modules_next_dist_compiled_0rpq4pf._.js:1279:31)
    at Object.hmrRefresh (http://localhost:3000/_next/static/chunks/node_modules_next_dist_client_0fhqo1d._.js:11799:40)
    at processMessage (http://localhost:3000/_next/static/chunks/node_modules_next_dist_client_0fhqo1d._.js:13990:67)
    at WebSocket.handleMessage (http://localhost:3000/_next/static/chunks/node_modules_next_dist_client_0fhqo1d._.js:13335:52)
[ 1693398ms] Error: Internal Next.js error: Router action dispatched before initialization.
    at dispatchAppRouterAction (http://localhost:3000/_next/static/chunks/node_modules_next_dist_client_0fhqo1d._.js:916:37)
    at http://localhost:3000/_next/static/chunks/node_modules_next_dist_client_0fhqo1d._.js:11800:61
    at startTransition (http://localhost:3000/_next/static/chunks/node_modules_next_dist_compiled_0rpq4pf._.js:1279:31)
    at Object.hmrRefresh (http://localhost:3000/_next/static/chunks/node_modules_next_dist_client_0fhqo1d._.js:11799:40)
    at processMessage (http://localhost:3000/_next/static/chunks/node_modules_next_dist_client_0fhqo1d._.js:13990:67)
    at WebSocket.handleMessage (http://localhost:3000/_next/static/chunks/node_modules_next_dist_client_0fhqo1d._.js:13335:52)
[ 1693400ms] Error: Internal Next.js error: Router action dispatched before initialization.
    at dispatchAppRouterAction (http://localhost:3000/_next/static/chunks/node_modules_next_dist_client_0fhqo1d._.js:916:37)
    at http://localhost:3000/_next/static/chunks/node_modules_next_dist_client_0fhqo1d._.js:11800:61
    at startTransition (http://localhost:3000/_next/static/chunks/node_modules_next_dist_compiled_0rpq4pf._.js:1279:31)
    at Object.hmrRefresh (http://localhost:3000/_next/static/chunks/node_modules_next_dist_client_0fhqo1d._.js:11799:40)
    at processMessage (http://localhost:3000/_next/static/chunks/node_modules_next_dist_client_0fhqo1d._.js:13990:67)
    at WebSocket.handleMessage (http://localhost:3000/_next/static/chunks/node_modules_next_dist_client_0fhqo1d._.js:13335:52)
[ 1693401ms] Error: Internal Next.js error: Router action dispatched before initialization.
    at dispatchAppRouterAction (http://localhost:3000/_next/static/chunks/node_modules_next_dist_client_0fhqo1d._.js:916:37)
    at http://localhost:3000/_next/static/chunks/node_modules_next_dist_client_0fhqo1d._.js:11800:61
    at startTransition (http://localhost:3000/_next/static/chunks/node_modules_next_dist_compiled_0rpq4pf._.js:1279:31)
    at Object.hmrRefresh (http://localhost:3000/_next/static/chunks/node_modules_next_dist_client_0fhqo1d._.js:11799:40)
    at processMessage (http://localhost:3000/_next/static/chunks/node_modules_next_dist_client_0fhqo1d._.js:13990:67)
    at WebSocket.handleMessage (http://localhost:3000/_next/static/chunks/node_modules_next_dist_client_0fhqo1d._.js:13335:52)
[ 1693404ms] Error: Internal Next.js error: Router action dispatched before initialization.
    at dispatchAppRouterAction (http://localhost:3000/_next/static/chunks/node_modules_next_dist_client_0fhqo1d._.js:916:37)
    at http://localhost:3000/_next/static/chunks/node_modules_next_dist_client_0fhqo1d._.js:11800:61
    at startTransition (http://localhost:3000/_next/static/chunks/node_modules_next_dist_compiled_0rpq4pf._.js:1279:31)
    at Object.hmrRefresh (http://localhost:3000/_next/static/chunks/node_modules_next_dist_client_0fhqo1d._.js:11799:40)
    at processMessage (http://localhost:3000/_next/static/chunks/node_modules_next_dist_client_0fhqo1d._.js:13990:67)
    at WebSocket.handleMessage (http://localhost:3000/_next/static/chunks/node_modules_next_dist_client_0fhqo1d._.js:13335:52)
[ 1693405ms] Error: Internal Next.js error: Router action dispatched before initialization.
    at dispatchAppRouterAction (http://localhost:3000/_next/static/chunks/node_modules_next_dist_client_0fhqo1d._.js:916:37)
    at http://localhost:3000/_next/static/chunks/node_modules_next_dist_client_0fhqo1d._.js:11800:61
    at startTransition (http://localhost:3000/_next/static/chunks/node_modules_next_dist_compiled_0rpq4pf._.js:1279:31)
    at Object.hmrRefresh (http://localhost:3000/_next/static/chunks/node_modules_next_dist_client_0fhqo1d._.js:11799:40)
    at processMessage (http://localhost:3000/_next/static/chunks/node_modules_next_dist_client_0fhqo1d._.js:13990:67)
    at WebSocket.handleMessage (http://localhost:3000/_next/static/chunks/node_modules_next_dist_client_0fhqo1d._.js:13335:52)
[ 1693407ms] Error: Internal Next.js error: Router action dispatched before initialization.
    at dispatchAppRouterAction (http://localhost:3000/_next/static/chunks/node_modules_next_dist_client_0fhqo1d._.js:916:37)
    at http://localhost:3000/_next/static/chunks/node_modules_next_dist_client_0fhqo1d._.js:11800:61
    at startTransition (http://localhost:3000/_next/static/chunks/node_modules_next_dist_compiled_0rpq4pf._.js:1279:31)
    at Object.hmrRefresh (http://localhost:3000/_next/static/chunks/node_modules_next_dist_client_0fhqo1d._.js:11799:40)
    at processMessage (http://localhost:3000/_next/static/chunks/node_modules_next_dist_client_0fhqo1d._.js:13990:67)
    at WebSocket.handleMessage (http://localhost:3000/_next/static/chunks/node_modules_next_dist_client_0fhqo1d._.js:13335:52)
[ 1693408ms] Error: Internal Next.js error: Router action dispatched before initialization.
    at dispatchAppRouterAction (http://localhost:3000/_next/static/chunks/node_modules_next_dist_client_0fhqo1d._.js:916:37)
    at http://localhost:3000/_next/static/chunks/node_modules_next_dist_client_0fhqo1d._.js:11800:61
    at startTransition (http://localhost:3000/_next/static/chunks/node_modules_next_dist_compiled_0rpq4pf._.js:1279:31)
    at Object.hmrRefresh (http://localhost:3000/_next/static/chunks/node_modules_next_dist_client_0fhqo1d._.js:11799:40)
    at processMessage (http://localhost:3000/_next/static/chunks/node_modules_next_dist_client_0fhqo1d._.js:13990:67)
    at WebSocket.handleMessage (http://localhost:3000/_next/static/chunks/node_modules_next_dist_client_0fhqo1d._.js:13335:52)
[ 1693411ms] Error: Internal Next.js error: Router action dispatched before initialization.
    at dispatchAppRouterAction (http://localhost:3000/_next/static/chunks/node_modules_next_dist_client_0fhqo1d._.js:916:37)
    at http://localhost:3000/_next/static/chunks/node_modules_next_dist_client_0fhqo1d._.js:11800:61
    at startTransition (http://localhost:3000/_next/static/chunks/node_modules_next_dist_compiled_0rpq4pf._.js:1279:31)
    at Object.hmrRefresh (http://localhost:3000/_next/static/chunks/node_modules_next_dist_client_0fhqo1d._.js:11799:40)
    at processMessage (http://localhost:3000/_next/static/chunks/node_modules_next_dist_client_0fhqo1d._.js:13990:67)
    at WebSocket.handleMessage (http://localhost:3000/_next/static/chunks/node_modules_next_dist_client_0fhqo1d._.js:13335:52)
[ 1693412ms] Error: Internal Next.js error: Router action dispatched before initialization.
    at dispatchAppRouterAction (http://localhost:3000/_next/static/chunks/node_modules_next_dist_client_0fhqo1d._.js:916:37)
    at http://localhost:3000/_next/static/chunks/node_modules_next_dist_client_0fhqo1d._.js:11800:61
    at startTransition (http://localhost:3000/_next/static/chunks/node_modules_next_dist_compiled_0rpq4pf._.js:1279:31)
    at Object.hmrRefresh (http://localhost:3000/_next/static/chunks/node_modules_next_dist_client_0fhqo1d._.js:11799:40)
    at processMessage (http://localhost:3000/_next/static/chunks/node_modules_next_dist_client_0fhqo1d._.js:13990:67)
    at WebSocket.handleMessage (http://localhost:3000/_next/static/chunks/node_modules_next_dist_client_0fhqo1d._.js:13335:52)
[ 1693414ms] Error: Internal Next.js error: Router action dispatched before initialization.
    at dispatchAppRouterAction (http://localhost:3000/_next/static/chunks/node_modules_next_dist_client_0fhqo1d._.js:916:37)
    at http://localhost:3000/_next/static/chunks/node_modules_next_dist_client_0fhqo1d._.js:11800:61
    at startTransition (http://localhost:3000/_next/static/chunks/node_modules_next_dist_compiled_0rpq4pf._.js:1279:31)
    at Object.hmrRefresh (http://localhost:3000/_next/static/chunks/node_modules_next_dist_client_0fhqo1d._.js:11799:40)
    at processMessage (http://localhost:3000/_next/static/chunks/node_modules_next_dist_client_0fhqo1d._.js:13990:67)
    at WebSocket.handleMessage (http://localhost:3000/_next/static/chunks/node_modules_next_dist_client_0fhqo1d._.js:13335:52)
[ 1693415ms] Error: Internal Next.js error: Router action dispatched before initialization.
    at dispatchAppRouterAction (http://localhost:3000/_next/static/chunks/node_modules_next_dist_client_0fhqo1d._.js:916:37)
    at http://localhost:3000/_next/static/chunks/node_modules_next_dist_client_0fhqo1d._.js:11800:61
    at startTransition (http://localhost:3000/_next/static/chunks/node_modules_next_dist_compiled_0rpq4pf._.js:1279:31)
    at Object.hmrRefresh (http://localhost:3000/_next/static/chunks/node_modules_next_dist_client_0fhqo1d._.js:11799:40)
    at processMessage (http://localhost:3000/_next/static/chunks/node_modules_next_dist_client_0fhqo1d._.js:13990:67)
    at WebSocket.handleMessage (http://localhost:3000/_next/static/chunks/node_modules_next_dist_client_0fhqo1d._.js:13335:52)
[ 1693416ms] Error: Internal Next.js error: Router action dispatched before initialization.
    at dispatchAppRouterAction (http://localhost:3000/_next/static/chunks/node_modules_next_dist_client_0fhqo1d._.js:916:37)
    at http://localhost:3000/_next/static/chunks/node_modules_next_dist_client_0fhqo1d._.js:11800:61
    at startTransition (http://localhost:3000/_next/static/chunks/node_modules_next_dist_compiled_0rpq4pf._.js:1279:31)
    at Object.hmrRefresh (http://localhost:3000/_next/static/chunks/node_modules_next_dist_client_0fhqo1d._.js:11799:40)
    at processMessage (http://localhost:3000/_next/static/chunks/node_modules_next_dist_client_0fhqo1d._.js:13990:67)
    at WebSocket.handleMessage (http://localhost:3000/_next/static/chunks/node_modules_next_dist_client_0fhqo1d._.js:13335:52)
[ 1693418ms] Error: Internal Next.js error: Router action dispatched before initialization.
    at dispatchAppRouterAction (http://localhost:3000/_next/static/chunks/node_modules_next_dist_client_0fhqo1d._.js:916:37)
    at http://localhost:3000/_next/static/chunks/node_modules_next_dist_client_0fhqo1d._.js:11800:61
    at startTransition (http://localhost:3000/_next/static/chunks/node_modules_next_dist_compiled_0rpq4pf._.js:1279:31)
    at Object.hmrRefresh (http://localhost:3000/_next/static/chunks/node_modules_next_dist_client_0fhqo1d._.js:11799:40)
    at processMessage (http://localhost:3000/_next/static/chunks/node_modules_next_dist_client_0fhqo1d._.js:13990:67)
    at WebSocket.handleMessage (http://localhost:3000/_next/static/chunks/node_modules_next_dist_client_0fhqo1d._.js:13335:52)
[ 1693420ms] Error: Internal Next.js error: Router action dispatched before initialization.
    at dispatchAppRouterAction (http://localhost:3000/_next/static/chunks/node_modules_next_dist_client_0fhqo1d._.js:916:37)
    at http://localhost:3000/_next/static/chunks/node_modules_next_dist_client_0fhqo1d._.js:11800:61
    at startTransition (http://localhost:3000/_next/static/chunks/node_modules_next_dist_compiled_0rpq4pf._.js:1279:31)
    at Object.hmrRefresh (http://localhost:3000/_next/static/chunks/node_modules_next_dist_client_0fhqo1d._.js:11799:40)
    at processMessage (http://localhost:3000/_next/static/chunks/node_modules_next_dist_client_0fhqo1d._.js:13990:67)
    at WebSocket.handleMessage (http://localhost:3000/_next/static/chunks/node_modules_next_dist_client_0fhqo1d._.js:13335:52)
[ 1693428ms] Error: Internal Next.js error: Router action dispatched before initialization.
    at dispatchAppRouterAction (http://localhost:3000/_next/static/chunks/node_modules_next_dist_client_0fhqo1d._.js:916:37)
    at http://localhost:3000/_next/static/chunks/node_modules_next_dist_client_0fhqo1d._.js:11800:61
    at startTransition (http://localhost:3000/_next/static/chunks/node_modules_next_dist_compiled_0rpq4pf._.js:1279:31)
    at Object.hmrRefresh (http://localhost:3000/_next/static/chunks/node_modules_next_dist_client_0fhqo1d._.js:11799:40)
    at processMessage (http://localhost:3000/_next/static/chunks/node_modules_next_dist_client_0fhqo1d._.js:13990:67)
    at WebSocket.handleMessage (http://localhost:3000/_next/static/chunks/node_modules_next_dist_client_0fhqo1d._.js:13335:52)
[ 1693429ms] Error: Internal Next.js error: Router action dispatched before initialization.
    at dispatchAppRouterAction (http://localhost:3000/_next/static/chunks/node_modules_next_dist_client_0fhqo1d._.js:916:37)
    at http://localhost:3000/_next/static/chunks/node_modules_next_dist_client_0fhqo1d._.js:11800:61
    at startTransition (http://localhost:3000/_next/static/chunks/node_modules_next_dist_compiled_0rpq4pf._.js:1279:31)
    at Object.hmrRefresh (http://localhost:3000/_next/static/chunks/node_modules_next_dist_client_0fhqo1d._.js:11799:40)
    at processMessage (http://localhost:3000/_next/static/chunks/node_modules_next_dist_client_0fhqo1d._.js:13990:67)
    at WebSocket.handleMessage (http://localhost:3000/_next/static/chunks/node_modules_next_dist_client_0fhqo1d._.js:13335:52)
[ 1693430ms] Error: Internal Next.js error: Router action dispatched before initialization.
    at dispatchAppRouterAction (http://localhost:3000/_next/static/chunks/node_modules_next_dist_client_0fhqo1d._.js:916:37)
    at http://localhost:3000/_next/static/chunks/node_modules_next_dist_client_0fhqo1d._.js:11800:61
    at startTransition (http://localhost:3000/_next/static/chunks/node_modules_next_dist_compiled_0rpq4pf._.js:1279:31)
    at Object.hmrRefresh (http://localhost:3000/_next/static/chunks/node_modules_next_dist_client_0fhqo1d._.js:11799:40)
    at processMessage (http://localhost:3000/_next/static/chunks/node_modules_next_dist_client_0fhqo1d._.js:13990:67)
    at WebSocket.handleMessage (http://localhost:3000/_next/static/chunks/node_modules_next_dist_client_0fhqo1d._.js:13335:52)
[ 1693444ms] Error: Internal Next.js error: Router action dispatched before initialization.
    at dispatchAppRouterAction (http://localhost:3000/_next/static/chunks/node_modules_next_dist_client_0fhqo1d._.js:916:37)
    at http://localhost:3000/_next/static/chunks/node_modules_next_dist_client_0fhqo1d._.js:11800:61
    at startTransition (http://localhost:3000/_next/static/chunks/node_modules_next_dist_compiled_0rpq4pf._.js:1279:31)
    at Object.hmrRefresh (http://localhost:3000/_next/static/chunks/node_modules_next_dist_client_0fhqo1d._.js:11799:40)
    at processMessage (http://localhost:3000/_next/static/chunks/node_modules_next_dist_client_0fhqo1d._.js:13990:67)
    at WebSocket.handleMessage (http://localhost:3000/_next/static/chunks/node_modules_next_dist_client_0fhqo1d._.js:13335:52)
[ 1693450ms] Error: Internal Next.js error: Router action dispatched before initialization.
    at dispatchAppRouterAction (http://localhost:3000/_next/static/chunks/node_modules_next_dist_client_0fhqo1d._.js:916:37)
    at http://localhost:3000/_next/static/chunks/node_modules_next_dist_client_0fhqo1d._.js:11800:61
    at startTransition (http://localhost:3000/_next/static/chunks/node_modules_next_dist_compiled_0rpq4pf._.js:1279:31)
    at Object.hmrRefresh (http://localhost:3000/_next/static/chunks/node_modules_next_dist_client_0fhqo1d._.js:11799:40)
    at processMessage (http://localhost:3000/_next/static/chunks/node_modules_next_dist_client_0fhqo1d._.js:13990:67)
    at WebSocket.handleMessage (http://localhost:3000/_next/static/chunks/node_modules_next_dist_client_0fhqo1d._.js:13335:52)
[ 1693462ms] Error: Internal Next.js error: Router action dispatched before initialization.
    at dispatchAppRouterAction (http://localhost:3000/_next/static/chunks/node_modules_next_dist_client_0fhqo1d._.js:916:37)
    at http://localhost:3000/_next/static/chunks/node_modules_next_dist_client_0fhqo1d._.js:11800:61
    at startTransition (http://localhost:3000/_next/static/chunks/node_modules_next_dist_compiled_0rpq4pf._.js:1279:31)
    at Object.hmrRefresh (http://localhost:3000/_next/static/chunks/node_modules_next_dist_client_0fhqo1d._.js:11799:40)
    at processMessage (http://localhost:3000/_next/static/chunks/node_modules_next_dist_client_0fhqo1d._.js:13990:67)
    at WebSocket.handleMessage (http://localhost:3000/_next/static/chunks/node_modules_next_dist_client_0fhqo1d._.js:13335:52)
[ 1693466ms] Error: Internal Next.js error: Router action dispatched before initialization.
    at dispatchAppRouterAction (http://localhost:3000/_next/static/chunks/node_modules_next_dist_client_0fhqo1d._.js:916:37)
    at http://localhost:3000/_next/static/chunks/node_modules_next_dist_client_0fhqo1d._.js:11800:61
    at startTransition (http://localhost:3000/_next/static/chunks/node_modules_next_dist_compiled_0rpq4pf._.js:1279:31)
    at Object.hmrRefresh (http://localhost:3000/_next/static/chunks/node_modules_next_dist_client_0fhqo1d._.js:11799:40)
    at processMessage (http://localhost:3000/_next/static/chunks/node_modules_next_dist_client_0fhqo1d._.js:13990:67)
    at WebSocket.handleMessage (http://localhost:3000/_next/static/chunks/node_modules_next_dist_client_0fhqo1d._.js:13335:52)
[ 1693468ms] Error: Internal Next.js error: Router action dispatched before initialization.
    at dispatchAppRouterAction (http://localhost:3000/_next/static/chunks/node_modules_next_dist_client_0fhqo1d._.js:916:37)
    at http://localhost:3000/_next/static/chunks/node_modules_next_dist_client_0fhqo1d._.js:11800:61
    at startTransition (http://localhost:3000/_next/static/chunks/node_modules_next_dist_compiled_0rpq4pf._.js:1279:31)
    at Object.hmrRefresh (http://localhost:3000/_next/static/chunks/node_modules_next_dist_client_0fhqo1d._.js:11799:40)
    at processMessage (http://localhost:3000/_next/static/chunks/node_modules_next_dist_client_0fhqo1d._.js:13990:67)
    at WebSocket.handleMessage (http://localhost:3000/_next/static/chunks/node_modules_next_dist_client_0fhqo1d._.js:13335:52)
[ 1693471ms] Error: Internal Next.js error: Router action dispatched before initialization.
    at dispatchAppRouterAction (http://localhost:3000/_next/static/chunks/node_modules_next_dist_client_0fhqo1d._.js:916:37)
    at http://localhost:3000/_next/static/chunks/node_modules_next_dist_client_0fhqo1d._.js:11800:61
    at startTransition (http://localhost:3000/_next/static/chunks/node_modules_next_dist_compiled_0rpq4pf._.js:1279:31)
    at Object.hmrRefresh (http://localhost:3000/_next/static/chunks/node_modules_next_dist_client_0fhqo1d._.js:11799:40)
    at processMessage (http://localhost:3000/_next/static/chunks/node_modules_next_dist_client_0fhqo1d._.js:13990:67)
    at WebSocket.handleMessage (http://localhost:3000/_next/static/chunks/node_modules_next_dist_client_0fhqo1d._.js:13335:52)
[ 1693473ms] Error: Internal Next.js error: Router action dispatched before initialization.
    at dispatchAppRouterAction (http://localhost:3000/_next/static/chunks/node_modules_next_dist_client_0fhqo1d._.js:916:37)
    at http://localhost:3000/_next/static/chunks/node_modules_next_dist_client_0fhqo1d._.js:11800:61
    at startTransition (http://localhost:3000/_next/static/chunks/node_modules_next_dist_compiled_0rpq4pf._.js:1279:31)
    at Object.hmrRefresh (http://localhost:3000/_next/static/chunks/node_modules_next_dist_client_0fhqo1d._.js:11799:40)
    at processMessage (http://localhost:3000/_next/static/chunks/node_modules_next_dist_client_0fhqo1d._.js:13990:67)
    at WebSocket.handleMessage (http://localhost:3000/_next/static/chunks/node_modules_next_dist_client_0fhqo1d._.js:13335:52)
[ 1693482ms] Error: Internal Next.js error: Router action dispatched before initialization.
    at dispatchAppRouterAction (http://localhost:3000/_next/static/chunks/node_modules_next_dist_client_0fhqo1d._.js:916:37)
    at http://localhost:3000/_next/static/chunks/node_modules_next_dist_client_0fhqo1d._.js:11800:61
    at startTransition (http://localhost:3000/_next/static/chunks/node_modules_next_dist_compiled_0rpq4pf._.js:1279:31)
    at Object.hmrRefresh (http://localhost:3000/_next/static/chunks/node_modules_next_dist_client_0fhqo1d._.js:11799:40)
    at processMessage (http://localhost:3000/_next/static/chunks/node_modules_next_dist_client_0fhqo1d._.js:13990:67)
    at WebSocket.handleMessage (http://localhost:3000/_next/static/chunks/node_modules_next_dist_client_0fhqo1d._.js:13335:52)
[ 1693485ms] Error: Internal Next.js error: Router action dispatched before initialization.
    at dispatchAppRouterAction (http://localhost:3000/_next/static/chunks/node_modules_next_dist_client_0fhqo1d._.js:916:37)
    at http://localhost:3000/_next/static/chunks/node_modules_next_dist_client_0fhqo1d._.js:11800:61
    at startTransition (http://localhost:3000/_next/static/chunks/node_modules_next_dist_compiled_0rpq4pf._.js:1279:31)
    at Object.hmrRefresh (http://localhost:3000/_next/static/chunks/node_modules_next_dist_client_0fhqo1d._.js:11799:40)
    at processMessage (http://localhost:3000/_next/static/chunks/node_modules_next_dist_client_0fhqo1d._.js:13990:67)
    at WebSocket.handleMessage (http://localhost:3000/_next/static/chunks/node_modules_next_dist_client_0fhqo1d._.js:13335:52)
[ 1693488ms] Error: Internal Next.js error: Router action dispatched before initialization.
    at dispatchAppRouterAction (http://localhost:3000/_next/static/chunks/node_modules_next_dist_client_0fhqo1d._.js:916:37)
    at http://localhost:3000/_next/static/chunks/node_modules_next_dist_client_0fhqo1d._.js:11800:61
    at startTransition (http://localhost:3000/_next/static/chunks/node_modules_next_dist_compiled_0rpq4pf._.js:1279:31)
    at Object.hmrRefresh (http://localhost:3000/_next/static/chunks/node_modules_next_dist_client_0fhqo1d._.js:11799:40)
    at processMessage (http://localhost:3000/_next/static/chunks/node_modules_next_dist_client_0fhqo1d._.js:13990:67)
    at WebSocket.handleMessage (http://localhost:3000/_next/static/chunks/node_modules_next_dist_client_0fhqo1d._.js:13335:52)
[ 1693489ms] Error: Internal Next.js error: Router action dispatched before initialization.
    at dispatchAppRouterAction (http://localhost:3000/_next/static/chunks/node_modules_next_dist_client_0fhqo1d._.js:916:37)
    at http://localhost:3000/_next/static/chunks/node_modules_next_dist_client_0fhqo1d._.js:11800:61
    at startTransition (http://localhost:3000/_next/static/chunks/node_modules_next_dist_compiled_0rpq4pf._.js:1279:31)
    at Object.hmrRefresh (http://localhost:3000/_next/static/chunks/node_modules_next_dist_client_0fhqo1d._.js:11799:40)
    at processMessage (http://localhost:3000/_next/static/chunks/node_modules_next_dist_client_0fhqo1d._.js:13990:67)
    at WebSocket.handleMessage (http://localhost:3000/_next/static/chunks/node_modules_next_dist_client_0fhqo1d._.js:13335:52)
[ 1693495ms] Error: Internal Next.js error: Router action dispatched before initialization.
    at dispatchAppRouterAction (http://localhost:3000/_next/static/chunks/node_modules_next_dist_client_0fhqo1d._.js:916:37)
    at http://localhost:3000/_next/static/chunks/node_modules_next_dist_client_0fhqo1d._.js:11800:61
    at startTransition (http://localhost:3000/_next/static/chunks/node_modules_next_dist_compiled_0rpq4pf._.js:1279:31)
    at Object.hmrRefresh (http://localhost:3000/_next/static/chunks/node_modules_next_dist_client_0fhqo1d._.js:11799:40)
    at processMessage (http://localhost:3000/_next/static/chunks/node_modules_next_dist_client_0fhqo1d._.js:13990:67)
    at WebSocket.handleMessage (http://localhost:3000/_next/static/chunks/node_modules_next_dist_client_0fhqo1d._.js:13335:52)
[ 1693496ms] Error: Internal Next.js error: Router action dispatched before initialization.
    at dispatchAppRouterAction (http://localhost:3000/_next/static/chunks/node_modules_next_dist_client_0fhqo1d._.js:916:37)
    at http://localhost:3000/_next/static/chunks/node_modules_next_dist_client_0fhqo1d._.js:11800:61
    at startTransition (http://localhost:3000/_next/static/chunks/node_modules_next_dist_compiled_0rpq4pf._.js:1279:31)
    at Object.hmrRefresh (http://localhost:3000/_next/static/chunks/node_modules_next_dist_client_0fhqo1d._.js:11799:40)
    at processMessage (http://localhost:3000/_next/static/chunks/node_modules_next_dist_client_0fhqo1d._.js:13990:67)
    at WebSocket.handleMessage (http://localhost:3000/_next/static/chunks/node_modules_next_dist_client_0fhqo1d._.js:13335:52)
[ 1693498ms] Error: Internal Next.js error: Router action dispatched before initialization.
    at dispatchAppRouterAction (http://localhost:3000/_next/static/chunks/node_modules_next_dist_client_0fhqo1d._.js:916:37)
    at http://localhost:3000/_next/static/chunks/node_modules_next_dist_client_0fhqo1d._.js:11800:61
    at startTransition (http://localhost:3000/_next/static/chunks/node_modules_next_dist_compiled_0rpq4pf._.js:1279:31)
    at Object.hmrRefresh (http://localhost:3000/_next/static/chunks/node_modules_next_dist_client_0fhqo1d._.js:11799:40)
    at processMessage (http://localhost:3000/_next/static/chunks/node_modules_next_dist_client_0fhqo1d._.js:13990:67)
    at WebSocket.handleMessage (http://localhost:3000/_next/static/chunks/node_modules_next_dist_client_0fhqo1d._.js:13335:52)
[ 1693499ms] Error: Internal Next.js error: Router action dispatched before initialization.
    at dispatchAppRouterAction (http://localhost:3000/_next/static/chunks/node_modules_next_dist_client_0fhqo1d._.js:916:37)
    at http://localhost:3000/_next/static/chunks/node_modules_next_dist_client_0fhqo1d._.js:11800:61
    at startTransition (http://localhost:3000/_next/static/chunks/node_modules_next_dist_compiled_0rpq4pf._.js:1279:31)
    at Object.hmrRefresh (http://localhost:3000/_next/static/chunks/node_modules_next_dist_client_0fhqo1d._.js:11799:40)
    at processMessage (http://localhost:3000/_next/static/chunks/node_modules_next_dist_client_0fhqo1d._.js:13990:67)
    at WebSocket.handleMessage (http://localhost:3000/_next/static/chunks/node_modules_next_dist_client_0fhqo1d._.js:13335:52)
[ 1693502ms] Error: Internal Next.js error: Router action dispatched before initialization.
    at dispatchAppRouterAction (http://localhost:3000/_next/static/chunks/node_modules_next_dist_client_0fhqo1d._.js:916:37)
    at http://localhost:3000/_next/static/chunks/node_modules_next_dist_client_0fhqo1d._.js:11800:61
    at startTransition (http://localhost:3000/_next/static/chunks/node_modules_next_dist_compiled_0rpq4pf._.js:1279:31)
    at Object.hmrRefresh (http://localhost:3000/_next/static/chunks/node_modules_next_dist_client_0fhqo1d._.js:11799:40)
    at processMessage (http://localhost:3000/_next/static/chunks/node_modules_next_dist_client_0fhqo1d._.js:13990:67)
    at WebSocket.handleMessage (http://localhost:3000/_next/static/chunks/node_modules_next_dist_client_0fhqo1d._.js:13335:52)
[ 1693504ms] Error: Internal Next.js error: Router action dispatched before initialization.
    at dispatchAppRouterAction (http://localhost:3000/_next/static/chunks/node_modules_next_dist_client_0fhqo1d._.js:916:37)
    at http://localhost:3000/_next/static/chunks/node_modules_next_dist_client_0fhqo1d._.js:11800:61
    at startTransition (http://localhost:3000/_next/static/chunks/node_modules_next_dist_compiled_0rpq4pf._.js:1279:31)
    at Object.hmrRefresh (http://localhost:3000/_next/static/chunks/node_modules_next_dist_client_0fhqo1d._.js:11799:40)
    at processMessage (http://localhost:3000/_next/static/chunks/node_modules_next_dist_client_0fhqo1d._.js:13990:67)
    at WebSocket.handleMessage (http://localhost:3000/_next/static/chunks/node_modules_next_dist_client_0fhqo1d._.js:13335:52)
[ 1693506ms] Error: Internal Next.js error: Router action dispatched before initialization.
    at dispatchAppRouterAction (http://localhost:3000/_next/static/chunks/node_modules_next_dist_client_0fhqo1d._.js:916:37)
    at http://localhost:3000/_next/static/chunks/node_modules_next_dist_client_0fhqo1d._.js:11800:61
    at startTransition (http://localhost:3000/_next/static/chunks/node_modules_next_dist_compiled_0rpq4pf._.js:1279:31)
    at Object.hmrRefresh (http://localhost:3000/_next/static/chunks/node_modules_next_dist_client_0fhqo1d._.js:11799:40)
    at processMessage (http://localhost:3000/_next/static/chunks/node_modules_next_dist_client_0fhqo1d._.js:13990:67)
    at WebSocket.handleMessage (http://localhost:3000/_next/static/chunks/node_modules_next_dist_client_0fhqo1d._.js:13335:52)
[ 1693512ms] Error: Internal Next.js error: Router action dispatched before initialization.
    at dispatchAppRouterAction (http://localhost:3000/_next/static/chunks/node_modules_next_dist_client_0fhqo1d._.js:916:37)
    at http://localhost:3000/_next/static/chunks/node_modules_next_dist_client_0fhqo1d._.js:11800:61
    at startTransition (http://localhost:3000/_next/static/chunks/node_modules_next_dist_compiled_0rpq4pf._.js:1279:31)
    at Object.hmrRefresh (http://localhost:3000/_next/static/chunks/node_modules_next_dist_client_0fhqo1d._.js:11799:40)
    at processMessage (http://localhost:3000/_next/static/chunks/node_modules_next_dist_client_0fhqo1d._.js:13990:67)
    at WebSocket.handleMessage (http://localhost:3000/_next/static/chunks/node_modules_next_dist_client_0fhqo1d._.js:13335:52)
[ 1693514ms] Error: Internal Next.js error: Router action dispatched before initialization.
    at dispatchAppRouterAction (http://localhost:3000/_next/static/chunks/node_modules_next_dist_client_0fhqo1d._.js:916:37)
    at http://localhost:3000/_next/static/chunks/node_modules_next_dist_client_0fhqo1d._.js:11800:61
    at startTransition (http://localhost:3000/_next/static/chunks/node_modules_next_dist_compiled_0rpq4pf._.js:1279:31)
    at Object.hmrRefresh (http://localhost:3000/_next/static/chunks/node_modules_next_dist_client_0fhqo1d._.js:11799:40)
    at processMessage (http://localhost:3000/_next/static/chunks/node_modules_next_dist_client_0fhqo1d._.js:13990:67)
    at WebSocket.handleMessage (http://localhost:3000/_next/static/chunks/node_modules_next_dist_client_0fhqo1d._.js:13335:52)
[ 1693517ms] Error: Internal Next.js error: Router action dispatched before initialization.
    at dispatchAppRouterAction (http://localhost:3000/_next/static/chunks/node_modules_next_dist_client_0fhqo1d._.js:916:37)
    at http://localhost:3000/_next/static/chunks/node_modules_next_dist_client_0fhqo1d._.js:11800:61
    at startTransition (http://localhost:3000/_next/static/chunks/node_modules_next_dist_compiled_0rpq4pf._.js:1279:31)
    at Object.hmrRefresh (http://localhost:3000/_next/static/chunks/node_modules_next_dist_client_0fhqo1d._.js:11799:40)
    at processMessage (http://localhost:3000/_next/static/chunks/node_modules_next_dist_client_0fhqo1d._.js:13990:67)
    at WebSocket.handleMessage (http://localhost:3000/_next/static/chunks/node_modules_next_dist_client_0fhqo1d._.js:13335:52)
[ 1693519ms] Error: Internal Next.js error: Router action dispatched before initialization.
    at dispatchAppRouterAction (http://localhost:3000/_next/static/chunks/node_modules_next_dist_client_0fhqo1d._.js:916:37)
    at http://localhost:3000/_next/static/chunks/node_modules_next_dist_client_0fhqo1d._.js:11800:61
    at startTransition (http://localhost:3000/_next/static/chunks/node_modules_next_dist_compiled_0rpq4pf._.js:1279:31)
    at Object.hmrRefresh (http://localhost:3000/_next/static/chunks/node_modules_next_dist_client_0fhqo1d._.js:11799:40)
    at processMessage (http://localhost:3000/_next/static/chunks/node_modules_next_dist_client_0fhqo1d._.js:13990:67)
    at WebSocket.handleMessage (http://localhost:3000/_next/static/chunks/node_modules_next_dist_client_0fhqo1d._.js:13335:52)
[ 1693520ms] Error: Internal Next.js error: Router action dispatched before initialization.
    at dispatchAppRouterAction (http://localhost:3000/_next/static/chunks/node_modules_next_dist_client_0fhqo1d._.js:916:37)
    at http://localhost:3000/_next/static/chunks/node_modules_next_dist_client_0fhqo1d._.js:11800:61
    at startTransition (http://localhost:3000/_next/static/chunks/node_modules_next_dist_compiled_0rpq4pf._.js:1279:31)
    at Object.hmrRefresh (http://localhost:3000/_next/static/chunks/node_modules_next_dist_client_0fhqo1d._.js:11799:40)
    at processMessage (http://localhost:3000/_next/static/chunks/node_modules_next_dist_client_0fhqo1d._.js:13990:67)
    at WebSocket.handleMessage (http://localhost:3000/_next/static/chunks/node_modules_next_dist_client_0fhqo1d._.js:13335:52)
[ 1693523ms] Error: Internal Next.js error: Router action dispatched before initialization.
    at dispatchAppRouterAction (http://localhost:3000/_next/static/chunks/node_modules_next_dist_client_0fhqo1d._.js:916:37)
    at http://localhost:3000/_next/static/chunks/node_modules_next_dist_client_0fhqo1d._.js:11800:61
    at startTransition (http://localhost:3000/_next/static/chunks/node_modules_next_dist_compiled_0rpq4pf._.js:1279:31)
    at Object.hmrRefresh (http://localhost:3000/_next/static/chunks/node_modules_next_dist_client_0fhqo1d._.js:11799:40)
    at processMessage (http://localhost:3000/_next/static/chunks/node_modules_next_dist_client_0fhqo1d._.js:13990:67)
    at WebSocket.handleMessage (http://localhost:3000/_next/static/chunks/node_modules_next_dist_client_0fhqo1d._.js:13335:52)
[ 1693529ms] Error: Internal Next.js error: Router action dispatched before initialization.
    at dispatchAppRouterAction (http://localhost:3000/_next/static/chunks/node_modules_next_dist_client_0fhqo1d._.js:916:37)
    at http://localhost:3000/_next/static/chunks/node_modules_next_dist_client_0fhqo1d._.js:11800:61
    at startTransition (http://localhost:3000/_next/static/chunks/node_modules_next_dist_compiled_0rpq4pf._.js:1279:31)
    at Object.hmrRefresh (http://localhost:3000/_next/static/chunks/node_modules_next_dist_client_0fhqo1d._.js:11799:40)
    at processMessage (http://localhost:3000/_next/static/chunks/node_modules_next_dist_client_0fhqo1d._.js:13990:67)
    at WebSocket.handleMessage (http://localhost:3000/_next/static/chunks/node_modules_next_dist_client_0fhqo1d._.js:13335:52)
[ 1693530ms] Error: Internal Next.js error: Router action dispatched before initialization.
    at dispatchAppRouterAction (http://localhost:3000/_next/static/chunks/node_modules_next_dist_client_0fhqo1d._.js:916:37)
    at http://localhost:3000/_next/static/chunks/node_modules_next_dist_client_0fhqo1d._.js:11800:61
    at startTransition (http://localhost:3000/_next/static/chunks/node_modules_next_dist_compiled_0rpq4pf._.js:1279:31)
    at Object.hmrRefresh (http://localhost:3000/_next/static/chunks/node_modules_next_dist_client_0fhqo1d._.js:11799:40)
    at processMessage (http://localhost:3000/_next/static/chunks/node_modules_next_dist_client_0fhqo1d._.js:13990:67)
    at WebSocket.handleMessage (http://localhost:3000/_next/static/chunks/node_modules_next_dist_client_0fhqo1d._.js:13335:52)
[ 1693533ms] Error: Internal Next.js error: Router action dispatched before initialization.
    at dispatchAppRouterAction (http://localhost:3000/_next/static/chunks/node_modules_next_dist_client_0fhqo1d._.js:916:37)
    at http://localhost:3000/_next/static/chunks/node_modules_next_dist_client_0fhqo1d._.js:11800:61
    at startTransition (http://localhost:3000/_next/static/chunks/node_modules_next_dist_compiled_0rpq4pf._.js:1279:31)
    at Object.hmrRefresh (http://localhost:3000/_next/static/chunks/node_modules_next_dist_client_0fhqo1d._.js:11799:40)
    at processMessage (http://localhost:3000/_next/static/chunks/node_modules_next_dist_client_0fhqo1d._.js:13990:67)
    at WebSocket.handleMessage (http://localhost:3000/_next/static/chunks/node_modules_next_dist_client_0fhqo1d._.js:13335:52)
[ 1693535ms] Error: Internal Next.js error: Router action dispatched before initialization.
    at dispatchAppRouterAction (http://localhost:3000/_next/static/chunks/node_modules_next_dist_client_0fhqo1d._.js:916:37)
    at http://localhost:3000/_next/static/chunks/node_modules_next_dist_client_0fhqo1d._.js:11800:61
    at startTransition (http://localhost:3000/_next/static/chunks/node_modules_next_dist_compiled_0rpq4pf._.js:1279:31)
    at Object.hmrRefresh (http://localhost:3000/_next/static/chunks/node_modules_next_dist_client_0fhqo1d._.js:11799:40)
    at processMessage (http://localhost:3000/_next/static/chunks/node_modules_next_dist_client_0fhqo1d._.js:13990:67)
    at WebSocket.handleMessage (http://localhost:3000/_next/static/chunks/node_modules_next_dist_client_0fhqo1d._.js:13335:52)
[ 1693537ms] Error: Internal Next.js error: Router action dispatched before initialization.
    at dispatchAppRouterAction (http://localhost:3000/_next/static/chunks/node_modules_next_dist_client_0fhqo1d._.js:916:37)
    at http://localhost:3000/_next/static/chunks/node_modules_next_dist_client_0fhqo1d._.js:11800:61
    at startTransition (http://localhost:3000/_next/static/chunks/node_modules_next_dist_compiled_0rpq4pf._.js:1279:31)
    at Object.hmrRefresh (http://localhost:3000/_next/static/chunks/node_modules_next_dist_client_0fhqo1d._.js:11799:40)
    at processMessage (http://localhost:3000/_next/static/chunks/node_modules_next_dist_client_0fhqo1d._.js:13990:67)
    at WebSocket.handleMessage (http://localhost:3000/_next/static/chunks/node_modules_next_dist_client_0fhqo1d._.js:13335:52)
[ 1693540ms] Error: Internal Next.js error: Router action dispatched before initialization.
    at dispatchAppRouterAction (http://localhost:3000/_next/static/chunks/node_modules_next_dist_client_0fhqo1d._.js:916:37)
    at http://localhost:3000/_next/static/chunks/node_modules_next_dist_client_0fhqo1d._.js:11800:61
    at startTransition (http://localhost:3000/_next/static/chunks/node_modules_next_dist_compiled_0rpq4pf._.js:1279:31)
    at Object.hmrRefresh (http://localhost:3000/_next/static/chunks/node_modules_next_dist_client_0fhqo1d._.js:11799:40)
    at processMessage (http://localhost:3000/_next/static/chunks/node_modules_next_dist_client_0fhqo1d._.js:13990:67)
    at WebSocket.handleMessage (http://localhost:3000/_next/static/chunks/node_modules_next_dist_client_0fhqo1d._.js:13335:52)
[ 1693542ms] Error: Internal Next.js error: Router action dispatched before initialization.
    at dispatchAppRouterAction (http://localhost:3000/_next/static/chunks/node_modules_next_dist_client_0fhqo1d._.js:916:37)
    at http://localhost:3000/_next/static/chunks/node_modules_next_dist_client_0fhqo1d._.js:11800:61
    at startTransition (http://localhost:3000/_next/static/chunks/node_modules_next_dist_compiled_0rpq4pf._.js:1279:31)
    at Object.hmrRefresh (http://localhost:3000/_next/static/chunks/node_modules_next_dist_client_0fhqo1d._.js:11799:40)
    at processMessage (http://localhost:3000/_next/static/chunks/node_modules_next_dist_client_0fhqo1d._.js:13990:67)
    at WebSocket.handleMessage (http://localhost:3000/_next/static/chunks/node_modules_next_dist_client_0fhqo1d._.js:13335:52)
[ 1693544ms] Error: Internal Next.js error: Router action dispatched before initialization.
    at dispatchAppRouterAction (http://localhost:3000/_next/static/chunks/node_modules_next_dist_client_0fhqo1d._.js:916:37)
    at http://localhost:3000/_next/static/chunks/node_modules_next_dist_client_0fhqo1d._.js:11800:61
    at startTransition (http://localhost:3000/_next/static/chunks/node_modules_next_dist_compiled_0rpq4pf._.js:1279:31)
    at Object.hmrRefresh (http://localhost:3000/_next/static/chunks/node_modules_next_dist_client_0fhqo1d._.js:11799:40)
    at processMessage (http://localhost:3000/_next/static/chunks/node_modules_next_dist_client_0fhqo1d._.js:13990:67)
    at WebSocket.handleMessage (http://localhost:3000/_next/static/chunks/node_modules_next_dist_client_0fhqo1d._.js:13335:52)
[ 1693546ms] Error: Internal Next.js error: Router action dispatched before initialization.
    at dispatchAppRouterAction (http://localhost:3000/_next/static/chunks/node_modules_next_dist_client_0fhqo1d._.js:916:37)
    at http://localhost:3000/_next/static/chunks/node_modules_next_dist_client_0fhqo1d._.js:11800:61
    at startTransition (http://localhost:3000/_next/static/chunks/node_modules_next_dist_compiled_0rpq4pf._.js:1279:31)
    at Object.hmrRefresh (http://localhost:3000/_next/static/chunks/node_modules_next_dist_client_0fhqo1d._.js:11799:40)
    at processMessage (http://localhost:3000/_next/static/chunks/node_modules_next_dist_client_0fhqo1d._.js:13990:67)
    at WebSocket.handleMessage (http://localhost:3000/_next/static/chunks/node_modules_next_dist_client_0fhqo1d._.js:13335:52)
[ 1693547ms] Error: Internal Next.js error: Router action dispatched before initialization.
    at dispatchAppRouterAction (http://localhost:3000/_next/static/chunks/node_modules_next_dist_client_0fhqo1d._.js:916:37)
    at http://localhost:3000/_next/static/chunks/node_modules_next_dist_client_0fhqo1d._.js:11800:61
    at startTransition (http://localhost:3000/_next/static/chunks/node_modules_next_dist_compiled_0rpq4pf._.js:1279:31)
    at Object.hmrRefresh (http://localhost:3000/_next/static/chunks/node_modules_next_dist_client_0fhqo1d._.js:11799:40)
    at processMessage (http://localhost:3000/_next/static/chunks/node_modules_next_dist_client_0fhqo1d._.js:13990:67)
    at WebSocket.handleMessage (http://localhost:3000/_next/static/chunks/node_modules_next_dist_client_0fhqo1d._.js:13335:52)
[ 1693548ms] Error: Internal Next.js error: Router action dispatched before initialization.
    at dispatchAppRouterAction (http://localhost:3000/_next/static/chunks/node_modules_next_dist_client_0fhqo1d._.js:916:37)
    at http://localhost:3000/_next/static/chunks/node_modules_next_dist_client_0fhqo1d._.js:11800:61
    at startTransition (http://localhost:3000/_next/static/chunks/node_modules_next_dist_compiled_0rpq4pf._.js:1279:31)
    at Object.hmrRefresh (http://localhost:3000/_next/static/chunks/node_modules_next_dist_client_0fhqo1d._.js:11799:40)
    at processMessage (http://localhost:3000/_next/static/chunks/node_modules_next_dist_client_0fhqo1d._.js:13990:67)
    at WebSocket.handleMessage (http://localhost:3000/_next/static/chunks/node_modules_next_dist_client_0fhqo1d._.js:13335:52)
[ 1693550ms] Error: Internal Next.js error: Router action dispatched before initialization.
    at dispatchAppRouterAction (http://localhost:3000/_next/static/chunks/node_modules_next_dist_client_0fhqo1d._.js:916:37)
    at http://localhost:3000/_next/static/chunks/node_modules_next_dist_client_0fhqo1d._.js:11800:61
    at startTransition (http://localhost:3000/_next/static/chunks/node_modules_next_dist_compiled_0rpq4pf._.js:1279:31)
    at Object.hmrRefresh (http://localhost:3000/_next/static/chunks/node_modules_next_dist_client_0fhqo1d._.js:11799:40)
    at processMessage (http://localhost:3000/_next/static/chunks/node_modules_next_dist_client_0fhqo1d._.js:13990:67)
    at WebSocket.handleMessage (http://localhost:3000/_next/static/chunks/node_modules_next_dist_client_0fhqo1d._.js:13335:52)
[ 1693552ms] Error: Internal Next.js error: Router action dispatched before initialization.
    at dispatchAppRouterAction (http://localhost:3000/_next/static/chunks/node_modules_next_dist_client_0fhqo1d._.js:916:37)
    at http://localhost:3000/_next/static/chunks/node_modules_next_dist_client_0fhqo1d._.js:11800:61
    at startTransition (http://localhost:3000/_next/static/chunks/node_modules_next_dist_compiled_0rpq4pf._.js:1279:31)
    at Object.hmrRefresh (http://localhost:3000/_next/static/chunks/node_modules_next_dist_client_0fhqo1d._.js:11799:40)
    at processMessage (http://localhost:3000/_next/static/chunks/node_modules_next_dist_client_0fhqo1d._.js:13990:67)
    at WebSocket.handleMessage (http://localhost:3000/_next/static/chunks/node_modules_next_dist_client_0fhqo1d._.js:13335:52)
[ 1693553ms] Error: Internal Next.js error: Router action dispatched before initialization.
    at dispatchAppRouterAction (http://localhost:3000/_next/static/chunks/node_modules_next_dist_client_0fhqo1d._.js:916:37)
    at http://localhost:3000/_next/static/chunks/node_modules_next_dist_client_0fhqo1d._.js:11800:61
    at startTransition (http://localhost:3000/_next/static/chunks/node_modules_next_dist_compiled_0rpq4pf._.js:1279:31)
    at Object.hmrRefresh (http://localhost:3000/_next/static/chunks/node_modules_next_dist_client_0fhqo1d._.js:11799:40)
    at processMessage (http://localhost:3000/_next/static/chunks/node_modules_next_dist_client_0fhqo1d._.js:13990:67)
    at WebSocket.handleMessage (http://localhost:3000/_next/static/chunks/node_modules_next_dist_client_0fhqo1d._.js:13335:52)
[ 1693554ms] Error: Internal Next.js error: Router action dispatched before initialization.
    at dispatchAppRouterAction (http://localhost:3000/_next/static/chunks/node_modules_next_dist_client_0fhqo1d._.js:916:37)
    at http://localhost:3000/_next/static/chunks/node_modules_next_dist_client_0fhqo1d._.js:11800:61
    at startTransition (http://localhost:3000/_next/static/chunks/node_modules_next_dist_compiled_0rpq4pf._.js:1279:31)
    at Object.hmrRefresh (http://localhost:3000/_next/static/chunks/node_modules_next_dist_client_0fhqo1d._.js:11799:40)
    at processMessage (http://localhost:3000/_next/static/chunks/node_modules_next_dist_client_0fhqo1d._.js:13990:67)
    at WebSocket.handleMessage (http://localhost:3000/_next/static/chunks/node_modules_next_dist_client_0fhqo1d._.js:13335:52)
[ 1693556ms] Error: Internal Next.js error: Router action dispatched before initialization.
    at dispatchAppRouterAction (http://localhost:3000/_next/static/chunks/node_modules_next_dist_client_0fhqo1d._.js:916:37)
    at http://localhost:3000/_next/static/chunks/node_modules_next_dist_client_0fhqo1d._.js:11800:61
    at startTransition (http://localhost:3000/_next/static/chunks/node_modules_next_dist_compiled_0rpq4pf._.js:1279:31)
    at Object.hmrRefresh (http://localhost:3000/_next/static/chunks/node_modules_next_dist_client_0fhqo1d._.js:11799:40)
    at processMessage (http://localhost:3000/_next/static/chunks/node_modules_next_dist_client_0fhqo1d._.js:13990:67)
    at WebSocket.handleMessage (http://localhost:3000/_next/static/chunks/node_modules_next_dist_client_0fhqo1d._.js:13335:52)
[ 1693560ms] Error: Internal Next.js error: Router action dispatched before initialization.
    at dispatchAppRouterAction (http://localhost:3000/_next/static/chunks/node_modules_next_dist_client_0fhqo1d._.js:916:37)
    at http://localhost:3000/_next/static/chunks/node_modules_next_dist_client_0fhqo1d._.js:11800:61
    at startTransition (http://localhost:3000/_next/static/chunks/node_modules_next_dist_compiled_0rpq4pf._.js:1279:31)
    at Object.hmrRefresh (http://localhost:3000/_next/static/chunks/node_modules_next_dist_client_0fhqo1d._.js:11799:40)
    at processMessage (http://localhost:3000/_next/static/chunks/node_modules_next_dist_client_0fhqo1d._.js:13990:67)
    at WebSocket.handleMessage (http://localhost:3000/_next/static/chunks/node_modules_next_dist_client_0fhqo1d._.js:13335:52)
[ 1693561ms] Error: Internal Next.js error: Router action dispatched before initialization.
    at dispatchAppRouterAction (http://localhost:3000/_next/static/chunks/node_modules_next_dist_client_0fhqo1d._.js:916:37)
    at http://localhost:3000/_next/static/chunks/node_modules_next_dist_client_0fhqo1d._.js:11800:61
    at startTransition (http://localhost:3000/_next/static/chunks/node_modules_next_dist_compiled_0rpq4pf._.js:1279:31)
    at Object.hmrRefresh (http://localhost:3000/_next/static/chunks/node_modules_next_dist_client_0fhqo1d._.js:11799:40)
    at processMessage (http://localhost:3000/_next/static/chunks/node_modules_next_dist_client_0fhqo1d._.js:13990:67)
    at WebSocket.handleMessage (http://localhost:3000/_next/static/chunks/node_modules_next_dist_client_0fhqo1d._.js:13335:52)
[ 1693563ms] Error: Internal Next.js error: Router action dispatched before initialization.
    at dispatchAppRouterAction (http://localhost:3000/_next/static/chunks/node_modules_next_dist_client_0fhqo1d._.js:916:37)
    at http://localhost:3000/_next/static/chunks/node_modules_next_dist_client_0fhqo1d._.js:11800:61
    at startTransition (http://localhost:3000/_next/static/chunks/node_modules_next_dist_compiled_0rpq4pf._.js:1279:31)
    at Object.hmrRefresh (http://localhost:3000/_next/static/chunks/node_modules_next_dist_client_0fhqo1d._.js:11799:40)
    at processMessage (http://localhost:3000/_next/static/chunks/node_modules_next_dist_client_0fhqo1d._.js:13990:67)
    at WebSocket.handleMessage (http://localhost:3000/_next/static/chunks/node_modules_next_dist_client_0fhqo1d._.js:13335:52)
[ 1693564ms] Error: Internal Next.js error: Router action dispatched before initialization.
    at dispatchAppRouterAction (http://localhost:3000/_next/static/chunks/node_modules_next_dist_client_0fhqo1d._.js:916:37)
    at http://localhost:3000/_next/static/chunks/node_modules_next_dist_client_0fhqo1d._.js:11800:61
    at startTransition (http://localhost:3000/_next/static/chunks/node_modules_next_dist_compiled_0rpq4pf._.js:1279:31)
    at Object.hmrRefresh (http://localhost:3000/_next/static/chunks/node_modules_next_dist_client_0fhqo1d._.js:11799:40)
    at processMessage (http://localhost:3000/_next/static/chunks/node_modules_next_dist_client_0fhqo1d._.js:13990:67)
    at WebSocket.handleMessage (http://localhost:3000/_next/static/chunks/node_modules_next_dist_client_0fhqo1d._.js:13335:52)
[ 1693568ms] Error: Internal Next.js error: Router action dispatched before initialization.
    at dispatchAppRouterAction (http://localhost:3000/_next/static/chunks/node_modules_next_dist_client_0fhqo1d._.js:916:37)
    at http://localhost:3000/_next/static/chunks/node_modules_next_dist_client_0fhqo1d._.js:11800:61
    at startTransition (http://localhost:3000/_next/static/chunks/node_modules_next_dist_compiled_0rpq4pf._.js:1279:31)
    at Object.hmrRefresh (http://localhost:3000/_next/static/chunks/node_modules_next_dist_client_0fhqo1d._.js:11799:40)
    at processMessage (http://localhost:3000/_next/static/chunks/node_modules_next_dist_client_0fhqo1d._.js:13990:67)
    at WebSocket.handleMessage (http://localhost:3000/_next/static/chunks/node_modules_next_dist_client_0fhqo1d._.js:13335:52)
[ 1693571ms] Error: Internal Next.js error: Router action dispatched before initialization.
    at dispatchAppRouterAction (http://localhost:3000/_next/static/chunks/node_modules_next_dist_client_0fhqo1d._.js:916:37)
    at http://localhost:3000/_next/static/chunks/node_modules_next_dist_client_0fhqo1d._.js:11800:61
    at startTransition (http://localhost:3000/_next/static/chunks/node_modules_next_dist_compiled_0rpq4pf._.js:1279:31)
    at Object.hmrRefresh (http://localhost:3000/_next/static/chunks/node_modules_next_dist_client_0fhqo1d._.js:11799:40)
    at processMessage (http://localhost:3000/_next/static/chunks/node_modules_next_dist_client_0fhqo1d._.js:13990:67)
    at WebSocket.handleMessage (http://localhost:3000/_next/static/chunks/node_modules_next_dist_client_0fhqo1d._.js:13335:52)
[ 1693573ms] Error: Internal Next.js error: Router action dispatched before initialization.
    at dispatchAppRouterAction (http://localhost:3000/_next/static/chunks/node_modules_next_dist_client_0fhqo1d._.js:916:37)
    at http://localhost:3000/_next/static/chunks/node_modules_next_dist_client_0fhqo1d._.js:11800:61
    at startTransition (http://localhost:3000/_next/static/chunks/node_modules_next_dist_compiled_0rpq4pf._.js:1279:31)
    at Object.hmrRefresh (http://localhost:3000/_next/static/chunks/node_modules_next_dist_client_0fhqo1d._.js:11799:40)
    at processMessage (http://localhost:3000/_next/static/chunks/node_modules_next_dist_client_0fhqo1d._.js:13990:67)
    at WebSocket.handleMessage (http://localhost:3000/_next/static/chunks/node_modules_next_dist_client_0fhqo1d._.js:13335:52)
[ 1693576ms] Error: Internal Next.js error: Router action dispatched before initialization.
    at dispatchAppRouterAction (http://localhost:3000/_next/static/chunks/node_modules_next_dist_client_0fhqo1d._.js:916:37)
    at http://localhost:3000/_next/static/chunks/node_modules_next_dist_client_0fhqo1d._.js:11800:61
    at startTransition (http://localhost:3000/_next/static/chunks/node_modules_next_dist_compiled_0rpq4pf._.js:1279:31)
    at Object.hmrRefresh (http://localhost:3000/_next/static/chunks/node_modules_next_dist_client_0fhqo1d._.js:11799:40)
    at processMessage (http://localhost:3000/_next/static/chunks/node_modules_next_dist_client_0fhqo1d._.js:13990:67)
    at WebSocket.handleMessage (http://localhost:3000/_next/static/chunks/node_modules_next_dist_client_0fhqo1d._.js:13335:52)
[ 1693577ms] Error: Internal Next.js error: Router action dispatched before initialization.
    at dispatchAppRouterAction (http://localhost:3000/_next/static/chunks/node_modules_next_dist_client_0fhqo1d._.js:916:37)
    at http://localhost:3000/_next/static/chunks/node_modules_next_dist_client_0fhqo1d._.js:11800:61
    at startTransition (http://localhost:3000/_next/static/chunks/node_modules_next_dist_compiled_0rpq4pf._.js:1279:31)
    at Object.hmrRefresh (http://localhost:3000/_next/static/chunks/node_modules_next_dist_client_0fhqo1d._.js:11799:40)
    at processMessage (http://localhost:3000/_next/static/chunks/node_modules_next_dist_client_0fhqo1d._.js:13990:67)
    at WebSocket.handleMessage (http://localhost:3000/_next/static/chunks/node_modules_next_dist_client_0fhqo1d._.js:13335:52)
[ 1693578ms] Error: Internal Next.js error: Router action dispatched before initialization.
    at dispatchAppRouterAction (http://localhost:3000/_next/static/chunks/node_modules_next_dist_client_0fhqo1d._.js:916:37)
    at http://localhost:3000/_next/static/chunks/node_modules_next_dist_client_0fhqo1d._.js:11800:61
    at startTransition (http://localhost:3000/_next/static/chunks/node_modules_next_dist_compiled_0rpq4pf._.js:1279:31)
    at Object.hmrRefresh (http://localhost:3000/_next/static/chunks/node_modules_next_dist_client_0fhqo1d._.js:11799:40)
    at processMessage (http://localhost:3000/_next/static/chunks/node_modules_next_dist_client_0fhqo1d._.js:13990:67)
    at WebSocket.handleMessage (http://localhost:3000/_next/static/chunks/node_modules_next_dist_client_0fhqo1d._.js:13335:52)
[ 1693579ms] Error: Internal Next.js error: Router action dispatched before initialization.
    at dispatchAppRouterAction (http://localhost:3000/_next/static/chunks/node_modules_next_dist_client_0fhqo1d._.js:916:37)
    at http://localhost:3000/_next/static/chunks/node_modules_next_dist_client_0fhqo1d._.js:11800:61
    at startTransition (http://localhost:3000/_next/static/chunks/node_modules_next_dist_compiled_0rpq4pf._.js:1279:31)
    at Object.hmrRefresh (http://localhost:3000/_next/static/chunks/node_modules_next_dist_client_0fhqo1d._.js:11799:40)
    at processMessage (http://localhost:3000/_next/static/chunks/node_modules_next_dist_client_0fhqo1d._.js:13990:67)
    at WebSocket.handleMessage (http://localhost:3000/_next/static/chunks/node_modules_next_dist_client_0fhqo1d._.js:13335:52)
[ 1693580ms] Error: Internal Next.js error: Router action dispatched before initialization.
    at dispatchAppRouterAction (http://localhost:3000/_next/static/chunks/node_modules_next_dist_client_0fhqo1d._.js:916:37)
    at http://localhost:3000/_next/static/chunks/node_modules_next_dist_client_0fhqo1d._.js:11800:61
    at startTransition (http://localhost:3000/_next/static/chunks/node_modules_next_dist_compiled_0rpq4pf._.js:1279:31)
    at Object.hmrRefresh (http://localhost:3000/_next/static/chunks/node_modules_next_dist_client_0fhqo1d._.js:11799:40)
    at processMessage (http://localhost:3000/_next/static/chunks/node_modules_next_dist_client_0fhqo1d._.js:13990:67)
    at WebSocket.handleMessage (http://localhost:3000/_next/static/chunks/node_modules_next_dist_client_0fhqo1d._.js:13335:52)
[ 1693580ms] Error: Internal Next.js error: Router action dispatched before initialization.
    at dispatchAppRouterAction (http://localhost:3000/_next/static/chunks/node_modules_next_dist_client_0fhqo1d._.js:916:37)
    at http://localhost:3000/_next/static/chunks/node_modules_next_dist_client_0fhqo1d._.js:11800:61
    at startTransition (http://localhost:3000/_next/static/chunks/node_modules_next_dist_compiled_0rpq4pf._.js:1279:31)
    at Object.hmrRefresh (http://localhost:3000/_next/static/chunks/node_modules_next_dist_client_0fhqo1d._.js:11799:40)
    at processMessage (http://localhost:3000/_next/static/chunks/node_modules_next_dist_client_0fhqo1d._.js:13990:67)
    at WebSocket.handleMessage (http://localhost:3000/_next/static/chunks/node_modules_next_dist_client_0fhqo1d._.js:13335:52)
[ 1693581ms] Error: Internal Next.js error: Router action dispatched before initialization.
    at dispatchAppRouterAction (http://localhost:3000/_next/static/chunks/node_modules_next_dist_client_0fhqo1d._.js:916:37)
    at http://localhost:3000/_next/static/chunks/node_modules_next_dist_client_0fhqo1d._.js:11800:61
    at startTransition (http://localhost:3000/_next/static/chunks/node_modules_next_dist_compiled_0rpq4pf._.js:1279:31)
    at Object.hmrRefresh (http://localhost:3000/_next/static/chunks/node_modules_next_dist_client_0fhqo1d._.js:11799:40)
    at processMessage (http://localhost:3000/_next/static/chunks/node_modules_next_dist_client_0fhqo1d._.js:13990:67)
    at WebSocket.handleMessage (http://localhost:3000/_next/static/chunks/node_modules_next_dist_client_0fhqo1d._.js:13335:52)
[ 1693582ms] Error: Internal Next.js error: Router action dispatched before initialization.
    at dispatchAppRouterAction (http://localhost:3000/_next/static/chunks/node_modules_next_dist_client_0fhqo1d._.js:916:37)
    at http://localhost:3000/_next/static/chunks/node_modules_next_dist_client_0fhqo1d._.js:11800:61
    at startTransition (http://localhost:3000/_next/static/chunks/node_modules_next_dist_compiled_0rpq4pf._.js:1279:31)
    at Object.hmrRefresh (http://localhost:3000/_next/static/chunks/node_modules_next_dist_client_0fhqo1d._.js:11799:40)
    at processMessage (http://localhost:3000/_next/static/chunks/node_modules_next_dist_client_0fhqo1d._.js:13990:67)
    at WebSocket.handleMessage (http://localhost:3000/_next/static/chunks/node_modules_next_dist_client_0fhqo1d._.js:13335:52)
[ 1693582ms] Error: Internal Next.js error: Router action dispatched before initialization.
    at dispatchAppRouterAction (http://localhost:3000/_next/static/chunks/node_modules_next_dist_client_0fhqo1d._.js:916:37)
    at http://localhost:3000/_next/static/chunks/node_modules_next_dist_client_0fhqo1d._.js:11800:61
    at startTransition (http://localhost:3000/_next/static/chunks/node_modules_next_dist_compiled_0rpq4pf._.js:1279:31)
    at Object.hmrRefresh (http://localhost:3000/_next/static/chunks/node_modules_next_dist_client_0fhqo1d._.js:11799:40)
    at processMessage (http://localhost:3000/_next/static/chunks/node_modules_next_dist_client_0fhqo1d._.js:13990:67)
    at WebSocket.handleMessage (http://localhost:3000/_next/static/chunks/node_modules_next_dist_client_0fhqo1d._.js:13335:52)
[ 1693583ms] Error: Internal Next.js error: Router action dispatched before initialization.
    at dispatchAppRouterAction (http://localhost:3000/_next/static/chunks/node_modules_next_dist_client_0fhqo1d._.js:916:37)
    at http://localhost:3000/_next/static/chunks/node_modules_next_dist_client_0fhqo1d._.js:11800:61
    at startTransition (http://localhost:3000/_next/static/chunks/node_modules_next_dist_compiled_0rpq4pf._.js:1279:31)
    at Object.hmrRefresh (http://localhost:3000/_next/static/chunks/node_modules_next_dist_client_0fhqo1d._.js:11799:40)
    at processMessage (http://localhost:3000/_next/static/chunks/node_modules_next_dist_client_0fhqo1d._.js:13990:67)
    at WebSocket.handleMessage (http://localhost:3000/_next/static/chunks/node_modules_next_dist_client_0fhqo1d._.js:13335:52)
[ 1693584ms] Error: Internal Next.js error: Router action dispatched before initialization.
    at dispatchAppRouterAction (http://localhost:3000/_next/static/chunks/node_modules_next_dist_client_0fhqo1d._.js:916:37)
    at http://localhost:3000/_next/static/chunks/node_modules_next_dist_client_0fhqo1d._.js:11800:61
    at startTransition (http://localhost:3000/_next/static/chunks/node_modules_next_dist_compiled_0rpq4pf._.js:1279:31)
    at Object.hmrRefresh (http://localhost:3000/_next/static/chunks/node_modules_next_dist_client_0fhqo1d._.js:11799:40)
    at processMessage (http://localhost:3000/_next/static/chunks/node_modules_next_dist_client_0fhqo1d._.js:13990:67)
    at WebSocket.handleMessage (http://localhost:3000/_next/static/chunks/node_modules_next_dist_client_0fhqo1d._.js:13335:52)
[ 1693585ms] Error: Internal Next.js error: Router action dispatched before initialization.
    at dispatchAppRouterAction (http://localhost:3000/_next/static/chunks/node_modules_next_dist_client_0fhqo1d._.js:916:37)
    at http://localhost:3000/_next/static/chunks/node_modules_next_dist_client_0fhqo1d._.js:11800:61
    at startTransition (http://localhost:3000/_next/static/chunks/node_modules_next_dist_compiled_0rpq4pf._.js:1279:31)
    at Object.hmrRefresh (http://localhost:3000/_next/static/chunks/node_modules_next_dist_client_0fhqo1d._.js:11799:40)
    at processMessage (http://localhost:3000/_next/static/chunks/node_modules_next_dist_client_0fhqo1d._.js:13990:67)
    at WebSocket.handleMessage (http://localhost:3000/_next/static/chunks/node_modules_next_dist_client_0fhqo1d._.js:13335:52)
[ 1693586ms] Error: Internal Next.js error: Router action dispatched before initialization.
    at dispatchAppRouterAction (http://localhost:3000/_next/static/chunks/node_modules_next_dist_client_0fhqo1d._.js:916:37)
    at http://localhost:3000/_next/static/chunks/node_modules_next_dist_client_0fhqo1d._.js:11800:61
    at startTransition (http://localhost:3000/_next/static/chunks/node_modules_next_dist_compiled_0rpq4pf._.js:1279:31)
    at Object.hmrRefresh (http://localhost:3000/_next/static/chunks/node_modules_next_dist_client_0fhqo1d._.js:11799:40)
    at processMessage (http://localhost:3000/_next/static/chunks/node_modules_next_dist_client_0fhqo1d._.js:13990:67)
    at WebSocket.handleMessage (http://localhost:3000/_next/static/chunks/node_modules_next_dist_client_0fhqo1d._.js:13335:52)
[ 1693587ms] Error: Internal Next.js error: Router action dispatched before initialization.
    at dispatchAppRouterAction (http://localhost:3000/_next/static/chunks/node_modules_next_dist_client_0fhqo1d._.js:916:37)
    at http://localhost:3000/_next/static/chunks/node_modules_next_dist_client_0fhqo1d._.js:11800:61
    at startTransition (http://localhost:3000/_next/static/chunks/node_modules_next_dist_compiled_0rpq4pf._.js:1279:31)
    at Object.hmrRefresh (http://localhost:3000/_next/static/chunks/node_modules_next_dist_client_0fhqo1d._.js:11799:40)
    at processMessage (http://localhost:3000/_next/static/chunks/node_modules_next_dist_client_0fhqo1d._.js:13990:67)
    at WebSocket.handleMessage (http://localhost:3000/_next/static/chunks/node_modules_next_dist_client_0fhqo1d._.js:13335:52)
[ 1693588ms] Error: Internal Next.js error: Router action dispatched before initialization.
    at dispatchAppRouterAction (http://localhost:3000/_next/static/chunks/node_modules_next_dist_client_0fhqo1d._.js:916:37)
    at http://localhost:3000/_next/static/chunks/node_modules_next_dist_client_0fhqo1d._.js:11800:61
    at startTransition (http://localhost:3000/_next/static/chunks/node_modules_next_dist_compiled_0rpq4pf._.js:1279:31)
    at Object.hmrRefresh (http://localhost:3000/_next/static/chunks/node_modules_next_dist_client_0fhqo1d._.js:11799:40)
    at processMessage (http://localhost:3000/_next/static/chunks/node_modules_next_dist_client_0fhqo1d._.js:13990:67)
    at WebSocket.handleMessage (http://localhost:3000/_next/static/chunks/node_modules_next_dist_client_0fhqo1d._.js:13335:52)
[ 1693589ms] Error: Internal Next.js error: Router action dispatched before initialization.
    at dispatchAppRouterAction (http://localhost:3000/_next/static/chunks/node_modules_next_dist_client_0fhqo1d._.js:916:37)
    at http://localhost:3000/_next/static/chunks/node_modules_next_dist_client_0fhqo1d._.js:11800:61
    at startTransition (http://localhost:3000/_next/static/chunks/node_modules_next_dist_compiled_0rpq4pf._.js:1279:31)
    at Object.hmrRefresh (http://localhost:3000/_next/static/chunks/node_modules_next_dist_client_0fhqo1d._.js:11799:40)
    at processMessage (http://localhost:3000/_next/static/chunks/node_modules_next_dist_client_0fhqo1d._.js:13990:67)
    at WebSocket.handleMessage (http://localhost:3000/_next/static/chunks/node_modules_next_dist_client_0fhqo1d._.js:13335:52)
[ 1693595ms] Error: Internal Next.js error: Router action dispatched before initialization.
    at dispatchAppRouterAction (http://localhost:3000/_next/static/chunks/node_modules_next_dist_client_0fhqo1d._.js:916:37)
    at http://localhost:3000/_next/static/chunks/node_modules_next_dist_client_0fhqo1d._.js:11800:61
    at startTransition (http://localhost:3000/_next/static/chunks/node_modules_next_dist_compiled_0rpq4pf._.js:1279:31)
    at Object.hmrRefresh (http://localhost:3000/_next/static/chunks/node_modules_next_dist_client_0fhqo1d._.js:11799:40)
    at processMessage (http://localhost:3000/_next/static/chunks/node_modules_next_dist_client_0fhqo1d._.js:13990:67)
    at WebSocket.handleMessage (http://localhost:3000/_next/static/chunks/node_modules_next_dist_client_0fhqo1d._.js:13335:52)
[ 1693596ms] Error: Internal Next.js error: Router action dispatched before initialization.
    at dispatchAppRouterAction (http://localhost:3000/_next/static/chunks/node_modules_next_dist_client_0fhqo1d._.js:916:37)
    at http://localhost:3000/_next/static/chunks/node_modules_next_dist_client_0fhqo1d._.js:11800:61
    at startTransition (http://localhost:3000/_next/static/chunks/node_modules_next_dist_compiled_0rpq4pf._.js:1279:31)
    at Object.hmrRefresh (http://localhost:3000/_next/static/chunks/node_modules_next_dist_client_0fhqo1d._.js:11799:40)
    at processMessage (http://localhost:3000/_next/static/chunks/node_modules_next_dist_client_0fhqo1d._.js:13990:67)
    at WebSocket.handleMessage (http://localhost:3000/_next/static/chunks/node_modules_next_dist_client_0fhqo1d._.js:13335:52)
[ 1693597ms] Error: Internal Next.js error: Router action dispatched before initialization.
    at dispatchAppRouterAction (http://localhost:3000/_next/static/chunks/node_modules_next_dist_client_0fhqo1d._.js:916:37)
    at http://localhost:3000/_next/static/chunks/node_modules_next_dist_client_0fhqo1d._.js:11800:61
    at startTransition (http://localhost:3000/_next/static/chunks/node_modules_next_dist_compiled_0rpq4pf._.js:1279:31)
    at Object.hmrRefresh (http://localhost:3000/_next/static/chunks/node_modules_next_dist_client_0fhqo1d._.js:11799:40)
    at processMessage (http://localhost:3000/_next/static/chunks/node_modules_next_dist_client_0fhqo1d._.js:13990:67)
    at WebSocket.handleMessage (http://localhost:3000/_next/static/chunks/node_modules_next_dist_client_0fhqo1d._.js:13335:52)
[ 1693597ms] Error: Internal Next.js error: Router action dispatched before initialization.
    at dispatchAppRouterAction (http://localhost:3000/_next/static/chunks/node_modules_next_dist_client_0fhqo1d._.js:916:37)
    at http://localhost:3000/_next/static/chunks/node_modules_next_dist_client_0fhqo1d._.js:11800:61
    at startTransition (http://localhost:3000/_next/static/chunks/node_modules_next_dist_compiled_0rpq4pf._.js:1279:31)
    at Object.hmrRefresh (http://localhost:3000/_next/static/chunks/node_modules_next_dist_client_0fhqo1d._.js:11799:40)
    at processMessage (http://localhost:3000/_next/static/chunks/node_modules_next_dist_client_0fhqo1d._.js:13990:67)
    at WebSocket.handleMessage (http://localhost:3000/_next/static/chunks/node_modules_next_dist_client_0fhqo1d._.js:13335:52)
[ 1693598ms] Error: Internal Next.js error: Router action dispatched before initialization.
    at dispatchAppRouterAction (http://localhost:3000/_next/static/chunks/node_modules_next_dist_client_0fhqo1d._.js:916:37)
    at http://localhost:3000/_next/static/chunks/node_modules_next_dist_client_0fhqo1d._.js:11800:61
    at startTransition (http://localhost:3000/_next/static/chunks/node_modules_next_dist_compiled_0rpq4pf._.js:1279:31)
    at Object.hmrRefresh (http://localhost:3000/_next/static/chunks/node_modules_next_dist_client_0fhqo1d._.js:11799:40)
    at processMessage (http://localhost:3000/_next/static/chunks/node_modules_next_dist_client_0fhqo1d._.js:13990:67)
    at WebSocket.handleMessage (http://localhost:3000/_next/static/chunks/node_modules_next_dist_client_0fhqo1d._.js:13335:52)
[ 1693598ms] Error: Internal Next.js error: Router action dispatched before initialization.
    at dispatchAppRouterAction (http://localhost:3000/_next/static/chunks/node_modules_next_dist_client_0fhqo1d._.js:916:37)
    at http://localhost:3000/_next/static/chunks/node_modules_next_dist_client_0fhqo1d._.js:11800:61
    at startTransition (http://localhost:3000/_next/static/chunks/node_modules_next_dist_compiled_0rpq4pf._.js:1279:31)
    at Object.hmrRefresh (http://localhost:3000/_next/static/chunks/node_modules_next_dist_client_0fhqo1d._.js:11799:40)
    at processMessage (http://localhost:3000/_next/static/chunks/node_modules_next_dist_client_0fhqo1d._.js:13990:67)
    at WebSocket.handleMessage (http://localhost:3000/_next/static/chunks/node_modules_next_dist_client_0fhqo1d._.js:13335:52)
[ 1693599ms] Error: Internal Next.js error: Router action dispatched before initialization.
    at dispatchAppRouterAction (http://localhost:3000/_next/static/chunks/node_modules_next_dist_client_0fhqo1d._.js:916:37)
    at http://localhost:3000/_next/static/chunks/node_modules_next_dist_client_0fhqo1d._.js:11800:61
    at startTransition (http://localhost:3000/_next/static/chunks/node_modules_next_dist_compiled_0rpq4pf._.js:1279:31)
    at Object.hmrRefresh (http://localhost:3000/_next/static/chunks/node_modules_next_dist_client_0fhqo1d._.js:11799:40)
    at processMessage (http://localhost:3000/_next/static/chunks/node_modules_next_dist_client_0fhqo1d._.js:13990:67)
    at WebSocket.handleMessage (http://localhost:3000/_next/static/chunks/node_modules_next_dist_client_0fhqo1d._.js:13335:52)
[ 1693600ms] Error: Internal Next.js error: Router action dispatched before initialization.
    at dispatchAppRouterAction (http://localhost:3000/_next/static/chunks/node_modules_next_dist_client_0fhqo1d._.js:916:37)
    at http://localhost:3000/_next/static/chunks/node_modules_next_dist_client_0fhqo1d._.js:11800:61
    at startTransition (http://localhost:3000/_next/static/chunks/node_modules_next_dist_compiled_0rpq4pf._.js:1279:31)
    at Object.hmrRefresh (http://localhost:3000/_next/static/chunks/node_modules_next_dist_client_0fhqo1d._.js:11799:40)
    at processMessage (http://localhost:3000/_next/static/chunks/node_modules_next_dist_client_0fhqo1d._.js:13990:67)
    at WebSocket.handleMessage (http://localhost:3000/_next/static/chunks/node_modules_next_dist_client_0fhqo1d._.js:13335:52)
[ 1693600ms] Error: Internal Next.js error: Router action dispatched before initialization.
    at dispatchAppRouterAction (http://localhost:3000/_next/static/chunks/node_modules_next_dist_client_0fhqo1d._.js:916:37)
    at http://localhost:3000/_next/static/chunks/node_modules_next_dist_client_0fhqo1d._.js:11800:61
    at startTransition (http://localhost:3000/_next/static/chunks/node_modules_next_dist_compiled_0rpq4pf._.js:1279:31)
    at Object.hmrRefresh (http://localhost:3000/_next/static/chunks/node_modules_next_dist_client_0fhqo1d._.js:11799:40)
    at processMessage (http://localhost:3000/_next/static/chunks/node_modules_next_dist_client_0fhqo1d._.js:13990:67)
    at WebSocket.handleMessage (http://localhost:3000/_next/static/chunks/node_modules_next_dist_client_0fhqo1d._.js:13335:52)
[ 1693601ms] Error: Internal Next.js error: Router action dispatched before initialization.
    at dispatchAppRouterAction (http://localhost:3000/_next/static/chunks/node_modules_next_dist_client_0fhqo1d._.js:916:37)
    at http://localhost:3000/_next/static/chunks/node_modules_next_dist_client_0fhqo1d._.js:11800:61
    at startTransition (http://localhost:3000/_next/static/chunks/node_modules_next_dist_compiled_0rpq4pf._.js:1279:31)
    at Object.hmrRefresh (http://localhost:3000/_next/static/chunks/node_modules_next_dist_client_0fhqo1d._.js:11799:40)
    at processMessage (http://localhost:3000/_next/static/chunks/node_modules_next_dist_client_0fhqo1d._.js:13990:67)
    at WebSocket.handleMessage (http://localhost:3000/_next/static/chunks/node_modules_next_dist_client_0fhqo1d._.js:13335:52)
[ 1693602ms] Error: Internal Next.js error: Router action dispatched before initialization.
    at dispatchAppRouterAction (http://localhost:3000/_next/static/chunks/node_modules_next_dist_client_0fhqo1d._.js:916:37)
    at http://localhost:3000/_next/static/chunks/node_modules_next_dist_client_0fhqo1d._.js:11800:61
    at startTransition (http://localhost:3000/_next/static/chunks/node_modules_next_dist_compiled_0rpq4pf._.js:1279:31)
    at Object.hmrRefresh (http://localhost:3000/_next/static/chunks/node_modules_next_dist_client_0fhqo1d._.js:11799:40)
    at processMessage (http://localhost:3000/_next/static/chunks/node_modules_next_dist_client_0fhqo1d._.js:13990:67)
    at WebSocket.handleMessage (http://localhost:3000/_next/static/chunks/node_modules_next_dist_client_0fhqo1d._.js:13335:52)
[ 1693603ms] Error: Internal Next.js error: Router action dispatched before initialization.
    at dispatchAppRouterAction (http://localhost:3000/_next/static/chunks/node_modules_next_dist_client_0fhqo1d._.js:916:37)
    at http://localhost:3000/_next/static/chunks/node_modules_next_dist_client_0fhqo1d._.js:11800:61
    at startTransition (http://localhost:3000/_next/static/chunks/node_modules_next_dist_compiled_0rpq4pf._.js:1279:31)
    at Object.hmrRefresh (http://localhost:3000/_next/static/chunks/node_modules_next_dist_client_0fhqo1d._.js:11799:40)
    at processMessage (http://localhost:3000/_next/static/chunks/node_modules_next_dist_client_0fhqo1d._.js:13990:67)
    at WebSocket.handleMessage (http://localhost:3000/_next/static/chunks/node_modules_next_dist_client_0fhqo1d._.js:13335:52)
[ 1693604ms] Error: Internal Next.js error: Router action dispatched before initialization.
    at dispatchAppRouterAction (http://localhost:3000/_next/static/chunks/node_modules_next_dist_client_0fhqo1d._.js:916:37)
    at http://localhost:3000/_next/static/chunks/node_modules_next_dist_client_0fhqo1d._.js:11800:61
    at startTransition (http://localhost:3000/_next/static/chunks/node_modules_next_dist_compiled_0rpq4pf._.js:1279:31)
    at Object.hmrRefresh (http://localhost:3000/_next/static/chunks/node_modules_next_dist_client_0fhqo1d._.js:11799:40)
    at processMessage (http://localhost:3000/_next/static/chunks/node_modules_next_dist_client_0fhqo1d._.js:13990:67)
    at WebSocket.handleMessage (http://localhost:3000/_next/static/chunks/node_modules_next_dist_client_0fhqo1d._.js:13335:52)
[ 1693604ms] Error: Internal Next.js error: Router action dispatched before initialization.
    at dispatchAppRouterAction (http://localhost:3000/_next/static/chunks/node_modules_next_dist_client_0fhqo1d._.js:916:37)
    at http://localhost:3000/_next/static/chunks/node_modules_next_dist_client_0fhqo1d._.js:11800:61
    at startTransition (http://localhost:3000/_next/static/chunks/node_modules_next_dist_compiled_0rpq4pf._.js:1279:31)
    at Object.hmrRefresh (http://localhost:3000/_next/static/chunks/node_modules_next_dist_client_0fhqo1d._.js:11799:40)
    at processMessage (http://localhost:3000/_next/static/chunks/node_modules_next_dist_client_0fhqo1d._.js:13990:67)
    at WebSocket.handleMessage (http://localhost:3000/_next/static/chunks/node_modules_next_dist_client_0fhqo1d._.js:13335:52)
[ 1693605ms] Error: Internal Next.js error: Router action dispatched before initialization.
    at dispatchAppRouterAction (http://localhost:3000/_next/static/chunks/node_modules_next_dist_client_0fhqo1d._.js:916:37)
    at http://localhost:3000/_next/static/chunks/node_modules_next_dist_client_0fhqo1d._.js:11800:61
    at startTransition (http://localhost:3000/_next/static/chunks/node_modules_next_dist_compiled_0rpq4pf._.js:1279:31)
    at Object.hmrRefresh (http://localhost:3000/_next/static/chunks/node_modules_next_dist_client_0fhqo1d._.js:11799:40)
    at processMessage (http://localhost:3000/_next/static/chunks/node_modules_next_dist_client_0fhqo1d._.js:13990:67)
    at WebSocket.handleMessage (http://localhost:3000/_next/static/chunks/node_modules_next_dist_client_0fhqo1d._.js:13335:52)
[ 1693630ms] Error: Internal Next.js error: Router action dispatched before initialization.
    at dispatchAppRouterAction (http://localhost:3000/_next/static/chunks/node_modules_next_dist_client_0fhqo1d._.js:916:37)
    at http://localhost:3000/_next/static/chunks/node_modules_next_dist_client_0fhqo1d._.js:11800:61
    at startTransition (http://localhost:3000/_next/static/chunks/node_modules_next_dist_compiled_0rpq4pf._.js:1279:31)
    at Object.hmrRefresh (http://localhost:3000/_next/static/chunks/node_modules_next_dist_client_0fhqo1d._.js:11799:40)
    at processMessage (http://localhost:3000/_next/static/chunks/node_modules_next_dist_client_0fhqo1d._.js:13990:67)
    at WebSocket.handleMessage (http://localhost:3000/_next/static/chunks/node_modules_next_dist_client_0fhqo1d._.js:13335:52)
[ 1693631ms] Error: Internal Next.js error: Router action dispatched before initialization.
    at dispatchAppRouterAction (http://localhost:3000/_next/static/chunks/node_modules_next_dist_client_0fhqo1d._.js:916:37)
    at http://localhost:3000/_next/static/chunks/node_modules_next_dist_client_0fhqo1d._.js:11800:61
    at startTransition (http://localhost:3000/_next/static/chunks/node_modules_next_dist_compiled_0rpq4pf._.js:1279:31)
    at Object.hmrRefresh (http://localhost:3000/_next/static/chunks/node_modules_next_dist_client_0fhqo1d._.js:11799:40)
    at processMessage (http://localhost:3000/_next/static/chunks/node_modules_next_dist_client_0fhqo1d._.js:13990:67)
    at WebSocket.handleMessage (http://localhost:3000/_next/static/chunks/node_modules_next_dist_client_0fhqo1d._.js:13335:52)
[ 1693632ms] Error: Internal Next.js error: Router action dispatched before initialization.
    at dispatchAppRouterAction (http://localhost:3000/_next/static/chunks/node_modules_next_dist_client_0fhqo1d._.js:916:37)
    at http://localhost:3000/_next/static/chunks/node_modules_next_dist_client_0fhqo1d._.js:11800:61
    at startTransition (http://localhost:3000/_next/static/chunks/node_modules_next_dist_compiled_0rpq4pf._.js:1279:31)
    at Object.hmrRefresh (http://localhost:3000/_next/static/chunks/node_modules_next_dist_client_0fhqo1d._.js:11799:40)
    at processMessage (http://localhost:3000/_next/static/chunks/node_modules_next_dist_client_0fhqo1d._.js:13990:67)
    at WebSocket.handleMessage (http://localhost:3000/_next/static/chunks/node_modules_next_dist_client_0fhqo1d._.js:13335:52)
[ 1693633ms] Error: Internal Next.js error: Router action dispatched before initialization.
    at dispatchAppRouterAction (http://localhost:3000/_next/static/chunks/node_modules_next_dist_client_0fhqo1d._.js:916:37)
    at http://localhost:3000/_next/static/chunks/node_modules_next_dist_client_0fhqo1d._.js:11800:61
    at startTransition (http://localhost:3000/_next/static/chunks/node_modules_next_dist_compiled_0rpq4pf._.js:1279:31)
    at Object.hmrRefresh (http://localhost:3000/_next/static/chunks/node_modules_next_dist_client_0fhqo1d._.js:11799:40)
    at processMessage (http://localhost:3000/_next/static/chunks/node_modules_next_dist_client_0fhqo1d._.js:13990:67)
    at WebSocket.handleMessage (http://localhost:3000/_next/static/chunks/node_modules_next_dist_client_0fhqo1d._.js:13335:52)
[ 1693637ms] Error: Internal Next.js error: Router action dispatched before initialization.
    at dispatchAppRouterAction (http://localhost:3000/_next/static/chunks/node_modules_next_dist_client_0fhqo1d._.js:916:37)
    at http://localhost:3000/_next/static/chunks/node_modules_next_dist_client_0fhqo1d._.js:11800:61
    at startTransition (http://localhost:3000/_next/static/chunks/node_modules_next_dist_compiled_0rpq4pf._.js:1279:31)
    at Object.hmrRefresh (http://localhost:3000/_next/static/chunks/node_modules_next_dist_client_0fhqo1d._.js:11799:40)
    at processMessage (http://localhost:3000/_next/static/chunks/node_modules_next_dist_client_0fhqo1d._.js:13990:67)
    at WebSocket.handleMessage (http://localhost:3000/_next/static/chunks/node_modules_next_dist_client_0fhqo1d._.js:13335:52)
[ 1693644ms] Error: Internal Next.js error: Router action dispatched before initialization.
    at dispatchAppRouterAction (http://localhost:3000/_next/static/chunks/node_modules_next_dist_client_0fhqo1d._.js:916:37)
    at http://localhost:3000/_next/static/chunks/node_modules_next_dist_client_0fhqo1d._.js:11800:61
    at startTransition (http://localhost:3000/_next/static/chunks/node_modules_next_dist_compiled_0rpq4pf._.js:1279:31)
    at Object.hmrRefresh (http://localhost:3000/_next/static/chunks/node_modules_next_dist_client_0fhqo1d._.js:11799:40)
    at processMessage (http://localhost:3000/_next/static/chunks/node_modules_next_dist_client_0fhqo1d._.js:13990:67)
    at WebSocket.handleMessage (http://localhost:3000/_next/static/chunks/node_modules_next_dist_client_0fhqo1d._.js:13335:52)
[ 1693647ms] Error: Internal Next.js error: Router action dispatched before initialization.
    at dispatchAppRouterAction (http://localhost:3000/_next/static/chunks/node_modules_next_dist_client_0fhqo1d._.js:916:37)
    at http://localhost:3000/_next/static/chunks/node_modules_next_dist_client_0fhqo1d._.js:11800:61
    at startTransition (http://localhost:3000/_next/static/chunks/node_modules_next_dist_compiled_0rpq4pf._.js:1279:31)
    at Object.hmrRefresh (http://localhost:3000/_next/static/chunks/node_modules_next_dist_client_0fhqo1d._.js:11799:40)
    at processMessage (http://localhost:3000/_next/static/chunks/node_modules_next_dist_client_0fhqo1d._.js:13990:67)
    at WebSocket.handleMessage (http://localhost:3000/_next/static/chunks/node_modules_next_dist_client_0fhqo1d._.js:13335:52)
[ 1693648ms] Error: Internal Next.js error: Router action dispatched before initialization.
    at dispatchAppRouterAction (http://localhost:3000/_next/static/chunks/node_modules_next_dist_client_0fhqo1d._.js:916:37)
    at http://localhost:3000/_next/static/chunks/node_modules_next_dist_client_0fhqo1d._.js:11800:61
    at startTransition (http://localhost:3000/_next/static/chunks/node_modules_next_dist_compiled_0rpq4pf._.js:1279:31)
    at Object.hmrRefresh (http://localhost:3000/_next/static/chunks/node_modules_next_dist_client_0fhqo1d._.js:11799:40)
    at processMessage (http://localhost:3000/_next/static/chunks/node_modules_next_dist_client_0fhqo1d._.js:13990:67)
    at WebSocket.handleMessage (http://localhost:3000/_next/static/chunks/node_modules_next_dist_client_0fhqo1d._.js:13335:52)
[ 1693650ms] Error: Internal Next.js error: Router action dispatched before initialization.
    at dispatchAppRouterAction (http://localhost:3000/_next/static/chunks/node_modules_next_dist_client_0fhqo1d._.js:916:37)
    at http://localhost:3000/_next/static/chunks/node_modules_next_dist_client_0fhqo1d._.js:11800:61
    at startTransition (http://localhost:3000/_next/static/chunks/node_modules_next_dist_compiled_0rpq4pf._.js:1279:31)
    at Object.hmrRefresh (http://localhost:3000/_next/static/chunks/node_modules_next_dist_client_0fhqo1d._.js:11799:40)
    at processMessage (http://localhost:3000/_next/static/chunks/node_modules_next_dist_client_0fhqo1d._.js:13990:67)
    at WebSocket.handleMessage (http://localhost:3000/_next/static/chunks/node_modules_next_dist_client_0fhqo1d._.js:13335:52)
[ 1693651ms] Error: Internal Next.js error: Router action dispatched before initialization.
    at dispatchAppRouterAction (http://localhost:3000/_next/static/chunks/node_modules_next_dist_client_0fhqo1d._.js:916:37)
    at http://localhost:3000/_next/static/chunks/node_modules_next_dist_client_0fhqo1d._.js:11800:61
    at startTransition (http://localhost:3000/_next/static/chunks/node_modules_next_dist_compiled_0rpq4pf._.js:1279:31)
    at Object.hmrRefresh (http://localhost:3000/_next/static/chunks/node_modules_next_dist_client_0fhqo1d._.js:11799:40)
    at processMessage (http://localhost:3000/_next/static/chunks/node_modules_next_dist_client_0fhqo1d._.js:13990:67)
    at WebSocket.handleMessage (http://localhost:3000/_next/static/chunks/node_modules_next_dist_client_0fhqo1d._.js:13335:52)
[ 1693651ms] Error: Internal Next.js error: Router action dispatched before initialization.
    at dispatchAppRouterAction (http://localhost:3000/_next/static/chunks/node_modules_next_dist_client_0fhqo1d._.js:916:37)
    at http://localhost:3000/_next/static/chunks/node_modules_next_dist_client_0fhqo1d._.js:11800:61
    at startTransition (http://localhost:3000/_next/static/chunks/node_modules_next_dist_compiled_0rpq4pf._.js:1279:31)
    at Object.hmrRefresh (http://localhost:3000/_next/static/chunks/node_modules_next_dist_client_0fhqo1d._.js:11799:40)
    at processMessage (http://localhost:3000/_next/static/chunks/node_modules_next_dist_client_0fhqo1d._.js:13990:67)
    at WebSocket.handleMessage (http://localhost:3000/_next/static/chunks/node_modules_next_dist_client_0fhqo1d._.js:13335:52)
[ 1693654ms] Error: Internal Next.js error: Router action dispatched before initialization.
    at dispatchAppRouterAction (http://localhost:3000/_next/static/chunks/node_modules_next_dist_client_0fhqo1d._.js:916:37)
    at http://localhost:3000/_next/static/chunks/node_modules_next_dist_client_0fhqo1d._.js:11800:61
    at startTransition (http://localhost:3000/_next/static/chunks/node_modules_next_dist_compiled_0rpq4pf._.js:1279:31)
    at Object.hmrRefresh (http://localhost:3000/_next/static/chunks/node_modules_next_dist_client_0fhqo1d._.js:11799:40)
    at processMessage (http://localhost:3000/_next/static/chunks/node_modules_next_dist_client_0fhqo1d._.js:13990:67)
    at WebSocket.handleMessage (http://localhost:3000/_next/static/chunks/node_modules_next_dist_client_0fhqo1d._.js:13335:52)
[ 1695174ms] [LOG] [Fast Refresh] rebuilding @ http://localhost:3000/_next/static/chunks/node_modules_next_dist_115brz8._.js:2431
[ 1697967ms] [LOG] [Fast Refresh] done in 2899ms @ http://localhost:3000/_next/static/chunks/node_modules_next_dist_115brz8._.js:2431
[ 1701651ms] [LOG] [Fast Refresh] rebuilding @ http://localhost:3000/_next/static/chunks/node_modules_next_dist_115brz8._.js:2431
[ 1701993ms] [LOG] [Fast Refresh] done in 445ms @ http://localhost:3000/_next/static/chunks/node_modules_next_dist_115brz8._.js:2431
[ 1702101ms] [LOG] [Fast Refresh] rebuilding @ http://localhost:3000/_next/static/chunks/node_modules_next_dist_115brz8._.js:2431
[ 1702306ms] [LOG] [Fast Refresh] done in 308ms @ http://localhost:3000/_next/static/chunks/node_modules_next_dist_115brz8._.js:2431
[ 1702532ms] [LOG] [Fast Refresh] rebuilding @ http://localhost:3000/_next/static/chunks/node_modules_next_dist_115brz8._.js:2431
[ 1702719ms] [LOG] [Fast Refresh] done in 293ms @ http://localhost:3000/_next/static/chunks/node_modules_next_dist_115brz8._.js:2431
[ 1710333ms] [LOG] [Fast Refresh] rebuilding @ http://localhost:3000/_next/static/chunks/node_modules_next_dist_115brz8._.js:2431
[ 1710936ms] [LOG] [Fast Refresh] done in 713ms @ http://localhost:3000/_next/static/chunks/node_modules_next_dist_115brz8._.js:2431
[ 1711960ms] [LOG] [Fast Refresh] rebuilding @ http://localhost:3000/_next/static/chunks/node_modules_next_dist_115brz8._.js:2431
[ 1713838ms] Error: Internal Next.js error: Router action dispatched before initialization.
    at dispatchAppRouterAction (http://localhost:3000/_next/static/chunks/node_modules_next_dist_client_0fhqo1d._.js:916:37)
    at http://localhost:3000/_next/static/chunks/node_modules_next_dist_client_0fhqo1d._.js:11800:61
    at startTransition (http://localhost:3000/_next/static/chunks/node_modules_next_dist_compiled_0rpq4pf._.js:1279:31)
    at Object.hmrRefresh (http://localhost:3000/_next/static/chunks/node_modules_next_dist_client_0fhqo1d._.js:11799:40)
    at http://localhost:3000/_next/static/chunks/node_modules_next_dist_client_0fhqo1d._.js:13967:64
    at startTransition (http://localhost:3000/_next/static/chunks/node_modules_next_dist_compiled_0rpq4pf._.js:1279:31)
    at processMessage (http://localhost:3000/_next/static/chunks/node_modules_next_dist_client_0fhqo1d._.js:13966:44)
    at WebSocket.handleMessage (http://localhost:3000/_next/static/chunks/node_modules_next_dist_client_0fhqo1d._.js:13335:52)
[ 1714709ms] [LOG] [Fast Refresh] done in 1985ms @ http://localhost:3000/_next/static/chunks/node_modules_next_dist_115brz8._.js:2431
[ 1715155ms] Error: Internal Next.js error: Router action dispatched before initialization.
    at dispatchAppRouterAction (http://localhost:3000/_next/static/chunks/node_modules_next_dist_client_0fhqo1d._.js:916:37)
    at http://localhost:3000/_next/static/chunks/node_modules_next_dist_client_0fhqo1d._.js:11800:61
    at startTransition (http://localhost:3000/_next/static/chunks/node_modules_next_dist_compiled_0rpq4pf._.js:1279:31)
    at Object.hmrRefresh (http://localhost:3000/_next/static/chunks/node_modules_next_dist_client_0fhqo1d._.js:11799:40)
    at processMessage (http://localhost:3000/_next/static/chunks/node_modules_next_dist_client_0fhqo1d._.js:13990:67)
    at WebSocket.handleMessage (http://localhost:3000/_next/static/chunks/node_modules_next_dist_client_0fhqo1d._.js:13335:52)
[ 1715158ms] Error: Internal Next.js error: Router action dispatched before initialization.
    at dispatchAppRouterAction (http://localhost:3000/_next/static/chunks/node_modules_next_dist_client_0fhqo1d._.js:916:37)
    at http://localhost:3000/_next/static/chunks/node_modules_next_dist_client_0fhqo1d._.js:11800:61
    at startTransition (http://localhost:3000/_next/static/chunks/node_modules_next_dist_compiled_0rpq4pf._.js:1279:31)
    at Object.hmrRefresh (http://localhost:3000/_next/static/chunks/node_modules_next_dist_client_0fhqo1d._.js:11799:40)
    at processMessage (http://localhost:3000/_next/static/chunks/node_modules_next_dist_client_0fhqo1d._.js:13990:67)
    at WebSocket.handleMessage (http://localhost:3000/_next/static/chunks/node_modules_next_dist_client_0fhqo1d._.js:13335:52)
[ 1715159ms] Error: Internal Next.js error: Router action dispatched before initialization.
    at dispatchAppRouterAction (http://localhost:3000/_next/static/chunks/node_modules_next_dist_client_0fhqo1d._.js:916:37)
    at http://localhost:3000/_next/static/chunks/node_modules_next_dist_client_0fhqo1d._.js:11800:61
    at startTransition (http://localhost:3000/_next/static/chunks/node_modules_next_dist_compiled_0rpq4pf._.js:1279:31)
    at Object.hmrRefresh (http://localhost:3000/_next/static/chunks/node_modules_next_dist_client_0fhqo1d._.js:11799:40)
    at processMessage (http://localhost:3000/_next/static/chunks/node_modules_next_dist_client_0fhqo1d._.js:13990:67)
    at WebSocket.handleMessage (http://localhost:3000/_next/static/chunks/node_modules_next_dist_client_0fhqo1d._.js:13335:52)
[ 1715161ms] Error: Internal Next.js error: Router action dispatched before initialization.
    at dispatchAppRouterAction (http://localhost:3000/_next/static/chunks/node_modules_next_dist_client_0fhqo1d._.js:916:37)
    at http://localhost:3000/_next/static/chunks/node_modules_next_dist_client_0fhqo1d._.js:11800:61
    at startTransition (http://localhost:3000/_next/static/chunks/node_modules_next_dist_compiled_0rpq4pf._.js:1279:31)
    at Object.hmrRefresh (http://localhost:3000/_next/static/chunks/node_modules_next_dist_client_0fhqo1d._.js:11799:40)
    at processMessage (http://localhost:3000/_next/static/chunks/node_modules_next_dist_client_0fhqo1d._.js:13990:67)
    at WebSocket.handleMessage (http://localhost:3000/_next/static/chunks/node_modules_next_dist_client_0fhqo1d._.js:13335:52)
[ 1715162ms] Error: Internal Next.js error: Router action dispatched before initialization.
    at dispatchAppRouterAction (http://localhost:3000/_next/static/chunks/node_modules_next_dist_client_0fhqo1d._.js:916:37)
    at http://localhost:3000/_next/static/chunks/node_modules_next_dist_client_0fhqo1d._.js:11800:61
    at startTransition (http://localhost:3000/_next/static/chunks/node_modules_next_dist_compiled_0rpq4pf._.js:1279:31)
    at Object.hmrRefresh (http://localhost:3000/_next/static/chunks/node_modules_next_dist_client_0fhqo1d._.js:11799:40)
    at processMessage (http://localhost:3000/_next/static/chunks/node_modules_next_dist_client_0fhqo1d._.js:13990:67)
    at WebSocket.handleMessage (http://localhost:3000/_next/static/chunks/node_modules_next_dist_client_0fhqo1d._.js:13335:52)
[ 1715163ms] Error: Internal Next.js error: Router action dispatched before initialization.
    at dispatchAppRouterAction (http://localhost:3000/_next/static/chunks/node_modules_next_dist_client_0fhqo1d._.js:916:37)
    at http://localhost:3000/_next/static/chunks/node_modules_next_dist_client_0fhqo1d._.js:11800:61
    at startTransition (http://localhost:3000/_next/static/chunks/node_modules_next_dist_compiled_0rpq4pf._.js:1279:31)
    at Object.hmrRefresh (http://localhost:3000/_next/static/chunks/node_modules_next_dist_client_0fhqo1d._.js:11799:40)
    at processMessage (http://localhost:3000/_next/static/chunks/node_modules_next_dist_client_0fhqo1d._.js:13990:67)
    at WebSocket.handleMessage (http://localhost:3000/_next/static/chunks/node_modules_next_dist_client_0fhqo1d._.js:13335:52)
[ 1715164ms] Error: Internal Next.js error: Router action dispatched before initialization.
    at dispatchAppRouterAction (http://localhost:3000/_next/static/chunks/node_modules_next_dist_client_0fhqo1d._.js:916:37)
    at http://localhost:3000/_next/static/chunks/node_modules_next_dist_client_0fhqo1d._.js:11800:61
    at startTransition (http://localhost:3000/_next/static/chunks/node_modules_next_dist_compiled_0rpq4pf._.js:1279:31)
    at Object.hmrRefresh (http://localhost:3000/_next/static/chunks/node_modules_next_dist_client_0fhqo1d._.js:11799:40)
    at processMessage (http://localhost:3000/_next/static/chunks/node_modules_next_dist_client_0fhqo1d._.js:13990:67)
    at WebSocket.handleMessage (http://localhost:3000/_next/static/chunks/node_modules_next_dist_client_0fhqo1d._.js:13335:52)
[ 1715165ms] Error: Internal Next.js error: Router action dispatched before initialization.
    at dispatchAppRouterAction (http://localhost:3000/_next/static/chunks/node_modules_next_dist_client_0fhqo1d._.js:916:37)
    at http://localhost:3000/_next/static/chunks/node_modules_next_dist_client_0fhqo1d._.js:11800:61
    at startTransition (http://localhost:3000/_next/static/chunks/node_modules_next_dist_compiled_0rpq4pf._.js:1279:31)
    at Object.hmrRefresh (http://localhost:3000/_next/static/chunks/node_modules_next_dist_client_0fhqo1d._.js:11799:40)
    at processMessage (http://localhost:3000/_next/static/chunks/node_modules_next_dist_client_0fhqo1d._.js:13990:67)
    at WebSocket.handleMessage (http://localhost:3000/_next/static/chunks/node_modules_next_dist_client_0fhqo1d._.js:13335:52)
[ 1715166ms] Error: Internal Next.js error: Router action dispatched before initialization.
    at dispatchAppRouterAction (http://localhost:3000/_next/static/chunks/node_modules_next_dist_client_0fhqo1d._.js:916:37)
    at http://localhost:3000/_next/static/chunks/node_modules_next_dist_client_0fhqo1d._.js:11800:61
    at startTransition (http://localhost:3000/_next/static/chunks/node_modules_next_dist_compiled_0rpq4pf._.js:1279:31)
    at Object.hmrRefresh (http://localhost:3000/_next/static/chunks/node_modules_next_dist_client_0fhqo1d._.js:11799:40)
    at processMessage (http://localhost:3000/_next/static/chunks/node_modules_next_dist_client_0fhqo1d._.js:13990:67)
    at WebSocket.handleMessage (http://localhost:3000/_next/static/chunks/node_modules_next_dist_client_0fhqo1d._.js:13335:52)
[ 1715168ms] Error: Internal Next.js error: Router action dispatched before initialization.
    at dispatchAppRouterAction (http://localhost:3000/_next/static/chunks/node_modules_next_dist_client_0fhqo1d._.js:916:37)
    at http://localhost:3000/_next/static/chunks/node_modules_next_dist_client_0fhqo1d._.js:11800:61
    at startTransition (http://localhost:3000/_next/static/chunks/node_modules_next_dist_compiled_0rpq4pf._.js:1279:31)
    at Object.hmrRefresh (http://localhost:3000/_next/static/chunks/node_modules_next_dist_client_0fhqo1d._.js:11799:40)
    at processMessage (http://localhost:3000/_next/static/chunks/node_modules_next_dist_client_0fhqo1d._.js:13990:67)
    at WebSocket.handleMessage (http://localhost:3000/_next/static/chunks/node_modules_next_dist_client_0fhqo1d._.js:13335:52)
[ 1715169ms] Error: Internal Next.js error: Router action dispatched before initialization.
    at dispatchAppRouterAction (http://localhost:3000/_next/static/chunks/node_modules_next_dist_client_0fhqo1d._.js:916:37)
    at http://localhost:3000/_next/static/chunks/node_modules_next_dist_client_0fhqo1d._.js:11800:61
    at startTransition (http://localhost:3000/_next/static/chunks/node_modules_next_dist_compiled_0rpq4pf._.js:1279:31)
    at Object.hmrRefresh (http://localhost:3000/_next/static/chunks/node_modules_next_dist_client_0fhqo1d._.js:11799:40)
    at processMessage (http://localhost:3000/_next/static/chunks/node_modules_next_dist_client_0fhqo1d._.js:13990:67)
    at WebSocket.handleMessage (http://localhost:3000/_next/static/chunks/node_modules_next_dist_client_0fhqo1d._.js:13335:52)
[ 1715170ms] Error: Internal Next.js error: Router action dispatched before initialization.
    at dispatchAppRouterAction (http://localhost:3000/_next/static/chunks/node_modules_next_dist_client_0fhqo1d._.js:916:37)
    at http://localhost:3000/_next/static/chunks/node_modules_next_dist_client_0fhqo1d._.js:11800:61
    at startTransition (http://localhost:3000/_next/static/chunks/node_modules_next_dist_compiled_0rpq4pf._.js:1279:31)
    at Object.hmrRefresh (http://localhost:3000/_next/static/chunks/node_modules_next_dist_client_0fhqo1d._.js:11799:40)
    at processMessage (http://localhost:3000/_next/static/chunks/node_modules_next_dist_client_0fhqo1d._.js:13990:67)
    at WebSocket.handleMessage (http://localhost:3000/_next/static/chunks/node_modules_next_dist_client_0fhqo1d._.js:13335:52)
[ 1715177ms] Error: Internal Next.js error: Router action dispatched before initialization.
    at dispatchAppRouterAction (http://localhost:3000/_next/static/chunks/node_modules_next_dist_client_0fhqo1d._.js:916:37)
    at http://localhost:3000/_next/static/chunks/node_modules_next_dist_client_0fhqo1d._.js:11800:61
    at startTransition (http://localhost:3000/_next/static/chunks/node_modules_next_dist_compiled_0rpq4pf._.js:1279:31)
    at Object.hmrRefresh (http://localhost:3000/_next/static/chunks/node_modules_next_dist_client_0fhqo1d._.js:11799:40)
    at processMessage (http://localhost:3000/_next/static/chunks/node_modules_next_dist_client_0fhqo1d._.js:13990:67)
    at WebSocket.handleMessage (http://localhost:3000/_next/static/chunks/node_modules_next_dist_client_0fhqo1d._.js:13335:52)
[ 1715179ms] Error: Internal Next.js error: Router action dispatched before initialization.
    at dispatchAppRouterAction (http://localhost:3000/_next/static/chunks/node_modules_next_dist_client_0fhqo1d._.js:916:37)
    at http://localhost:3000/_next/static/chunks/node_modules_next_dist_client_0fhqo1d._.js:11800:61
    at startTransition (http://localhost:3000/_next/static/chunks/node_modules_next_dist_compiled_0rpq4pf._.js:1279:31)
    at Object.hmrRefresh (http://localhost:3000/_next/static/chunks/node_modules_next_dist_client_0fhqo1d._.js:11799:40)
    at processMessage (http://localhost:3000/_next/static/chunks/node_modules_next_dist_client_0fhqo1d._.js:13990:67)
    at WebSocket.handleMessage (http://localhost:3000/_next/static/chunks/node_modules_next_dist_client_0fhqo1d._.js:13335:52)
[ 1715180ms] Error: Internal Next.js error: Router action dispatched before initialization.
    at dispatchAppRouterAction (http://localhost:3000/_next/static/chunks/node_modules_next_dist_client_0fhqo1d._.js:916:37)
    at http://localhost:3000/_next/static/chunks/node_modules_next_dist_client_0fhqo1d._.js:11800:61
    at startTransition (http://localhost:3000/_next/static/chunks/node_modules_next_dist_compiled_0rpq4pf._.js:1279:31)
    at Object.hmrRefresh (http://localhost:3000/_next/static/chunks/node_modules_next_dist_client_0fhqo1d._.js:11799:40)
    at processMessage (http://localhost:3000/_next/static/chunks/node_modules_next_dist_client_0fhqo1d._.js:13990:67)
    at WebSocket.handleMessage (http://localhost:3000/_next/static/chunks/node_modules_next_dist_client_0fhqo1d._.js:13335:52)
[ 1715182ms] Error: Internal Next.js error: Router action dispatched before initialization.
    at dispatchAppRouterAction (http://localhost:3000/_next/static/chunks/node_modules_next_dist_client_0fhqo1d._.js:916:37)
    at http://localhost:3000/_next/static/chunks/node_modules_next_dist_client_0fhqo1d._.js:11800:61
    at startTransition (http://localhost:3000/_next/static/chunks/node_modules_next_dist_compiled_0rpq4pf._.js:1279:31)
    at Object.hmrRefresh (http://localhost:3000/_next/static/chunks/node_modules_next_dist_client_0fhqo1d._.js:11799:40)
    at processMessage (http://localhost:3000/_next/static/chunks/node_modules_next_dist_client_0fhqo1d._.js:13990:67)
    at WebSocket.handleMessage (http://localhost:3000/_next/static/chunks/node_modules_next_dist_client_0fhqo1d._.js:13335:52)
[ 1715184ms] Error: Internal Next.js error: Router action dispatched before initialization.
    at dispatchAppRouterAction (http://localhost:3000/_next/static/chunks/node_modules_next_dist_client_0fhqo1d._.js:916:37)
    at http://localhost:3000/_next/static/chunks/node_modules_next_dist_client_0fhqo1d._.js:11800:61
    at startTransition (http://localhost:3000/_next/static/chunks/node_modules_next_dist_compiled_0rpq4pf._.js:1279:31)
    at Object.hmrRefresh (http://localhost:3000/_next/static/chunks/node_modules_next_dist_client_0fhqo1d._.js:11799:40)
    at processMessage (http://localhost:3000/_next/static/chunks/node_modules_next_dist_client_0fhqo1d._.js:13990:67)
    at WebSocket.handleMessage (http://localhost:3000/_next/static/chunks/node_modules_next_dist_client_0fhqo1d._.js:13335:52)
[ 1715186ms] Error: Internal Next.js error: Router action dispatched before initialization.
    at dispatchAppRouterAction (http://localhost:3000/_next/static/chunks/node_modules_next_dist_client_0fhqo1d._.js:916:37)
    at http://localhost:3000/_next/static/chunks/node_modules_next_dist_client_0fhqo1d._.js:11800:61
    at startTransition (http://localhost:3000/_next/static/chunks/node_modules_next_dist_compiled_0rpq4pf._.js:1279:31)
    at Object.hmrRefresh (http://localhost:3000/_next/static/chunks/node_modules_next_dist_client_0fhqo1d._.js:11799:40)
    at processMessage (http://localhost:3000/_next/static/chunks/node_modules_next_dist_client_0fhqo1d._.js:13990:67)
    at WebSocket.handleMessage (http://localhost:3000/_next/static/chunks/node_modules_next_dist_client_0fhqo1d._.js:13335:52)
[ 1715188ms] Error: Internal Next.js error: Router action dispatched before initialization.
    at dispatchAppRouterAction (http://localhost:3000/_next/static/chunks/node_modules_next_dist_client_0fhqo1d._.js:916:37)
    at http://localhost:3000/_next/static/chunks/node_modules_next_dist_client_0fhqo1d._.js:11800:61
    at startTransition (http://localhost:3000/_next/static/chunks/node_modules_next_dist_compiled_0rpq4pf._.js:1279:31)
    at Object.hmrRefresh (http://localhost:3000/_next/static/chunks/node_modules_next_dist_client_0fhqo1d._.js:11799:40)
    at processMessage (http://localhost:3000/_next/static/chunks/node_modules_next_dist_client_0fhqo1d._.js:13990:67)
    at WebSocket.handleMessage (http://localhost:3000/_next/static/chunks/node_modules_next_dist_client_0fhqo1d._.js:13335:52)
[ 1715193ms] Error: Internal Next.js error: Router action dispatched before initialization.
    at dispatchAppRouterAction (http://localhost:3000/_next/static/chunks/node_modules_next_dist_client_0fhqo1d._.js:916:37)
    at http://localhost:3000/_next/static/chunks/node_modules_next_dist_client_0fhqo1d._.js:11800:61
    at startTransition (http://localhost:3000/_next/static/chunks/node_modules_next_dist_compiled_0rpq4pf._.js:1279:31)
    at Object.hmrRefresh (http://localhost:3000/_next/static/chunks/node_modules_next_dist_client_0fhqo1d._.js:11799:40)
    at processMessage (http://localhost:3000/_next/static/chunks/node_modules_next_dist_client_0fhqo1d._.js:13990:67)
    at WebSocket.handleMessage (http://localhost:3000/_next/static/chunks/node_modules_next_dist_client_0fhqo1d._.js:13335:52)
[ 1715195ms] Error: Internal Next.js error: Router action dispatched before initialization.
    at dispatchAppRouterAction (http://localhost:3000/_next/static/chunks/node_modules_next_dist_client_0fhqo1d._.js:916:37)
    at http://localhost:3000/_next/static/chunks/node_modules_next_dist_client_0fhqo1d._.js:11800:61
    at startTransition (http://localhost:3000/_next/static/chunks/node_modules_next_dist_compiled_0rpq4pf._.js:1279:31)
    at Object.hmrRefresh (http://localhost:3000/_next/static/chunks/node_modules_next_dist_client_0fhqo1d._.js:11799:40)
    at processMessage (http://localhost:3000/_next/static/chunks/node_modules_next_dist_client_0fhqo1d._.js:13990:67)
    at WebSocket.handleMessage (http://localhost:3000/_next/static/chunks/node_modules_next_dist_client_0fhqo1d._.js:13335:52)
[ 1715196ms] Error: Internal Next.js error: Router action dispatched before initialization.
    at dispatchAppRouterAction (http://localhost:3000/_next/static/chunks/node_modules_next_dist_client_0fhqo1d._.js:916:37)
    at http://localhost:3000/_next/static/chunks/node_modules_next_dist_client_0fhqo1d._.js:11800:61
    at startTransition (http://localhost:3000/_next/static/chunks/node_modules_next_dist_compiled_0rpq4pf._.js:1279:31)
    at Object.hmrRefresh (http://localhost:3000/_next/static/chunks/node_modules_next_dist_client_0fhqo1d._.js:11799:40)
    at processMessage (http://localhost:3000/_next/static/chunks/node_modules_next_dist_client_0fhqo1d._.js:13990:67)
    at WebSocket.handleMessage (http://localhost:3000/_next/static/chunks/node_modules_next_dist_client_0fhqo1d._.js:13335:52)
[ 1715197ms] Error: Internal Next.js error: Router action dispatched before initialization.
    at dispatchAppRouterAction (http://localhost:3000/_next/static/chunks/node_modules_next_dist_client_0fhqo1d._.js:916:37)
    at http://localhost:3000/_next/static/chunks/node_modules_next_dist_client_0fhqo1d._.js:11800:61
    at startTransition (http://localhost:3000/_next/static/chunks/node_modules_next_dist_compiled_0rpq4pf._.js:1279:31)
    at Object.hmrRefresh (http://localhost:3000/_next/static/chunks/node_modules_next_dist_client_0fhqo1d._.js:11799:40)
    at processMessage (http://localhost:3000/_next/static/chunks/node_modules_next_dist_client_0fhqo1d._.js:13990:67)
    at WebSocket.handleMessage (http://localhost:3000/_next/static/chunks/node_modules_next_dist_client_0fhqo1d._.js:13335:52)
[ 1715199ms] Error: Internal Next.js error: Router action dispatched before initialization.
    at dispatchAppRouterAction (http://localhost:3000/_next/static/chunks/node_modules_next_dist_client_0fhqo1d._.js:916:37)
    at http://localhost:3000/_next/static/chunks/node_modules_next_dist_client_0fhqo1d._.js:11800:61
    at startTransition (http://localhost:3000/_next/static/chunks/node_modules_next_dist_compiled_0rpq4pf._.js:1279:31)
    at Object.hmrRefresh (http://localhost:3000/_next/static/chunks/node_modules_next_dist_client_0fhqo1d._.js:11799:40)
    at processMessage (http://localhost:3000/_next/static/chunks/node_modules_next_dist_client_0fhqo1d._.js:13990:67)
    at WebSocket.handleMessage (http://localhost:3000/_next/static/chunks/node_modules_next_dist_client_0fhqo1d._.js:13335:52)
[ 1715200ms] Error: Internal Next.js error: Router action dispatched before initialization.
    at dispatchAppRouterAction (http://localhost:3000/_next/static/chunks/node_modules_next_dist_client_0fhqo1d._.js:916:37)
    at http://localhost:3000/_next/static/chunks/node_modules_next_dist_client_0fhqo1d._.js:11800:61
    at startTransition (http://localhost:3000/_next/static/chunks/node_modules_next_dist_compiled_0rpq4pf._.js:1279:31)
    at Object.hmrRefresh (http://localhost:3000/_next/static/chunks/node_modules_next_dist_client_0fhqo1d._.js:11799:40)
    at processMessage (http://localhost:3000/_next/static/chunks/node_modules_next_dist_client_0fhqo1d._.js:13990:67)
    at WebSocket.handleMessage (http://localhost:3000/_next/static/chunks/node_modules_next_dist_client_0fhqo1d._.js:13335:52)
[ 1715201ms] Error: Internal Next.js error: Router action dispatched before initialization.
    at dispatchAppRouterAction (http://localhost:3000/_next/static/chunks/node_modules_next_dist_client_0fhqo1d._.js:916:37)
    at http://localhost:3000/_next/static/chunks/node_modules_next_dist_client_0fhqo1d._.js:11800:61
    at startTransition (http://localhost:3000/_next/static/chunks/node_modules_next_dist_compiled_0rpq4pf._.js:1279:31)
    at Object.hmrRefresh (http://localhost:3000/_next/static/chunks/node_modules_next_dist_client_0fhqo1d._.js:11799:40)
    at processMessage (http://localhost:3000/_next/static/chunks/node_modules_next_dist_client_0fhqo1d._.js:13990:67)
    at WebSocket.handleMessage (http://localhost:3000/_next/static/chunks/node_modules_next_dist_client_0fhqo1d._.js:13335:52)
[ 1715202ms] Error: Internal Next.js error: Router action dispatched before initialization.
    at dispatchAppRouterAction (http://localhost:3000/_next/static/chunks/node_modules_next_dist_client_0fhqo1d._.js:916:37)
    at http://localhost:3000/_next/static/chunks/node_modules_next_dist_client_0fhqo1d._.js:11800:61
    at startTransition (http://localhost:3000/_next/static/chunks/node_modules_next_dist_compiled_0rpq4pf._.js:1279:31)
    at Object.hmrRefresh (http://localhost:3000/_next/static/chunks/node_modules_next_dist_client_0fhqo1d._.js:11799:40)
    at processMessage (http://localhost:3000/_next/static/chunks/node_modules_next_dist_client_0fhqo1d._.js:13990:67)
    at WebSocket.handleMessage (http://localhost:3000/_next/static/chunks/node_modules_next_dist_client_0fhqo1d._.js:13335:52)
[ 1715204ms] Error: Internal Next.js error: Router action dispatched before initialization.
    at dispatchAppRouterAction (http://localhost:3000/_next/static/chunks/node_modules_next_dist_client_0fhqo1d._.js:916:37)
    at http://localhost:3000/_next/static/chunks/node_modules_next_dist_client_0fhqo1d._.js:11800:61
    at startTransition (http://localhost:3000/_next/static/chunks/node_modules_next_dist_compiled_0rpq4pf._.js:1279:31)
    at Object.hmrRefresh (http://localhost:3000/_next/static/chunks/node_modules_next_dist_client_0fhqo1d._.js:11799:40)
    at processMessage (http://localhost:3000/_next/static/chunks/node_modules_next_dist_client_0fhqo1d._.js:13990:67)
    at WebSocket.handleMessage (http://localhost:3000/_next/static/chunks/node_modules_next_dist_client_0fhqo1d._.js:13335:52)
[ 1715210ms] Error: Internal Next.js error: Router action dispatched before initialization.
    at dispatchAppRouterAction (http://localhost:3000/_next/static/chunks/node_modules_next_dist_client_0fhqo1d._.js:916:37)
    at http://localhost:3000/_next/static/chunks/node_modules_next_dist_client_0fhqo1d._.js:11800:61
    at startTransition (http://localhost:3000/_next/static/chunks/node_modules_next_dist_compiled_0rpq4pf._.js:1279:31)
    at Object.hmrRefresh (http://localhost:3000/_next/static/chunks/node_modules_next_dist_client_0fhqo1d._.js:11799:40)
    at processMessage (http://localhost:3000/_next/static/chunks/node_modules_next_dist_client_0fhqo1d._.js:13990:67)
    at WebSocket.handleMessage (http://localhost:3000/_next/static/chunks/node_modules_next_dist_client_0fhqo1d._.js:13335:52)
[ 1715213ms] Error: Internal Next.js error: Router action dispatched before initialization.
    at dispatchAppRouterAction (http://localhost:3000/_next/static/chunks/node_modules_next_dist_client_0fhqo1d._.js:916:37)
    at http://localhost:3000/_next/static/chunks/node_modules_next_dist_client_0fhqo1d._.js:11800:61
    at startTransition (http://localhost:3000/_next/static/chunks/node_modules_next_dist_compiled_0rpq4pf._.js:1279:31)
    at Object.hmrRefresh (http://localhost:3000/_next/static/chunks/node_modules_next_dist_client_0fhqo1d._.js:11799:40)
    at processMessage (http://localhost:3000/_next/static/chunks/node_modules_next_dist_client_0fhqo1d._.js:13990:67)
    at WebSocket.handleMessage (http://localhost:3000/_next/static/chunks/node_modules_next_dist_client_0fhqo1d._.js:13335:52)
[ 1715215ms] Error: Internal Next.js error: Router action dispatched before initialization.
    at dispatchAppRouterAction (http://localhost:3000/_next/static/chunks/node_modules_next_dist_client_0fhqo1d._.js:916:37)
    at http://localhost:3000/_next/static/chunks/node_modules_next_dist_client_0fhqo1d._.js:11800:61
    at startTransition (http://localhost:3000/_next/static/chunks/node_modules_next_dist_compiled_0rpq4pf._.js:1279:31)
    at Object.hmrRefresh (http://localhost:3000/_next/static/chunks/node_modules_next_dist_client_0fhqo1d._.js:11799:40)
    at processMessage (http://localhost:3000/_next/static/chunks/node_modules_next_dist_client_0fhqo1d._.js:13990:67)
    at WebSocket.handleMessage (http://localhost:3000/_next/static/chunks/node_modules_next_dist_client_0fhqo1d._.js:13335:52)
[ 1715218ms] Error: Internal Next.js error: Router action dispatched before initialization.
    at dispatchAppRouterAction (http://localhost:3000/_next/static/chunks/node_modules_next_dist_client_0fhqo1d._.js:916:37)
    at http://localhost:3000/_next/static/chunks/node_modules_next_dist_client_0fhqo1d._.js:11800:61
    at startTransition (http://localhost:3000/_next/static/chunks/node_modules_next_dist_compiled_0rpq4pf._.js:1279:31)
    at Object.hmrRefresh (http://localhost:3000/_next/static/chunks/node_modules_next_dist_client_0fhqo1d._.js:11799:40)
    at processMessage (http://localhost:3000/_next/static/chunks/node_modules_next_dist_client_0fhqo1d._.js:13990:67)
    at WebSocket.handleMessage (http://localhost:3000/_next/static/chunks/node_modules_next_dist_client_0fhqo1d._.js:13335:52)
[ 1715220ms] Error: Internal Next.js error: Router action dispatched before initialization.
    at dispatchAppRouterAction (http://localhost:3000/_next/static/chunks/node_modules_next_dist_client_0fhqo1d._.js:916:37)
    at http://localhost:3000/_next/static/chunks/node_modules_next_dist_client_0fhqo1d._.js:11800:61
    at startTransition (http://localhost:3000/_next/static/chunks/node_modules_next_dist_compiled_0rpq4pf._.js:1279:31)
    at Object.hmrRefresh (http://localhost:3000/_next/static/chunks/node_modules_next_dist_client_0fhqo1d._.js:11799:40)
    at processMessage (http://localhost:3000/_next/static/chunks/node_modules_next_dist_client_0fhqo1d._.js:13990:67)
    at WebSocket.handleMessage (http://localhost:3000/_next/static/chunks/node_modules_next_dist_client_0fhqo1d._.js:13335:52)
[ 1715226ms] Error: Internal Next.js error: Router action dispatched before initialization.
    at dispatchAppRouterAction (http://localhost:3000/_next/static/chunks/node_modules_next_dist_client_0fhqo1d._.js:916:37)
    at http://localhost:3000/_next/static/chunks/node_modules_next_dist_client_0fhqo1d._.js:11800:61
    at startTransition (http://localhost:3000/_next/static/chunks/node_modules_next_dist_compiled_0rpq4pf._.js:1279:31)
    at Object.hmrRefresh (http://localhost:3000/_next/static/chunks/node_modules_next_dist_client_0fhqo1d._.js:11799:40)
    at processMessage (http://localhost:3000/_next/static/chunks/node_modules_next_dist_client_0fhqo1d._.js:13990:67)
    at WebSocket.handleMessage (http://localhost:3000/_next/static/chunks/node_modules_next_dist_client_0fhqo1d._.js:13335:52)
[ 1715230ms] Error: Internal Next.js error: Router action dispatched before initialization.
    at dispatchAppRouterAction (http://localhost:3000/_next/static/chunks/node_modules_next_dist_client_0fhqo1d._.js:916:37)
    at http://localhost:3000/_next/static/chunks/node_modules_next_dist_client_0fhqo1d._.js:11800:61
    at startTransition (http://localhost:3000/_next/static/chunks/node_modules_next_dist_compiled_0rpq4pf._.js:1279:31)
    at Object.hmrRefresh (http://localhost:3000/_next/static/chunks/node_modules_next_dist_client_0fhqo1d._.js:11799:40)
    at processMessage (http://localhost:3000/_next/static/chunks/node_modules_next_dist_client_0fhqo1d._.js:13990:67)
    at WebSocket.handleMessage (http://localhost:3000/_next/static/chunks/node_modules_next_dist_client_0fhqo1d._.js:13335:52)
[ 1715231ms] Error: Internal Next.js error: Router action dispatched before initialization.
    at dispatchAppRouterAction (http://localhost:3000/_next/static/chunks/node_modules_next_dist_client_0fhqo1d._.js:916:37)
    at http://localhost:3000/_next/static/chunks/node_modules_next_dist_client_0fhqo1d._.js:11800:61
    at startTransition (http://localhost:3000/_next/static/chunks/node_modules_next_dist_compiled_0rpq4pf._.js:1279:31)
    at Object.hmrRefresh (http://localhost:3000/_next/static/chunks/node_modules_next_dist_client_0fhqo1d._.js:11799:40)
    at processMessage (http://localhost:3000/_next/static/chunks/node_modules_next_dist_client_0fhqo1d._.js:13990:67)
    at WebSocket.handleMessage (http://localhost:3000/_next/static/chunks/node_modules_next_dist_client_0fhqo1d._.js:13335:52)
[ 1715233ms] Error: Internal Next.js error: Router action dispatched before initialization.
    at dispatchAppRouterAction (http://localhost:3000/_next/static/chunks/node_modules_next_dist_client_0fhqo1d._.js:916:37)
    at http://localhost:3000/_next/static/chunks/node_modules_next_dist_client_0fhqo1d._.js:11800:61
    at startTransition (http://localhost:3000/_next/static/chunks/node_modules_next_dist_compiled_0rpq4pf._.js:1279:31)
    at Object.hmrRefresh (http://localhost:3000/_next/static/chunks/node_modules_next_dist_client_0fhqo1d._.js:11799:40)
    at processMessage (http://localhost:3000/_next/static/chunks/node_modules_next_dist_client_0fhqo1d._.js:13990:67)
    at WebSocket.handleMessage (http://localhost:3000/_next/static/chunks/node_modules_next_dist_client_0fhqo1d._.js:13335:52)
[ 1715234ms] Error: Internal Next.js error: Router action dispatched before initialization.
    at dispatchAppRouterAction (http://localhost:3000/_next/static/chunks/node_modules_next_dist_client_0fhqo1d._.js:916:37)
    at http://localhost:3000/_next/static/chunks/node_modules_next_dist_client_0fhqo1d._.js:11800:61
    at startTransition (http://localhost:3000/_next/static/chunks/node_modules_next_dist_compiled_0rpq4pf._.js:1279:31)
    at Object.hmrRefresh (http://localhost:3000/_next/static/chunks/node_modules_next_dist_client_0fhqo1d._.js:11799:40)
    at processMessage (http://localhost:3000/_next/static/chunks/node_modules_next_dist_client_0fhqo1d._.js:13990:67)
    at WebSocket.handleMessage (http://localhost:3000/_next/static/chunks/node_modules_next_dist_client_0fhqo1d._.js:13335:52)
[ 1715235ms] Error: Internal Next.js error: Router action dispatched before initialization.
    at dispatchAppRouterAction (http://localhost:3000/_next/static/chunks/node_modules_next_dist_client_0fhqo1d._.js:916:37)
    at http://localhost:3000/_next/static/chunks/node_modules_next_dist_client_0fhqo1d._.js:11800:61
    at startTransition (http://localhost:3000/_next/static/chunks/node_modules_next_dist_compiled_0rpq4pf._.js:1279:31)
    at Object.hmrRefresh (http://localhost:3000/_next/static/chunks/node_modules_next_dist_client_0fhqo1d._.js:11799:40)
    at processMessage (http://localhost:3000/_next/static/chunks/node_modules_next_dist_client_0fhqo1d._.js:13990:67)
    at WebSocket.handleMessage (http://localhost:3000/_next/static/chunks/node_modules_next_dist_client_0fhqo1d._.js:13335:52)
[ 1715236ms] Error: Internal Next.js error: Router action dispatched before initialization.
    at dispatchAppRouterAction (http://localhost:3000/_next/static/chunks/node_modules_next_dist_client_0fhqo1d._.js:916:37)
    at http://localhost:3000/_next/static/chunks/node_modules_next_dist_client_0fhqo1d._.js:11800:61
    at startTransition (http://localhost:3000/_next/static/chunks/node_modules_next_dist_compiled_0rpq4pf._.js:1279:31)
    at Object.hmrRefresh (http://localhost:3000/_next/static/chunks/node_modules_next_dist_client_0fhqo1d._.js:11799:40)
    at processMessage (http://localhost:3000/_next/static/chunks/node_modules_next_dist_client_0fhqo1d._.js:13990:67)
    at WebSocket.handleMessage (http://localhost:3000/_next/static/chunks/node_modules_next_dist_client_0fhqo1d._.js:13335:52)
[ 1715237ms] Error: Internal Next.js error: Router action dispatched before initialization.
    at dispatchAppRouterAction (http://localhost:3000/_next/static/chunks/node_modules_next_dist_client_0fhqo1d._.js:916:37)
    at http://localhost:3000/_next/static/chunks/node_modules_next_dist_client_0fhqo1d._.js:11800:61
    at startTransition (http://localhost:3000/_next/static/chunks/node_modules_next_dist_compiled_0rpq4pf._.js:1279:31)
    at Object.hmrRefresh (http://localhost:3000/_next/static/chunks/node_modules_next_dist_client_0fhqo1d._.js:11799:40)
    at processMessage (http://localhost:3000/_next/static/chunks/node_modules_next_dist_client_0fhqo1d._.js:13990:67)
    at WebSocket.handleMessage (http://localhost:3000/_next/static/chunks/node_modules_next_dist_client_0fhqo1d._.js:13335:52)
[ 1715239ms] Error: Internal Next.js error: Router action dispatched before initialization.
    at dispatchAppRouterAction (http://localhost:3000/_next/static/chunks/node_modules_next_dist_client_0fhqo1d._.js:916:37)
    at http://localhost:3000/_next/static/chunks/node_modules_next_dist_client_0fhqo1d._.js:11800:61
    at startTransition (http://localhost:3000/_next/static/chunks/node_modules_next_dist_compiled_0rpq4pf._.js:1279:31)
    at Object.hmrRefresh (http://localhost:3000/_next/static/chunks/node_modules_next_dist_client_0fhqo1d._.js:11799:40)
    at processMessage (http://localhost:3000/_next/static/chunks/node_modules_next_dist_client_0fhqo1d._.js:13990:67)
    at WebSocket.handleMessage (http://localhost:3000/_next/static/chunks/node_modules_next_dist_client_0fhqo1d._.js:13335:52)
[ 1715241ms] Error: Internal Next.js error: Router action dispatched before initialization.
    at dispatchAppRouterAction (http://localhost:3000/_next/static/chunks/node_modules_next_dist_client_0fhqo1d._.js:916:37)
    at http://localhost:3000/_next/static/chunks/node_modules_next_dist_client_0fhqo1d._.js:11800:61
    at startTransition (http://localhost:3000/_next/static/chunks/node_modules_next_dist_compiled_0rpq4pf._.js:1279:31)
    at Object.hmrRefresh (http://localhost:3000/_next/static/chunks/node_modules_next_dist_client_0fhqo1d._.js:11799:40)
    at processMessage (http://localhost:3000/_next/static/chunks/node_modules_next_dist_client_0fhqo1d._.js:13990:67)
    at WebSocket.handleMessage (http://localhost:3000/_next/static/chunks/node_modules_next_dist_client_0fhqo1d._.js:13335:52)
[ 1715245ms] Error: Internal Next.js error: Router action dispatched before initialization.
    at dispatchAppRouterAction (http://localhost:3000/_next/static/chunks/node_modules_next_dist_client_0fhqo1d._.js:916:37)
    at http://localhost:3000/_next/static/chunks/node_modules_next_dist_client_0fhqo1d._.js:11800:61
    at startTransition (http://localhost:3000/_next/static/chunks/node_modules_next_dist_compiled_0rpq4pf._.js:1279:31)
    at Object.hmrRefresh (http://localhost:3000/_next/static/chunks/node_modules_next_dist_client_0fhqo1d._.js:11799:40)
    at processMessage (http://localhost:3000/_next/static/chunks/node_modules_next_dist_client_0fhqo1d._.js:13990:67)
    at WebSocket.handleMessage (http://localhost:3000/_next/static/chunks/node_modules_next_dist_client_0fhqo1d._.js:13335:52)
[ 1715246ms] Error: Internal Next.js error: Router action dispatched before initialization.
    at dispatchAppRouterAction (http://localhost:3000/_next/static/chunks/node_modules_next_dist_client_0fhqo1d._.js:916:37)
    at http://localhost:3000/_next/static/chunks/node_modules_next_dist_client_0fhqo1d._.js:11800:61
    at startTransition (http://localhost:3000/_next/static/chunks/node_modules_next_dist_compiled_0rpq4pf._.js:1279:31)
    at Object.hmrRefresh (http://localhost:3000/_next/static/chunks/node_modules_next_dist_client_0fhqo1d._.js:11799:40)
    at processMessage (http://localhost:3000/_next/static/chunks/node_modules_next_dist_client_0fhqo1d._.js:13990:67)
    at WebSocket.handleMessage (http://localhost:3000/_next/static/chunks/node_modules_next_dist_client_0fhqo1d._.js:13335:52)
[ 1715248ms] Error: Internal Next.js error: Router action dispatched before initialization.
    at dispatchAppRouterAction (http://localhost:3000/_next/static/chunks/node_modules_next_dist_client_0fhqo1d._.js:916:37)
    at http://localhost:3000/_next/static/chunks/node_modules_next_dist_client_0fhqo1d._.js:11800:61
    at startTransition (http://localhost:3000/_next/static/chunks/node_modules_next_dist_compiled_0rpq4pf._.js:1279:31)
    at Object.hmrRefresh (http://localhost:3000/_next/static/chunks/node_modules_next_dist_client_0fhqo1d._.js:11799:40)
    at processMessage (http://localhost:3000/_next/static/chunks/node_modules_next_dist_client_0fhqo1d._.js:13990:67)
    at WebSocket.handleMessage (http://localhost:3000/_next/static/chunks/node_modules_next_dist_client_0fhqo1d._.js:13335:52)
[ 1715248ms] Error: Internal Next.js error: Router action dispatched before initialization.
    at dispatchAppRouterAction (http://localhost:3000/_next/static/chunks/node_modules_next_dist_client_0fhqo1d._.js:916:37)
    at http://localhost:3000/_next/static/chunks/node_modules_next_dist_client_0fhqo1d._.js:11800:61
    at startTransition (http://localhost:3000/_next/static/chunks/node_modules_next_dist_compiled_0rpq4pf._.js:1279:31)
    at Object.hmrRefresh (http://localhost:3000/_next/static/chunks/node_modules_next_dist_client_0fhqo1d._.js:11799:40)
    at processMessage (http://localhost:3000/_next/static/chunks/node_modules_next_dist_client_0fhqo1d._.js:13990:67)
    at WebSocket.handleMessage (http://localhost:3000/_next/static/chunks/node_modules_next_dist_client_0fhqo1d._.js:13335:52)
[ 1715250ms] Error: Internal Next.js error: Router action dispatched before initialization.
    at dispatchAppRouterAction (http://localhost:3000/_next/static/chunks/node_modules_next_dist_client_0fhqo1d._.js:916:37)
    at http://localhost:3000/_next/static/chunks/node_modules_next_dist_client_0fhqo1d._.js:11800:61
    at startTransition (http://localhost:3000/_next/static/chunks/node_modules_next_dist_compiled_0rpq4pf._.js:1279:31)
    at Object.hmrRefresh (http://localhost:3000/_next/static/chunks/node_modules_next_dist_client_0fhqo1d._.js:11799:40)
    at processMessage (http://localhost:3000/_next/static/chunks/node_modules_next_dist_client_0fhqo1d._.js:13990:67)
    at WebSocket.handleMessage (http://localhost:3000/_next/static/chunks/node_modules_next_dist_client_0fhqo1d._.js:13335:52)
[ 1715252ms] Error: Internal Next.js error: Router action dispatched before initialization.
    at dispatchAppRouterAction (http://localhost:3000/_next/static/chunks/node_modules_next_dist_client_0fhqo1d._.js:916:37)
    at http://localhost:3000/_next/static/chunks/node_modules_next_dist_client_0fhqo1d._.js:11800:61
    at startTransition (http://localhost:3000/_next/static/chunks/node_modules_next_dist_compiled_0rpq4pf._.js:1279:31)
    at Object.hmrRefresh (http://localhost:3000/_next/static/chunks/node_modules_next_dist_client_0fhqo1d._.js:11799:40)
    at processMessage (http://localhost:3000/_next/static/chunks/node_modules_next_dist_client_0fhqo1d._.js:13990:67)
    at WebSocket.handleMessage (http://localhost:3000/_next/static/chunks/node_modules_next_dist_client_0fhqo1d._.js:13335:52)
[ 1715254ms] Error: Internal Next.js error: Router action dispatched before initialization.
    at dispatchAppRouterAction (http://localhost:3000/_next/static/chunks/node_modules_next_dist_client_0fhqo1d._.js:916:37)
    at http://localhost:3000/_next/static/chunks/node_modules_next_dist_client_0fhqo1d._.js:11800:61
    at startTransition (http://localhost:3000/_next/static/chunks/node_modules_next_dist_compiled_0rpq4pf._.js:1279:31)
    at Object.hmrRefresh (http://localhost:3000/_next/static/chunks/node_modules_next_dist_client_0fhqo1d._.js:11799:40)
    at processMessage (http://localhost:3000/_next/static/chunks/node_modules_next_dist_client_0fhqo1d._.js:13990:67)
    at WebSocket.handleMessage (http://localhost:3000/_next/static/chunks/node_modules_next_dist_client_0fhqo1d._.js:13335:52)
[ 1715257ms] Error: Internal Next.js error: Router action dispatched before initialization.
    at dispatchAppRouterAction (http://localhost:3000/_next/static/chunks/node_modules_next_dist_client_0fhqo1d._.js:916:37)
    at http://localhost:3000/_next/static/chunks/node_modules_next_dist_client_0fhqo1d._.js:11800:61
    at startTransition (http://localhost:3000/_next/static/chunks/node_modules_next_dist_compiled_0rpq4pf._.js:1279:31)
    at Object.hmrRefresh (http://localhost:3000/_next/static/chunks/node_modules_next_dist_client_0fhqo1d._.js:11799:40)
    at processMessage (http://localhost:3000/_next/static/chunks/node_modules_next_dist_client_0fhqo1d._.js:13990:67)
    at WebSocket.handleMessage (http://localhost:3000/_next/static/chunks/node_modules_next_dist_client_0fhqo1d._.js:13335:52)
[ 1715259ms] Error: Internal Next.js error: Router action dispatched before initialization.
    at dispatchAppRouterAction (http://localhost:3000/_next/static/chunks/node_modules_next_dist_client_0fhqo1d._.js:916:37)
    at http://localhost:3000/_next/static/chunks/node_modules_next_dist_client_0fhqo1d._.js:11800:61
    at startTransition (http://localhost:3000/_next/static/chunks/node_modules_next_dist_compiled_0rpq4pf._.js:1279:31)
    at Object.hmrRefresh (http://localhost:3000/_next/static/chunks/node_modules_next_dist_client_0fhqo1d._.js:11799:40)
    at processMessage (http://localhost:3000/_next/static/chunks/node_modules_next_dist_client_0fhqo1d._.js:13990:67)
    at WebSocket.handleMessage (http://localhost:3000/_next/static/chunks/node_modules_next_dist_client_0fhqo1d._.js:13335:52)
[ 1715260ms] Error: Internal Next.js error: Router action dispatched before initialization.
    at dispatchAppRouterAction (http://localhost:3000/_next/static/chunks/node_modules_next_dist_client_0fhqo1d._.js:916:37)
    at http://localhost:3000/_next/static/chunks/node_modules_next_dist_client_0fhqo1d._.js:11800:61
    at startTransition (http://localhost:3000/_next/static/chunks/node_modules_next_dist_compiled_0rpq4pf._.js:1279:31)
    at Object.hmrRefresh (http://localhost:3000/_next/static/chunks/node_modules_next_dist_client_0fhqo1d._.js:11799:40)
    at processMessage (http://localhost:3000/_next/static/chunks/node_modules_next_dist_client_0fhqo1d._.js:13990:67)
    at WebSocket.handleMessage (http://localhost:3000/_next/static/chunks/node_modules_next_dist_client_0fhqo1d._.js:13335:52)
[ 1715262ms] Error: Internal Next.js error: Router action dispatched before initialization.
    at dispatchAppRouterAction (http://localhost:3000/_next/static/chunks/node_modules_next_dist_client_0fhqo1d._.js:916:37)
    at http://localhost:3000/_next/static/chunks/node_modules_next_dist_client_0fhqo1d._.js:11800:61
    at startTransition (http://localhost:3000/_next/static/chunks/node_modules_next_dist_compiled_0rpq4pf._.js:1279:31)
    at Object.hmrRefresh (http://localhost:3000/_next/static/chunks/node_modules_next_dist_client_0fhqo1d._.js:11799:40)
    at processMessage (http://localhost:3000/_next/static/chunks/node_modules_next_dist_client_0fhqo1d._.js:13990:67)
    at WebSocket.handleMessage (http://localhost:3000/_next/static/chunks/node_modules_next_dist_client_0fhqo1d._.js:13335:52)
[ 1715263ms] Error: Internal Next.js error: Router action dispatched before initialization.
    at dispatchAppRouterAction (http://localhost:3000/_next/static/chunks/node_modules_next_dist_client_0fhqo1d._.js:916:37)
    at http://localhost:3000/_next/static/chunks/node_modules_next_dist_client_0fhqo1d._.js:11800:61
    at startTransition (http://localhost:3000/_next/static/chunks/node_modules_next_dist_compiled_0rpq4pf._.js:1279:31)
    at Object.hmrRefresh (http://localhost:3000/_next/static/chunks/node_modules_next_dist_client_0fhqo1d._.js:11799:40)
    at processMessage (http://localhost:3000/_next/static/chunks/node_modules_next_dist_client_0fhqo1d._.js:13990:67)
    at WebSocket.handleMessage (http://localhost:3000/_next/static/chunks/node_modules_next_dist_client_0fhqo1d._.js:13335:52)
[ 1715264ms] Error: Internal Next.js error: Router action dispatched before initialization.
    at dispatchAppRouterAction (http://localhost:3000/_next/static/chunks/node_modules_next_dist_client_0fhqo1d._.js:916:37)
    at http://localhost:3000/_next/static/chunks/node_modules_next_dist_client_0fhqo1d._.js:11800:61
    at startTransition (http://localhost:3000/_next/static/chunks/node_modules_next_dist_compiled_0rpq4pf._.js:1279:31)
    at Object.hmrRefresh (http://localhost:3000/_next/static/chunks/node_modules_next_dist_client_0fhqo1d._.js:11799:40)
    at processMessage (http://localhost:3000/_next/static/chunks/node_modules_next_dist_client_0fhqo1d._.js:13990:67)
    at WebSocket.handleMessage (http://localhost:3000/_next/static/chunks/node_modules_next_dist_client_0fhqo1d._.js:13335:52)
[ 1715265ms] Error: Internal Next.js error: Router action dispatched before initialization.
    at dispatchAppRouterAction (http://localhost:3000/_next/static/chunks/node_modules_next_dist_client_0fhqo1d._.js:916:37)
    at http://localhost:3000/_next/static/chunks/node_modules_next_dist_client_0fhqo1d._.js:11800:61
    at startTransition (http://localhost:3000/_next/static/chunks/node_modules_next_dist_compiled_0rpq4pf._.js:1279:31)
    at Object.hmrRefresh (http://localhost:3000/_next/static/chunks/node_modules_next_dist_client_0fhqo1d._.js:11799:40)
    at processMessage (http://localhost:3000/_next/static/chunks/node_modules_next_dist_client_0fhqo1d._.js:13990:67)
    at WebSocket.handleMessage (http://localhost:3000/_next/static/chunks/node_modules_next_dist_client_0fhqo1d._.js:13335:52)
[ 1715267ms] Error: Internal Next.js error: Router action dispatched before initialization.
    at dispatchAppRouterAction (http://localhost:3000/_next/static/chunks/node_modules_next_dist_client_0fhqo1d._.js:916:37)
    at http://localhost:3000/_next/static/chunks/node_modules_next_dist_client_0fhqo1d._.js:11800:61
    at startTransition (http://localhost:3000/_next/static/chunks/node_modules_next_dist_compiled_0rpq4pf._.js:1279:31)
    at Object.hmrRefresh (http://localhost:3000/_next/static/chunks/node_modules_next_dist_client_0fhqo1d._.js:11799:40)
    at processMessage (http://localhost:3000/_next/static/chunks/node_modules_next_dist_client_0fhqo1d._.js:13990:67)
    at WebSocket.handleMessage (http://localhost:3000/_next/static/chunks/node_modules_next_dist_client_0fhqo1d._.js:13335:52)
[ 1715268ms] Error: Internal Next.js error: Router action dispatched before initialization.
    at dispatchAppRouterAction (http://localhost:3000/_next/static/chunks/node_modules_next_dist_client_0fhqo1d._.js:916:37)
    at http://localhost:3000/_next/static/chunks/node_modules_next_dist_client_0fhqo1d._.js:11800:61
    at startTransition (http://localhost:3000/_next/static/chunks/node_modules_next_dist_compiled_0rpq4pf._.js:1279:31)
    at Object.hmrRefresh (http://localhost:3000/_next/static/chunks/node_modules_next_dist_client_0fhqo1d._.js:11799:40)
    at processMessage (http://localhost:3000/_next/static/chunks/node_modules_next_dist_client_0fhqo1d._.js:13990:67)
    at WebSocket.handleMessage (http://localhost:3000/_next/static/chunks/node_modules_next_dist_client_0fhqo1d._.js:13335:52)
[ 1715269ms] Error: Internal Next.js error: Router action dispatched before initialization.
    at dispatchAppRouterAction (http://localhost:3000/_next/static/chunks/node_modules_next_dist_client_0fhqo1d._.js:916:37)
    at http://localhost:3000/_next/static/chunks/node_modules_next_dist_client_0fhqo1d._.js:11800:61
    at startTransition (http://localhost:3000/_next/static/chunks/node_modules_next_dist_compiled_0rpq4pf._.js:1279:31)
    at Object.hmrRefresh (http://localhost:3000/_next/static/chunks/node_modules_next_dist_client_0fhqo1d._.js:11799:40)
    at processMessage (http://localhost:3000/_next/static/chunks/node_modules_next_dist_client_0fhqo1d._.js:13990:67)
    at WebSocket.handleMessage (http://localhost:3000/_next/static/chunks/node_modules_next_dist_client_0fhqo1d._.js:13335:52)
[ 1715270ms] Error: Internal Next.js error: Router action dispatched before initialization.
    at dispatchAppRouterAction (http://localhost:3000/_next/static/chunks/node_modules_next_dist_client_0fhqo1d._.js:916:37)
    at http://localhost:3000/_next/static/chunks/node_modules_next_dist_client_0fhqo1d._.js:11800:61
    at startTransition (http://localhost:3000/_next/static/chunks/node_modules_next_dist_compiled_0rpq4pf._.js:1279:31)
    at Object.hmrRefresh (http://localhost:3000/_next/static/chunks/node_modules_next_dist_client_0fhqo1d._.js:11799:40)
    at processMessage (http://localhost:3000/_next/static/chunks/node_modules_next_dist_client_0fhqo1d._.js:13990:67)
    at WebSocket.handleMessage (http://localhost:3000/_next/static/chunks/node_modules_next_dist_client_0fhqo1d._.js:13335:52)
[ 1715276ms] Error: Internal Next.js error: Router action dispatched before initialization.
    at dispatchAppRouterAction (http://localhost:3000/_next/static/chunks/node_modules_next_dist_client_0fhqo1d._.js:916:37)
    at http://localhost:3000/_next/static/chunks/node_modules_next_dist_client_0fhqo1d._.js:11800:61
    at startTransition (http://localhost:3000/_next/static/chunks/node_modules_next_dist_compiled_0rpq4pf._.js:1279:31)
    at Object.hmrRefresh (http://localhost:3000/_next/static/chunks/node_modules_next_dist_client_0fhqo1d._.js:11799:40)
    at processMessage (http://localhost:3000/_next/static/chunks/node_modules_next_dist_client_0fhqo1d._.js:13990:67)
    at WebSocket.handleMessage (http://localhost:3000/_next/static/chunks/node_modules_next_dist_client_0fhqo1d._.js:13335:52)
[ 1715279ms] Error: Internal Next.js error: Router action dispatched before initialization.
    at dispatchAppRouterAction (http://localhost:3000/_next/static/chunks/node_modules_next_dist_client_0fhqo1d._.js:916:37)
    at http://localhost:3000/_next/static/chunks/node_modules_next_dist_client_0fhqo1d._.js:11800:61
    at startTransition (http://localhost:3000/_next/static/chunks/node_modules_next_dist_compiled_0rpq4pf._.js:1279:31)
    at Object.hmrRefresh (http://localhost:3000/_next/static/chunks/node_modules_next_dist_client_0fhqo1d._.js:11799:40)
    at processMessage (http://localhost:3000/_next/static/chunks/node_modules_next_dist_client_0fhqo1d._.js:13990:67)
    at WebSocket.handleMessage (http://localhost:3000/_next/static/chunks/node_modules_next_dist_client_0fhqo1d._.js:13335:52)
[ 1715281ms] Error: Internal Next.js error: Router action dispatched before initialization.
    at dispatchAppRouterAction (http://localhost:3000/_next/static/chunks/node_modules_next_dist_client_0fhqo1d._.js:916:37)
    at http://localhost:3000/_next/static/chunks/node_modules_next_dist_client_0fhqo1d._.js:11800:61
    at startTransition (http://localhost:3000/_next/static/chunks/node_modules_next_dist_compiled_0rpq4pf._.js:1279:31)
    at Object.hmrRefresh (http://localhost:3000/_next/static/chunks/node_modules_next_dist_client_0fhqo1d._.js:11799:40)
    at processMessage (http://localhost:3000/_next/static/chunks/node_modules_next_dist_client_0fhqo1d._.js:13990:67)
    at WebSocket.handleMessage (http://localhost:3000/_next/static/chunks/node_modules_next_dist_client_0fhqo1d._.js:13335:52)
[ 1715282ms] Error: Internal Next.js error: Router action dispatched before initialization.
    at dispatchAppRouterAction (http://localhost:3000/_next/static/chunks/node_modules_next_dist_client_0fhqo1d._.js:916:37)
    at http://localhost:3000/_next/static/chunks/node_modules_next_dist_client_0fhqo1d._.js:11800:61
    at startTransition (http://localhost:3000/_next/static/chunks/node_modules_next_dist_compiled_0rpq4pf._.js:1279:31)
    at Object.hmrRefresh (http://localhost:3000/_next/static/chunks/node_modules_next_dist_client_0fhqo1d._.js:11799:40)
    at processMessage (http://localhost:3000/_next/static/chunks/node_modules_next_dist_client_0fhqo1d._.js:13990:67)
    at WebSocket.handleMessage (http://localhost:3000/_next/static/chunks/node_modules_next_dist_client_0fhqo1d._.js:13335:52)
[ 1715283ms] Error: Internal Next.js error: Router action dispatched before initialization.
    at dispatchAppRouterAction (http://localhost:3000/_next/static/chunks/node_modules_next_dist_client_0fhqo1d._.js:916:37)
    at http://localhost:3000/_next/static/chunks/node_modules_next_dist_client_0fhqo1d._.js:11800:61
    at startTransition (http://localhost:3000/_next/static/chunks/node_modules_next_dist_compiled_0rpq4pf._.js:1279:31)
    at Object.hmrRefresh (http://localhost:3000/_next/static/chunks/node_modules_next_dist_client_0fhqo1d._.js:11799:40)
    at processMessage (http://localhost:3000/_next/static/chunks/node_modules_next_dist_client_0fhqo1d._.js:13990:67)
    at WebSocket.handleMessage (http://localhost:3000/_next/static/chunks/node_modules_next_dist_client_0fhqo1d._.js:13335:52)
[ 1715284ms] Error: Internal Next.js error: Router action dispatched before initialization.
    at dispatchAppRouterAction (http://localhost:3000/_next/static/chunks/node_modules_next_dist_client_0fhqo1d._.js:916:37)
    at http://localhost:3000/_next/static/chunks/node_modules_next_dist_client_0fhqo1d._.js:11800:61
    at startTransition (http://localhost:3000/_next/static/chunks/node_modules_next_dist_compiled_0rpq4pf._.js:1279:31)
    at Object.hmrRefresh (http://localhost:3000/_next/static/chunks/node_modules_next_dist_client_0fhqo1d._.js:11799:40)
    at processMessage (http://localhost:3000/_next/static/chunks/node_modules_next_dist_client_0fhqo1d._.js:13990:67)
    at WebSocket.handleMessage (http://localhost:3000/_next/static/chunks/node_modules_next_dist_client_0fhqo1d._.js:13335:52)
[ 1715285ms] Error: Internal Next.js error: Router action dispatched before initialization.
    at dispatchAppRouterAction (http://localhost:3000/_next/static/chunks/node_modules_next_dist_client_0fhqo1d._.js:916:37)
    at http://localhost:3000/_next/static/chunks/node_modules_next_dist_client_0fhqo1d._.js:11800:61
    at startTransition (http://localhost:3000/_next/static/chunks/node_modules_next_dist_compiled_0rpq4pf._.js:1279:31)
    at Object.hmrRefresh (http://localhost:3000/_next/static/chunks/node_modules_next_dist_client_0fhqo1d._.js:11799:40)
    at processMessage (http://localhost:3000/_next/static/chunks/node_modules_next_dist_client_0fhqo1d._.js:13990:67)
    at WebSocket.handleMessage (http://localhost:3000/_next/static/chunks/node_modules_next_dist_client_0fhqo1d._.js:13335:52)
[ 1715286ms] Error: Internal Next.js error: Router action dispatched before initialization.
    at dispatchAppRouterAction (http://localhost:3000/_next/static/chunks/node_modules_next_dist_client_0fhqo1d._.js:916:37)
    at http://localhost:3000/_next/static/chunks/node_modules_next_dist_client_0fhqo1d._.js:11800:61
    at startTransition (http://localhost:3000/_next/static/chunks/node_modules_next_dist_compiled_0rpq4pf._.js:1279:31)
    at Object.hmrRefresh (http://localhost:3000/_next/static/chunks/node_modules_next_dist_client_0fhqo1d._.js:11799:40)
    at processMessage (http://localhost:3000/_next/static/chunks/node_modules_next_dist_client_0fhqo1d._.js:13990:67)
    at WebSocket.handleMessage (http://localhost:3000/_next/static/chunks/node_modules_next_dist_client_0fhqo1d._.js:13335:52)
[ 1715290ms] Error: Internal Next.js error: Router action dispatched before initialization.
    at dispatchAppRouterAction (http://localhost:3000/_next/static/chunks/node_modules_next_dist_client_0fhqo1d._.js:916:37)
    at http://localhost:3000/_next/static/chunks/node_modules_next_dist_client_0fhqo1d._.js:11800:61
    at startTransition (http://localhost:3000/_next/static/chunks/node_modules_next_dist_compiled_0rpq4pf._.js:1279:31)
    at Object.hmrRefresh (http://localhost:3000/_next/static/chunks/node_modules_next_dist_client_0fhqo1d._.js:11799:40)
    at processMessage (http://localhost:3000/_next/static/chunks/node_modules_next_dist_client_0fhqo1d._.js:13990:67)
    at WebSocket.handleMessage (http://localhost:3000/_next/static/chunks/node_modules_next_dist_client_0fhqo1d._.js:13335:52)
[ 1715292ms] Error: Internal Next.js error: Router action dispatched before initialization.
    at dispatchAppRouterAction (http://localhost:3000/_next/static/chunks/node_modules_next_dist_client_0fhqo1d._.js:916:37)
    at http://localhost:3000/_next/static/chunks/node_modules_next_dist_client_0fhqo1d._.js:11800:61
    at startTransition (http://localhost:3000/_next/static/chunks/node_modules_next_dist_compiled_0rpq4pf._.js:1279:31)
    at Object.hmrRefresh (http://localhost:3000/_next/static/chunks/node_modules_next_dist_client_0fhqo1d._.js:11799:40)
    at processMessage (http://localhost:3000/_next/static/chunks/node_modules_next_dist_client_0fhqo1d._.js:13990:67)
    at WebSocket.handleMessage (http://localhost:3000/_next/static/chunks/node_modules_next_dist_client_0fhqo1d._.js:13335:52)
[ 1715293ms] Error: Internal Next.js error: Router action dispatched before initialization.
    at dispatchAppRouterAction (http://localhost:3000/_next/static/chunks/node_modules_next_dist_client_0fhqo1d._.js:916:37)
    at http://localhost:3000/_next/static/chunks/node_modules_next_dist_client_0fhqo1d._.js:11800:61
    at startTransition (http://localhost:3000/_next/static/chunks/node_modules_next_dist_compiled_0rpq4pf._.js:1279:31)
    at Object.hmrRefresh (http://localhost:3000/_next/static/chunks/node_modules_next_dist_client_0fhqo1d._.js:11799:40)
    at processMessage (http://localhost:3000/_next/static/chunks/node_modules_next_dist_client_0fhqo1d._.js:13990:67)
    at WebSocket.handleMessage (http://localhost:3000/_next/static/chunks/node_modules_next_dist_client_0fhqo1d._.js:13335:52)
[ 1715294ms] Error: Internal Next.js error: Router action dispatched before initialization.
    at dispatchAppRouterAction (http://localhost:3000/_next/static/chunks/node_modules_next_dist_client_0fhqo1d._.js:916:37)
    at http://localhost:3000/_next/static/chunks/node_modules_next_dist_client_0fhqo1d._.js:11800:61
    at startTransition (http://localhost:3000/_next/static/chunks/node_modules_next_dist_compiled_0rpq4pf._.js:1279:31)
    at Object.hmrRefresh (http://localhost:3000/_next/static/chunks/node_modules_next_dist_client_0fhqo1d._.js:11799:40)
    at processMessage (http://localhost:3000/_next/static/chunks/node_modules_next_dist_client_0fhqo1d._.js:13990:67)
    at WebSocket.handleMessage (http://localhost:3000/_next/static/chunks/node_modules_next_dist_client_0fhqo1d._.js:13335:52)
[ 1715295ms] Error: Internal Next.js error: Router action dispatched before initialization.
    at dispatchAppRouterAction (http://localhost:3000/_next/static/chunks/node_modules_next_dist_client_0fhqo1d._.js:916:37)
    at http://localhost:3000/_next/static/chunks/node_modules_next_dist_client_0fhqo1d._.js:11800:61
    at startTransition (http://localhost:3000/_next/static/chunks/node_modules_next_dist_compiled_0rpq4pf._.js:1279:31)
    at Object.hmrRefresh (http://localhost:3000/_next/static/chunks/node_modules_next_dist_client_0fhqo1d._.js:11799:40)
    at processMessage (http://localhost:3000/_next/static/chunks/node_modules_next_dist_client_0fhqo1d._.js:13990:67)
    at WebSocket.handleMessage (http://localhost:3000/_next/static/chunks/node_modules_next_dist_client_0fhqo1d._.js:13335:52)
[ 1715296ms] Error: Internal Next.js error: Router action dispatched before initialization.
    at dispatchAppRouterAction (http://localhost:3000/_next/static/chunks/node_modules_next_dist_client_0fhqo1d._.js:916:37)
    at http://localhost:3000/_next/static/chunks/node_modules_next_dist_client_0fhqo1d._.js:11800:61
    at startTransition (http://localhost:3000/_next/static/chunks/node_modules_next_dist_compiled_0rpq4pf._.js:1279:31)
    at Object.hmrRefresh (http://localhost:3000/_next/static/chunks/node_modules_next_dist_client_0fhqo1d._.js:11799:40)
    at processMessage (http://localhost:3000/_next/static/chunks/node_modules_next_dist_client_0fhqo1d._.js:13990:67)
    at WebSocket.handleMessage (http://localhost:3000/_next/static/chunks/node_modules_next_dist_client_0fhqo1d._.js:13335:52)
[ 1715297ms] Error: Internal Next.js error: Router action dispatched before initialization.
    at dispatchAppRouterAction (http://localhost:3000/_next/static/chunks/node_modules_next_dist_client_0fhqo1d._.js:916:37)
    at http://localhost:3000/_next/static/chunks/node_modules_next_dist_client_0fhqo1d._.js:11800:61
    at startTransition (http://localhost:3000/_next/static/chunks/node_modules_next_dist_compiled_0rpq4pf._.js:1279:31)
    at Object.hmrRefresh (http://localhost:3000/_next/static/chunks/node_modules_next_dist_client_0fhqo1d._.js:11799:40)
    at processMessage (http://localhost:3000/_next/static/chunks/node_modules_next_dist_client_0fhqo1d._.js:13990:67)
    at WebSocket.handleMessage (http://localhost:3000/_next/static/chunks/node_modules_next_dist_client_0fhqo1d._.js:13335:52)
[ 1715298ms] Error: Internal Next.js error: Router action dispatched before initialization.
    at dispatchAppRouterAction (http://localhost:3000/_next/static/chunks/node_modules_next_dist_client_0fhqo1d._.js:916:37)
    at http://localhost:3000/_next/static/chunks/node_modules_next_dist_client_0fhqo1d._.js:11800:61
    at startTransition (http://localhost:3000/_next/static/chunks/node_modules_next_dist_compiled_0rpq4pf._.js:1279:31)
    at Object.hmrRefresh (http://localhost:3000/_next/static/chunks/node_modules_next_dist_client_0fhqo1d._.js:11799:40)
    at processMessage (http://localhost:3000/_next/static/chunks/node_modules_next_dist_client_0fhqo1d._.js:13990:67)
    at WebSocket.handleMessage (http://localhost:3000/_next/static/chunks/node_modules_next_dist_client_0fhqo1d._.js:13335:52)
[ 1715299ms] Error: Internal Next.js error: Router action dispatched before initialization.
    at dispatchAppRouterAction (http://localhost:3000/_next/static/chunks/node_modules_next_dist_client_0fhqo1d._.js:916:37)
    at http://localhost:3000/_next/static/chunks/node_modules_next_dist_client_0fhqo1d._.js:11800:61
    at startTransition (http://localhost:3000/_next/static/chunks/node_modules_next_dist_compiled_0rpq4pf._.js:1279:31)
    at Object.hmrRefresh (http://localhost:3000/_next/static/chunks/node_modules_next_dist_client_0fhqo1d._.js:11799:40)
    at processMessage (http://localhost:3000/_next/static/chunks/node_modules_next_dist_client_0fhqo1d._.js:13990:67)
    at WebSocket.handleMessage (http://localhost:3000/_next/static/chunks/node_modules_next_dist_client_0fhqo1d._.js:13335:52)
[ 1715300ms] Error: Internal Next.js error: Router action dispatched before initialization.
    at dispatchAppRouterAction (http://localhost:3000/_next/static/chunks/node_modules_next_dist_client_0fhqo1d._.js:916:37)
    at http://localhost:3000/_next/static/chunks/node_modules_next_dist_client_0fhqo1d._.js:11800:61
    at startTransition (http://localhost:3000/_next/static/chunks/node_modules_next_dist_compiled_0rpq4pf._.js:1279:31)
    at Object.hmrRefresh (http://localhost:3000/_next/static/chunks/node_modules_next_dist_client_0fhqo1d._.js:11799:40)
    at processMessage (http://localhost:3000/_next/static/chunks/node_modules_next_dist_client_0fhqo1d._.js:13990:67)
    at WebSocket.handleMessage (http://localhost:3000/_next/static/chunks/node_modules_next_dist_client_0fhqo1d._.js:13335:52)
[ 1715301ms] Error: Internal Next.js error: Router action dispatched before initialization.
    at dispatchAppRouterAction (http://localhost:3000/_next/static/chunks/node_modules_next_dist_client_0fhqo1d._.js:916:37)
    at http://localhost:3000/_next/static/chunks/node_modules_next_dist_client_0fhqo1d._.js:11800:61
    at startTransition (http://localhost:3000/_next/static/chunks/node_modules_next_dist_compiled_0rpq4pf._.js:1279:31)
    at Object.hmrRefresh (http://localhost:3000/_next/static/chunks/node_modules_next_dist_client_0fhqo1d._.js:11799:40)
    at processMessage (http://localhost:3000/_next/static/chunks/node_modules_next_dist_client_0fhqo1d._.js:13990:67)
    at WebSocket.handleMessage (http://localhost:3000/_next/static/chunks/node_modules_next_dist_client_0fhqo1d._.js:13335:52)
[ 1715302ms] Error: Internal Next.js error: Router action dispatched before initialization.
    at dispatchAppRouterAction (http://localhost:3000/_next/static/chunks/node_modules_next_dist_client_0fhqo1d._.js:916:37)
    at http://localhost:3000/_next/static/chunks/node_modules_next_dist_client_0fhqo1d._.js:11800:61
    at startTransition (http://localhost:3000/_next/static/chunks/node_modules_next_dist_compiled_0rpq4pf._.js:1279:31)
    at Object.hmrRefresh (http://localhost:3000/_next/static/chunks/node_modules_next_dist_client_0fhqo1d._.js:11799:40)
    at processMessage (http://localhost:3000/_next/static/chunks/node_modules_next_dist_client_0fhqo1d._.js:13990:67)
    at WebSocket.handleMessage (http://localhost:3000/_next/static/chunks/node_modules_next_dist_client_0fhqo1d._.js:13335:52)
[ 1715303ms] Error: Internal Next.js error: Router action dispatched before initialization.
    at dispatchAppRouterAction (http://localhost:3000/_next/static/chunks/node_modules_next_dist_client_0fhqo1d._.js:916:37)
    at http://localhost:3000/_next/static/chunks/node_modules_next_dist_client_0fhqo1d._.js:11800:61
    at startTransition (http://localhost:3000/_next/static/chunks/node_modules_next_dist_compiled_0rpq4pf._.js:1279:31)
    at Object.hmrRefresh (http://localhost:3000/_next/static/chunks/node_modules_next_dist_client_0fhqo1d._.js:11799:40)
    at processMessage (http://localhost:3000/_next/static/chunks/node_modules_next_dist_client_0fhqo1d._.js:13990:67)
    at WebSocket.handleMessage (http://localhost:3000/_next/static/chunks/node_modules_next_dist_client_0fhqo1d._.js:13335:52)
[ 1715306ms] Error: Internal Next.js error: Router action dispatched before initialization.
    at dispatchAppRouterAction (http://localhost:3000/_next/static/chunks/node_modules_next_dist_client_0fhqo1d._.js:916:37)
    at http://localhost:3000/_next/static/chunks/node_modules_next_dist_client_0fhqo1d._.js:11800:61
    at startTransition (http://localhost:3000/_next/static/chunks/node_modules_next_dist_compiled_0rpq4pf._.js:1279:31)
    at Object.hmrRefresh (http://localhost:3000/_next/static/chunks/node_modules_next_dist_client_0fhqo1d._.js:11799:40)
    at processMessage (http://localhost:3000/_next/static/chunks/node_modules_next_dist_client_0fhqo1d._.js:13990:67)
    at WebSocket.handleMessage (http://localhost:3000/_next/static/chunks/node_modules_next_dist_client_0fhqo1d._.js:13335:52)
[ 1715307ms] Error: Internal Next.js error: Router action dispatched before initialization.
    at dispatchAppRouterAction (http://localhost:3000/_next/static/chunks/node_modules_next_dist_client_0fhqo1d._.js:916:37)
    at http://localhost:3000/_next/static/chunks/node_modules_next_dist_client_0fhqo1d._.js:11800:61
    at startTransition (http://localhost:3000/_next/static/chunks/node_modules_next_dist_compiled_0rpq4pf._.js:1279:31)
    at Object.hmrRefresh (http://localhost:3000/_next/static/chunks/node_modules_next_dist_client_0fhqo1d._.js:11799:40)
    at processMessage (http://localhost:3000/_next/static/chunks/node_modules_next_dist_client_0fhqo1d._.js:13990:67)
    at WebSocket.handleMessage (http://localhost:3000/_next/static/chunks/node_modules_next_dist_client_0fhqo1d._.js:13335:52)
[ 1715308ms] Error: Internal Next.js error: Router action dispatched before initialization.
    at dispatchAppRouterAction (http://localhost:3000/_next/static/chunks/node_modules_next_dist_client_0fhqo1d._.js:916:37)
    at http://localhost:3000/_next/static/chunks/node_modules_next_dist_client_0fhqo1d._.js:11800:61
    at startTransition (http://localhost:3000/_next/static/chunks/node_modules_next_dist_compiled_0rpq4pf._.js:1279:31)
    at Object.hmrRefresh (http://localhost:3000/_next/static/chunks/node_modules_next_dist_client_0fhqo1d._.js:11799:40)
    at processMessage (http://localhost:3000/_next/static/chunks/node_modules_next_dist_client_0fhqo1d._.js:13990:67)
    at WebSocket.handleMessage (http://localhost:3000/_next/static/chunks/node_modules_next_dist_client_0fhqo1d._.js:13335:52)
[ 1715309ms] Error: Internal Next.js error: Router action dispatched before initialization.
    at dispatchAppRouterAction (http://localhost:3000/_next/static/chunks/node_modules_next_dist_client_0fhqo1d._.js:916:37)
    at http://localhost:3000/_next/static/chunks/node_modules_next_dist_client_0fhqo1d._.js:11800:61
    at startTransition (http://localhost:3000/_next/static/chunks/node_modules_next_dist_compiled_0rpq4pf._.js:1279:31)
    at Object.hmrRefresh (http://localhost:3000/_next/static/chunks/node_modules_next_dist_client_0fhqo1d._.js:11799:40)
    at processMessage (http://localhost:3000/_next/static/chunks/node_modules_next_dist_client_0fhqo1d._.js:13990:67)
    at WebSocket.handleMessage (http://localhost:3000/_next/static/chunks/node_modules_next_dist_client_0fhqo1d._.js:13335:52)
[ 1715311ms] Error: Internal Next.js error: Router action dispatched before initialization.
    at dispatchAppRouterAction (http://localhost:3000/_next/static/chunks/node_modules_next_dist_client_0fhqo1d._.js:916:37)
    at http://localhost:3000/_next/static/chunks/node_modules_next_dist_client_0fhqo1d._.js:11800:61
    at startTransition (http://localhost:3000/_next/static/chunks/node_modules_next_dist_compiled_0rpq4pf._.js:1279:31)
    at Object.hmrRefresh (http://localhost:3000/_next/static/chunks/node_modules_next_dist_client_0fhqo1d._.js:11799:40)
    at processMessage (http://localhost:3000/_next/static/chunks/node_modules_next_dist_client_0fhqo1d._.js:13990:67)
    at WebSocket.handleMessage (http://localhost:3000/_next/static/chunks/node_modules_next_dist_client_0fhqo1d._.js:13335:52)
[ 1715312ms] Error: Internal Next.js error: Router action dispatched before initialization.
    at dispatchAppRouterAction (http://localhost:3000/_next/static/chunks/node_modules_next_dist_client_0fhqo1d._.js:916:37)
    at http://localhost:3000/_next/static/chunks/node_modules_next_dist_client_0fhqo1d._.js:11800:61
    at startTransition (http://localhost:3000/_next/static/chunks/node_modules_next_dist_compiled_0rpq4pf._.js:1279:31)
    at Object.hmrRefresh (http://localhost:3000/_next/static/chunks/node_modules_next_dist_client_0fhqo1d._.js:11799:40)
    at processMessage (http://localhost:3000/_next/static/chunks/node_modules_next_dist_client_0fhqo1d._.js:13990:67)
    at WebSocket.handleMessage (http://localhost:3000/_next/static/chunks/node_modules_next_dist_client_0fhqo1d._.js:13335:52)
[ 1715312ms] Error: Internal Next.js error: Router action dispatched before initialization.
    at dispatchAppRouterAction (http://localhost:3000/_next/static/chunks/node_modules_next_dist_client_0fhqo1d._.js:916:37)
    at http://localhost:3000/_next/static/chunks/node_modules_next_dist_client_0fhqo1d._.js:11800:61
    at startTransition (http://localhost:3000/_next/static/chunks/node_modules_next_dist_compiled_0rpq4pf._.js:1279:31)
    at Object.hmrRefresh (http://localhost:3000/_next/static/chunks/node_modules_next_dist_client_0fhqo1d._.js:11799:40)
    at processMessage (http://localhost:3000/_next/static/chunks/node_modules_next_dist_client_0fhqo1d._.js:13990:67)
    at WebSocket.handleMessage (http://localhost:3000/_next/static/chunks/node_modules_next_dist_client_0fhqo1d._.js:13335:52)
[ 1715313ms] Error: Internal Next.js error: Router action dispatched before initialization.
    at dispatchAppRouterAction (http://localhost:3000/_next/static/chunks/node_modules_next_dist_client_0fhqo1d._.js:916:37)
    at http://localhost:3000/_next/static/chunks/node_modules_next_dist_client_0fhqo1d._.js:11800:61
    at startTransition (http://localhost:3000/_next/static/chunks/node_modules_next_dist_compiled_0rpq4pf._.js:1279:31)
    at Object.hmrRefresh (http://localhost:3000/_next/static/chunks/node_modules_next_dist_client_0fhqo1d._.js:11799:40)
    at processMessage (http://localhost:3000/_next/static/chunks/node_modules_next_dist_client_0fhqo1d._.js:13990:67)
    at WebSocket.handleMessage (http://localhost:3000/_next/static/chunks/node_modules_next_dist_client_0fhqo1d._.js:13335:52)
[ 1715314ms] Error: Internal Next.js error: Router action dispatched before initialization.
    at dispatchAppRouterAction (http://localhost:3000/_next/static/chunks/node_modules_next_dist_client_0fhqo1d._.js:916:37)
    at http://localhost:3000/_next/static/chunks/node_modules_next_dist_client_0fhqo1d._.js:11800:61
    at startTransition (http://localhost:3000/_next/static/chunks/node_modules_next_dist_compiled_0rpq4pf._.js:1279:31)
    at Object.hmrRefresh (http://localhost:3000/_next/static/chunks/node_modules_next_dist_client_0fhqo1d._.js:11799:40)
    at processMessage (http://localhost:3000/_next/static/chunks/node_modules_next_dist_client_0fhqo1d._.js:13990:67)
    at WebSocket.handleMessage (http://localhost:3000/_next/static/chunks/node_modules_next_dist_client_0fhqo1d._.js:13335:52)
[ 1715315ms] Error: Internal Next.js error: Router action dispatched before initialization.
    at dispatchAppRouterAction (http://localhost:3000/_next/static/chunks/node_modules_next_dist_client_0fhqo1d._.js:916:37)
    at http://localhost:3000/_next/static/chunks/node_modules_next_dist_client_0fhqo1d._.js:11800:61
    at startTransition (http://localhost:3000/_next/static/chunks/node_modules_next_dist_compiled_0rpq4pf._.js:1279:31)
    at Object.hmrRefresh (http://localhost:3000/_next/static/chunks/node_modules_next_dist_client_0fhqo1d._.js:11799:40)
    at processMessage (http://localhost:3000/_next/static/chunks/node_modules_next_dist_client_0fhqo1d._.js:13990:67)
    at WebSocket.handleMessage (http://localhost:3000/_next/static/chunks/node_modules_next_dist_client_0fhqo1d._.js:13335:52)
[ 1715316ms] Error: Internal Next.js error: Router action dispatched before initialization.
    at dispatchAppRouterAction (http://localhost:3000/_next/static/chunks/node_modules_next_dist_client_0fhqo1d._.js:916:37)
    at http://localhost:3000/_next/static/chunks/node_modules_next_dist_client_0fhqo1d._.js:11800:61
    at startTransition (http://localhost:3000/_next/static/chunks/node_modules_next_dist_compiled_0rpq4pf._.js:1279:31)
    at Object.hmrRefresh (http://localhost:3000/_next/static/chunks/node_modules_next_dist_client_0fhqo1d._.js:11799:40)
    at processMessage (http://localhost:3000/_next/static/chunks/node_modules_next_dist_client_0fhqo1d._.js:13990:67)
    at WebSocket.handleMessage (http://localhost:3000/_next/static/chunks/node_modules_next_dist_client_0fhqo1d._.js:13335:52)
[ 1715317ms] Error: Internal Next.js error: Router action dispatched before initialization.
    at dispatchAppRouterAction (http://localhost:3000/_next/static/chunks/node_modules_next_dist_client_0fhqo1d._.js:916:37)
    at http://localhost:3000/_next/static/chunks/node_modules_next_dist_client_0fhqo1d._.js:11800:61
    at startTransition (http://localhost:3000/_next/static/chunks/node_modules_next_dist_compiled_0rpq4pf._.js:1279:31)
    at Object.hmrRefresh (http://localhost:3000/_next/static/chunks/node_modules_next_dist_client_0fhqo1d._.js:11799:40)
    at processMessage (http://localhost:3000/_next/static/chunks/node_modules_next_dist_client_0fhqo1d._.js:13990:67)
    at WebSocket.handleMessage (http://localhost:3000/_next/static/chunks/node_modules_next_dist_client_0fhqo1d._.js:13335:52)
[ 1715323ms] Error: Internal Next.js error: Router action dispatched before initialization.
    at dispatchAppRouterAction (http://localhost:3000/_next/static/chunks/node_modules_next_dist_client_0fhqo1d._.js:916:37)
    at http://localhost:3000/_next/static/chunks/node_modules_next_dist_client_0fhqo1d._.js:11800:61
    at startTransition (http://localhost:3000/_next/static/chunks/node_modules_next_dist_compiled_0rpq4pf._.js:1279:31)
    at Object.hmrRefresh (http://localhost:3000/_next/static/chunks/node_modules_next_dist_client_0fhqo1d._.js:11799:40)
    at processMessage (http://localhost:3000/_next/static/chunks/node_modules_next_dist_client_0fhqo1d._.js:13990:67)
    at WebSocket.handleMessage (http://localhost:3000/_next/static/chunks/node_modules_next_dist_client_0fhqo1d._.js:13335:52)
[ 1715325ms] Error: Internal Next.js error: Router action dispatched before initialization.
    at dispatchAppRouterAction (http://localhost:3000/_next/static/chunks/node_modules_next_dist_client_0fhqo1d._.js:916:37)
    at http://localhost:3000/_next/static/chunks/node_modules_next_dist_client_0fhqo1d._.js:11800:61
    at startTransition (http://localhost:3000/_next/static/chunks/node_modules_next_dist_compiled_0rpq4pf._.js:1279:31)
    at Object.hmrRefresh (http://localhost:3000/_next/static/chunks/node_modules_next_dist_client_0fhqo1d._.js:11799:40)
    at processMessage (http://localhost:3000/_next/static/chunks/node_modules_next_dist_client_0fhqo1d._.js:13990:67)
    at WebSocket.handleMessage (http://localhost:3000/_next/static/chunks/node_modules_next_dist_client_0fhqo1d._.js:13335:52)
[ 1715326ms] Error: Internal Next.js error: Router action dispatched before initialization.
    at dispatchAppRouterAction (http://localhost:3000/_next/static/chunks/node_modules_next_dist_client_0fhqo1d._.js:916:37)
    at http://localhost:3000/_next/static/chunks/node_modules_next_dist_client_0fhqo1d._.js:11800:61
    at startTransition (http://localhost:3000/_next/static/chunks/node_modules_next_dist_compiled_0rpq4pf._.js:1279:31)
    at Object.hmrRefresh (http://localhost:3000/_next/static/chunks/node_modules_next_dist_client_0fhqo1d._.js:11799:40)
    at processMessage (http://localhost:3000/_next/static/chunks/node_modules_next_dist_client_0fhqo1d._.js:13990:67)
    at WebSocket.handleMessage (http://localhost:3000/_next/static/chunks/node_modules_next_dist_client_0fhqo1d._.js:13335:52)
[ 1715327ms] Error: Internal Next.js error: Router action dispatched before initialization.
    at dispatchAppRouterAction (http://localhost:3000/_next/static/chunks/node_modules_next_dist_client_0fhqo1d._.js:916:37)
    at http://localhost:3000/_next/static/chunks/node_modules_next_dist_client_0fhqo1d._.js:11800:61
    at startTransition (http://localhost:3000/_next/static/chunks/node_modules_next_dist_compiled_0rpq4pf._.js:1279:31)
    at Object.hmrRefresh (http://localhost:3000/_next/static/chunks/node_modules_next_dist_client_0fhqo1d._.js:11799:40)
    at processMessage (http://localhost:3000/_next/static/chunks/node_modules_next_dist_client_0fhqo1d._.js:13990:67)
    at WebSocket.handleMessage (http://localhost:3000/_next/static/chunks/node_modules_next_dist_client_0fhqo1d._.js:13335:52)
[ 1715328ms] Error: Internal Next.js error: Router action dispatched before initialization.
    at dispatchAppRouterAction (http://localhost:3000/_next/static/chunks/node_modules_next_dist_client_0fhqo1d._.js:916:37)
    at http://localhost:3000/_next/static/chunks/node_modules_next_dist_client_0fhqo1d._.js:11800:61
    at startTransition (http://localhost:3000/_next/static/chunks/node_modules_next_dist_compiled_0rpq4pf._.js:1279:31)
    at Object.hmrRefresh (http://localhost:3000/_next/static/chunks/node_modules_next_dist_client_0fhqo1d._.js:11799:40)
    at processMessage (http://localhost:3000/_next/static/chunks/node_modules_next_dist_client_0fhqo1d._.js:13990:67)
    at WebSocket.handleMessage (http://localhost:3000/_next/static/chunks/node_modules_next_dist_client_0fhqo1d._.js:13335:52)
[ 1715329ms] Error: Internal Next.js error: Router action dispatched before initialization.
    at dispatchAppRouterAction (http://localhost:3000/_next/static/chunks/node_modules_next_dist_client_0fhqo1d._.js:916:37)
    at http://localhost:3000/_next/static/chunks/node_modules_next_dist_client_0fhqo1d._.js:11800:61
    at startTransition (http://localhost:3000/_next/static/chunks/node_modules_next_dist_compiled_0rpq4pf._.js:1279:31)
    at Object.hmrRefresh (http://localhost:3000/_next/static/chunks/node_modules_next_dist_client_0fhqo1d._.js:11799:40)
    at processMessage (http://localhost:3000/_next/static/chunks/node_modules_next_dist_client_0fhqo1d._.js:13990:67)
    at WebSocket.handleMessage (http://localhost:3000/_next/static/chunks/node_modules_next_dist_client_0fhqo1d._.js:13335:52)
[ 1715330ms] Error: Internal Next.js error: Router action dispatched before initialization.
    at dispatchAppRouterAction (http://localhost:3000/_next/static/chunks/node_modules_next_dist_client_0fhqo1d._.js:916:37)
    at http://localhost:3000/_next/static/chunks/node_modules_next_dist_client_0fhqo1d._.js:11800:61
    at startTransition (http://localhost:3000/_next/static/chunks/node_modules_next_dist_compiled_0rpq4pf._.js:1279:31)
    at Object.hmrRefresh (http://localhost:3000/_next/static/chunks/node_modules_next_dist_client_0fhqo1d._.js:11799:40)
    at processMessage (http://localhost:3000/_next/static/chunks/node_modules_next_dist_client_0fhqo1d._.js:13990:67)
    at WebSocket.handleMessage (http://localhost:3000/_next/static/chunks/node_modules_next_dist_client_0fhqo1d._.js:13335:52)
[ 1715330ms] Error: Internal Next.js error: Router action dispatched before initialization.
    at dispatchAppRouterAction (http://localhost:3000/_next/static/chunks/node_modules_next_dist_client_0fhqo1d._.js:916:37)
    at http://localhost:3000/_next/static/chunks/node_modules_next_dist_client_0fhqo1d._.js:11800:61
    at startTransition (http://localhost:3000/_next/static/chunks/node_modules_next_dist_compiled_0rpq4pf._.js:1279:31)
    at Object.hmrRefresh (http://localhost:3000/_next/static/chunks/node_modules_next_dist_client_0fhqo1d._.js:11799:40)
    at processMessage (http://localhost:3000/_next/static/chunks/node_modules_next_dist_client_0fhqo1d._.js:13990:67)
    at WebSocket.handleMessage (http://localhost:3000/_next/static/chunks/node_modules_next_dist_client_0fhqo1d._.js:13335:52)
[ 1715331ms] Error: Internal Next.js error: Router action dispatched before initialization.
    at dispatchAppRouterAction (http://localhost:3000/_next/static/chunks/node_modules_next_dist_client_0fhqo1d._.js:916:37)
    at http://localhost:3000/_next/static/chunks/node_modules_next_dist_client_0fhqo1d._.js:11800:61
    at startTransition (http://localhost:3000/_next/static/chunks/node_modules_next_dist_compiled_0rpq4pf._.js:1279:31)
    at Object.hmrRefresh (http://localhost:3000/_next/static/chunks/node_modules_next_dist_client_0fhqo1d._.js:11799:40)
    at processMessage (http://localhost:3000/_next/static/chunks/node_modules_next_dist_client_0fhqo1d._.js:13990:67)
    at WebSocket.handleMessage (http://localhost:3000/_next/static/chunks/node_modules_next_dist_client_0fhqo1d._.js:13335:52)
[ 1715332ms] Error: Internal Next.js error: Router action dispatched before initialization.
    at dispatchAppRouterAction (http://localhost:3000/_next/static/chunks/node_modules_next_dist_client_0fhqo1d._.js:916:37)
    at http://localhost:3000/_next/static/chunks/node_modules_next_dist_client_0fhqo1d._.js:11800:61
    at startTransition (http://localhost:3000/_next/static/chunks/node_modules_next_dist_compiled_0rpq4pf._.js:1279:31)
    at Object.hmrRefresh (http://localhost:3000/_next/static/chunks/node_modules_next_dist_client_0fhqo1d._.js:11799:40)
    at processMessage (http://localhost:3000/_next/static/chunks/node_modules_next_dist_client_0fhqo1d._.js:13990:67)
    at WebSocket.handleMessage (http://localhost:3000/_next/static/chunks/node_modules_next_dist_client_0fhqo1d._.js:13335:52)
[ 1715334ms] Error: Internal Next.js error: Router action dispatched before initialization.
    at dispatchAppRouterAction (http://localhost:3000/_next/static/chunks/node_modules_next_dist_client_0fhqo1d._.js:916:37)
    at http://localhost:3000/_next/static/chunks/node_modules_next_dist_client_0fhqo1d._.js:11800:61
    at startTransition (http://localhost:3000/_next/static/chunks/node_modules_next_dist_compiled_0rpq4pf._.js:1279:31)
    at Object.hmrRefresh (http://localhost:3000/_next/static/chunks/node_modules_next_dist_client_0fhqo1d._.js:11799:40)
    at processMessage (http://localhost:3000/_next/static/chunks/node_modules_next_dist_client_0fhqo1d._.js:13990:67)
    at WebSocket.handleMessage (http://localhost:3000/_next/static/chunks/node_modules_next_dist_client_0fhqo1d._.js:13335:52)
[ 1715335ms] Error: Internal Next.js error: Router action dispatched before initialization.
    at dispatchAppRouterAction (http://localhost:3000/_next/static/chunks/node_modules_next_dist_client_0fhqo1d._.js:916:37)
    at http://localhost:3000/_next/static/chunks/node_modules_next_dist_client_0fhqo1d._.js:11800:61
    at startTransition (http://localhost:3000/_next/static/chunks/node_modules_next_dist_compiled_0rpq4pf._.js:1279:31)
    at Object.hmrRefresh (http://localhost:3000/_next/static/chunks/node_modules_next_dist_client_0fhqo1d._.js:11799:40)
    at processMessage (http://localhost:3000/_next/static/chunks/node_modules_next_dist_client_0fhqo1d._.js:13990:67)
    at WebSocket.handleMessage (http://localhost:3000/_next/static/chunks/node_modules_next_dist_client_0fhqo1d._.js:13335:52)
[ 1715336ms] Error: Internal Next.js error: Router action dispatched before initialization.
    at dispatchAppRouterAction (http://localhost:3000/_next/static/chunks/node_modules_next_dist_client_0fhqo1d._.js:916:37)
    at http://localhost:3000/_next/static/chunks/node_modules_next_dist_client_0fhqo1d._.js:11800:61
    at startTransition (http://localhost:3000/_next/static/chunks/node_modules_next_dist_compiled_0rpq4pf._.js:1279:31)
    at Object.hmrRefresh (http://localhost:3000/_next/static/chunks/node_modules_next_dist_client_0fhqo1d._.js:11799:40)
    at processMessage (http://localhost:3000/_next/static/chunks/node_modules_next_dist_client_0fhqo1d._.js:13990:67)
    at WebSocket.handleMessage (http://localhost:3000/_next/static/chunks/node_modules_next_dist_client_0fhqo1d._.js:13335:52)
[ 1715337ms] Error: Internal Next.js error: Router action dispatched before initialization.
    at dispatchAppRouterAction (http://localhost:3000/_next/static/chunks/node_modules_next_dist_client_0fhqo1d._.js:916:37)
    at http://localhost:3000/_next/static/chunks/node_modules_next_dist_client_0fhqo1d._.js:11800:61
    at startTransition (http://localhost:3000/_next/static/chunks/node_modules_next_dist_compiled_0rpq4pf._.js:1279:31)
    at Object.hmrRefresh (http://localhost:3000/_next/static/chunks/node_modules_next_dist_client_0fhqo1d._.js:11799:40)
    at processMessage (http://localhost:3000/_next/static/chunks/node_modules_next_dist_client_0fhqo1d._.js:13990:67)
    at WebSocket.handleMessage (http://localhost:3000/_next/static/chunks/node_modules_next_dist_client_0fhqo1d._.js:13335:52)
[ 1715341ms] Error: Internal Next.js error: Router action dispatched before initialization.
    at dispatchAppRouterAction (http://localhost:3000/_next/static/chunks/node_modules_next_dist_client_0fhqo1d._.js:916:37)
    at http://localhost:3000/_next/static/chunks/node_modules_next_dist_client_0fhqo1d._.js:11800:61
    at startTransition (http://localhost:3000/_next/static/chunks/node_modules_next_dist_compiled_0rpq4pf._.js:1279:31)
    at Object.hmrRefresh (http://localhost:3000/_next/static/chunks/node_modules_next_dist_client_0fhqo1d._.js:11799:40)
    at processMessage (http://localhost:3000/_next/static/chunks/node_modules_next_dist_client_0fhqo1d._.js:13990:67)
    at WebSocket.handleMessage (http://localhost:3000/_next/static/chunks/node_modules_next_dist_client_0fhqo1d._.js:13335:52)
[ 1715342ms] Error: Internal Next.js error: Router action dispatched before initialization.
    at dispatchAppRouterAction (http://localhost:3000/_next/static/chunks/node_modules_next_dist_client_0fhqo1d._.js:916:37)
    at http://localhost:3000/_next/static/chunks/node_modules_next_dist_client_0fhqo1d._.js:11800:61
    at startTransition (http://localhost:3000/_next/static/chunks/node_modules_next_dist_compiled_0rpq4pf._.js:1279:31)
    at Object.hmrRefresh (http://localhost:3000/_next/static/chunks/node_modules_next_dist_client_0fhqo1d._.js:11799:40)
    at processMessage (http://localhost:3000/_next/static/chunks/node_modules_next_dist_client_0fhqo1d._.js:13990:67)
    at WebSocket.handleMessage (http://localhost:3000/_next/static/chunks/node_modules_next_dist_client_0fhqo1d._.js:13335:52)
[ 1715360ms] Error: Internal Next.js error: Router action dispatched before initialization.
    at dispatchAppRouterAction (http://localhost:3000/_next/static/chunks/node_modules_next_dist_client_0fhqo1d._.js:916:37)
    at http://localhost:3000/_next/static/chunks/node_modules_next_dist_client_0fhqo1d._.js:11800:61
    at startTransition (http://localhost:3000/_next/static/chunks/node_modules_next_dist_compiled_0rpq4pf._.js:1279:31)
    at Object.hmrRefresh (http://localhost:3000/_next/static/chunks/node_modules_next_dist_client_0fhqo1d._.js:11799:40)
    at processMessage (http://localhost:3000/_next/static/chunks/node_modules_next_dist_client_0fhqo1d._.js:13990:67)
    at WebSocket.handleMessage (http://localhost:3000/_next/static/chunks/node_modules_next_dist_client_0fhqo1d._.js:13335:52)
[ 1715492ms] [LOG] [Fast Refresh] rebuilding @ http://localhost:3000/_next/static/chunks/node_modules_next_dist_115brz8._.js:2431
[ 1718784ms] [LOG] [Fast Refresh] done in 3403ms @ http://localhost:3000/_next/static/chunks/node_modules_next_dist_115brz8._.js:2431
[ 1723426ms] [LOG] [Fast Refresh] rebuilding @ http://localhost:3000/_next/static/chunks/node_modules_next_dist_115brz8._.js:2431
[ 1724936ms] Error: Internal Next.js error: Router action dispatched before initialization.
    at dispatchAppRouterAction (http://localhost:3000/_next/static/chunks/node_modules_next_dist_client_0fhqo1d._.js:916:37)
    at http://localhost:3000/_next/static/chunks/node_modules_next_dist_client_0fhqo1d._.js:11800:61
    at startTransition (http://localhost:3000/_next/static/chunks/node_modules_next_dist_compiled_0rpq4pf._.js:1279:31)
    at Object.hmrRefresh (http://localhost:3000/_next/static/chunks/node_modules_next_dist_client_0fhqo1d._.js:11799:40)
    at http://localhost:3000/_next/static/chunks/node_modules_next_dist_client_0fhqo1d._.js:13967:64
    at startTransition (http://localhost:3000/_next/static/chunks/node_modules_next_dist_compiled_0rpq4pf._.js:1279:31)
    at processMessage (http://localhost:3000/_next/static/chunks/node_modules_next_dist_client_0fhqo1d._.js:13966:44)
    at WebSocket.handleMessage (http://localhost:3000/_next/static/chunks/node_modules_next_dist_client_0fhqo1d._.js:13335:52)
[ 1725242ms] [LOG] [Fast Refresh] done in 1612ms @ http://localhost:3000/_next/static/chunks/node_modules_next_dist_115brz8._.js:2431
[ 1726008ms] Error: Internal Next.js error: Router action dispatched before initialization.
    at dispatchAppRouterAction (http://localhost:3000/_next/static/chunks/node_modules_next_dist_client_0fhqo1d._.js:916:37)
    at http://localhost:3000/_next/static/chunks/node_modules_next_dist_client_0fhqo1d._.js:11800:61
    at startTransition (http://localhost:3000/_next/static/chunks/node_modules_next_dist_compiled_0rpq4pf._.js:1279:31)
    at Object.hmrRefresh (http://localhost:3000/_next/static/chunks/node_modules_next_dist_client_0fhqo1d._.js:11799:40)
    at processMessage (http://localhost:3000/_next/static/chunks/node_modules_next_dist_client_0fhqo1d._.js:13990:67)
    at WebSocket.handleMessage (http://localhost:3000/_next/static/chunks/node_modules_next_dist_client_0fhqo1d._.js:13335:52)
[ 1726010ms] Error: Internal Next.js error: Router action dispatched before initialization.
    at dispatchAppRouterAction (http://localhost:3000/_next/static/chunks/node_modules_next_dist_client_0fhqo1d._.js:916:37)
    at http://localhost:3000/_next/static/chunks/node_modules_next_dist_client_0fhqo1d._.js:11800:61
    at startTransition (http://localhost:3000/_next/static/chunks/node_modules_next_dist_compiled_0rpq4pf._.js:1279:31)
    at Object.hmrRefresh (http://localhost:3000/_next/static/chunks/node_modules_next_dist_client_0fhqo1d._.js:11799:40)
    at processMessage (http://localhost:3000/_next/static/chunks/node_modules_next_dist_client_0fhqo1d._.js:13990:67)
    at WebSocket.handleMessage (http://localhost:3000/_next/static/chunks/node_modules_next_dist_client_0fhqo1d._.js:13335:52)
[ 1726018ms] Error: Internal Next.js error: Router action dispatched before initialization.
    at dispatchAppRouterAction (http://localhost:3000/_next/static/chunks/node_modules_next_dist_client_0fhqo1d._.js:916:37)
    at http://localhost:3000/_next/static/chunks/node_modules_next_dist_client_0fhqo1d._.js:11800:61
    at startTransition (http://localhost:3000/_next/static/chunks/node_modules_next_dist_compiled_0rpq4pf._.js:1279:31)
    at Object.hmrRefresh (http://localhost:3000/_next/static/chunks/node_modules_next_dist_client_0fhqo1d._.js:11799:40)
    at processMessage (http://localhost:3000/_next/static/chunks/node_modules_next_dist_client_0fhqo1d._.js:13990:67)
    at WebSocket.handleMessage (http://localhost:3000/_next/static/chunks/node_modules_next_dist_client_0fhqo1d._.js:13335:52)
[ 1726020ms] Error: Internal Next.js error: Router action dispatched before initialization.
    at dispatchAppRouterAction (http://localhost:3000/_next/static/chunks/node_modules_next_dist_client_0fhqo1d._.js:916:37)
    at http://localhost:3000/_next/static/chunks/node_modules_next_dist_client_0fhqo1d._.js:11800:61
    at startTransition (http://localhost:3000/_next/static/chunks/node_modules_next_dist_compiled_0rpq4pf._.js:1279:31)
    at Object.hmrRefresh (http://localhost:3000/_next/static/chunks/node_modules_next_dist_client_0fhqo1d._.js:11799:40)
    at processMessage (http://localhost:3000/_next/static/chunks/node_modules_next_dist_client_0fhqo1d._.js:13990:67)
    at WebSocket.handleMessage (http://localhost:3000/_next/static/chunks/node_modules_next_dist_client_0fhqo1d._.js:13335:52)
[ 1726024ms] Error: Internal Next.js error: Router action dispatched before initialization.
    at dispatchAppRouterAction (http://localhost:3000/_next/static/chunks/node_modules_next_dist_client_0fhqo1d._.js:916:37)
    at http://localhost:3000/_next/static/chunks/node_modules_next_dist_client_0fhqo1d._.js:11800:61
    at startTransition (http://localhost:3000/_next/static/chunks/node_modules_next_dist_compiled_0rpq4pf._.js:1279:31)
    at Object.hmrRefresh (http://localhost:3000/_next/static/chunks/node_modules_next_dist_client_0fhqo1d._.js:11799:40)
    at processMessage (http://localhost:3000/_next/static/chunks/node_modules_next_dist_client_0fhqo1d._.js:13990:67)
    at WebSocket.handleMessage (http://localhost:3000/_next/static/chunks/node_modules_next_dist_client_0fhqo1d._.js:13335:52)
[ 1726032ms] Error: Internal Next.js error: Router action dispatched before initialization.
    at dispatchAppRouterAction (http://localhost:3000/_next/static/chunks/node_modules_next_dist_client_0fhqo1d._.js:916:37)
    at http://localhost:3000/_next/static/chunks/node_modules_next_dist_client_0fhqo1d._.js:11800:61
    at startTransition (http://localhost:3000/_next/static/chunks/node_modules_next_dist_compiled_0rpq4pf._.js:1279:31)
    at Object.hmrRefresh (http://localhost:3000/_next/static/chunks/node_modules_next_dist_client_0fhqo1d._.js:11799:40)
    at processMessage (http://localhost:3000/_next/static/chunks/node_modules_next_dist_client_0fhqo1d._.js:13990:67)
    at WebSocket.handleMessage (http://localhost:3000/_next/static/chunks/node_modules_next_dist_client_0fhqo1d._.js:13335:52)
[ 1726035ms] Error: Internal Next.js error: Router action dispatched before initialization.
    at dispatchAppRouterAction (http://localhost:3000/_next/static/chunks/node_modules_next_dist_client_0fhqo1d._.js:916:37)
    at http://localhost:3000/_next/static/chunks/node_modules_next_dist_client_0fhqo1d._.js:11800:61
    at startTransition (http://localhost:3000/_next/static/chunks/node_modules_next_dist_compiled_0rpq4pf._.js:1279:31)
    at Object.hmrRefresh (http://localhost:3000/_next/static/chunks/node_modules_next_dist_client_0fhqo1d._.js:11799:40)
    at processMessage (http://localhost:3000/_next/static/chunks/node_modules_next_dist_client_0fhqo1d._.js:13990:67)
    at WebSocket.handleMessage (http://localhost:3000/_next/static/chunks/node_modules_next_dist_client_0fhqo1d._.js:13335:52)
[ 1726038ms] Error: Internal Next.js error: Router action dispatched before initialization.
    at dispatchAppRouterAction (http://localhost:3000/_next/static/chunks/node_modules_next_dist_client_0fhqo1d._.js:916:37)
    at http://localhost:3000/_next/static/chunks/node_modules_next_dist_client_0fhqo1d._.js:11800:61
    at startTransition (http://localhost:3000/_next/static/chunks/node_modules_next_dist_compiled_0rpq4pf._.js:1279:31)
    at Object.hmrRefresh (http://localhost:3000/_next/static/chunks/node_modules_next_dist_client_0fhqo1d._.js:11799:40)
    at processMessage (http://localhost:3000/_next/static/chunks/node_modules_next_dist_client_0fhqo1d._.js:13990:67)
    at WebSocket.handleMessage (http://localhost:3000/_next/static/chunks/node_modules_next_dist_client_0fhqo1d._.js:13335:52)
[ 1726039ms] Error: Internal Next.js error: Router action dispatched before initialization.
    at dispatchAppRouterAction (http://localhost:3000/_next/static/chunks/node_modules_next_dist_client_0fhqo1d._.js:916:37)
    at http://localhost:3000/_next/static/chunks/node_modules_next_dist_client_0fhqo1d._.js:11800:61
    at startTransition (http://localhost:3000/_next/static/chunks/node_modules_next_dist_compiled_0rpq4pf._.js:1279:31)
    at Object.hmrRefresh (http://localhost:3000/_next/static/chunks/node_modules_next_dist_client_0fhqo1d._.js:11799:40)
    at processMessage (http://localhost:3000/_next/static/chunks/node_modules_next_dist_client_0fhqo1d._.js:13990:67)
    at WebSocket.handleMessage (http://localhost:3000/_next/static/chunks/node_modules_next_dist_client_0fhqo1d._.js:13335:52)
[ 1726040ms] Error: Internal Next.js error: Router action dispatched before initialization.
    at dispatchAppRouterAction (http://localhost:3000/_next/static/chunks/node_modules_next_dist_client_0fhqo1d._.js:916:37)
    at http://localhost:3000/_next/static/chunks/node_modules_next_dist_client_0fhqo1d._.js:11800:61
    at startTransition (http://localhost:3000/_next/static/chunks/node_modules_next_dist_compiled_0rpq4pf._.js:1279:31)
    at Object.hmrRefresh (http://localhost:3000/_next/static/chunks/node_modules_next_dist_client_0fhqo1d._.js:11799:40)
    at processMessage (http://localhost:3000/_next/static/chunks/node_modules_next_dist_client_0fhqo1d._.js:13990:67)
    at WebSocket.handleMessage (http://localhost:3000/_next/static/chunks/node_modules_next_dist_client_0fhqo1d._.js:13335:52)
[ 1726042ms] Error: Internal Next.js error: Router action dispatched before initialization.
    at dispatchAppRouterAction (http://localhost:3000/_next/static/chunks/node_modules_next_dist_client_0fhqo1d._.js:916:37)
    at http://localhost:3000/_next/static/chunks/node_modules_next_dist_client_0fhqo1d._.js:11800:61
    at startTransition (http://localhost:3000/_next/static/chunks/node_modules_next_dist_compiled_0rpq4pf._.js:1279:31)
    at Object.hmrRefresh (http://localhost:3000/_next/static/chunks/node_modules_next_dist_client_0fhqo1d._.js:11799:40)
    at processMessage (http://localhost:3000/_next/static/chunks/node_modules_next_dist_client_0fhqo1d._.js:13990:67)
    at WebSocket.handleMessage (http://localhost:3000/_next/static/chunks/node_modules_next_dist_client_0fhqo1d._.js:13335:52)
[ 1726043ms] Error: Internal Next.js error: Router action dispatched before initialization.
    at dispatchAppRouterAction (http://localhost:3000/_next/static/chunks/node_modules_next_dist_client_0fhqo1d._.js:916:37)
    at http://localhost:3000/_next/static/chunks/node_modules_next_dist_client_0fhqo1d._.js:11800:61
    at startTransition (http://localhost:3000/_next/static/chunks/node_modules_next_dist_compiled_0rpq4pf._.js:1279:31)
    at Object.hmrRefresh (http://localhost:3000/_next/static/chunks/node_modules_next_dist_client_0fhqo1d._.js:11799:40)
    at processMessage (http://localhost:3000/_next/static/chunks/node_modules_next_dist_client_0fhqo1d._.js:13990:67)
    at WebSocket.handleMessage (http://localhost:3000/_next/static/chunks/node_modules_next_dist_client_0fhqo1d._.js:13335:52)
[ 1726044ms] Error: Internal Next.js error: Router action dispatched before initialization.
    at dispatchAppRouterAction (http://localhost:3000/_next/static/chunks/node_modules_next_dist_client_0fhqo1d._.js:916:37)
    at http://localhost:3000/_next/static/chunks/node_modules_next_dist_client_0fhqo1d._.js:11800:61
    at startTransition (http://localhost:3000/_next/static/chunks/node_modules_next_dist_compiled_0rpq4pf._.js:1279:31)
    at Object.hmrRefresh (http://localhost:3000/_next/static/chunks/node_modules_next_dist_client_0fhqo1d._.js:11799:40)
    at processMessage (http://localhost:3000/_next/static/chunks/node_modules_next_dist_client_0fhqo1d._.js:13990:67)
    at WebSocket.handleMessage (http://localhost:3000/_next/static/chunks/node_modules_next_dist_client_0fhqo1d._.js:13335:52)
[ 1726048ms] Error: Internal Next.js error: Router action dispatched before initialization.
    at dispatchAppRouterAction (http://localhost:3000/_next/static/chunks/node_modules_next_dist_client_0fhqo1d._.js:916:37)
    at http://localhost:3000/_next/static/chunks/node_modules_next_dist_client_0fhqo1d._.js:11800:61
    at startTransition (http://localhost:3000/_next/static/chunks/node_modules_next_dist_compiled_0rpq4pf._.js:1279:31)
    at Object.hmrRefresh (http://localhost:3000/_next/static/chunks/node_modules_next_dist_client_0fhqo1d._.js:11799:40)
    at processMessage (http://localhost:3000/_next/static/chunks/node_modules_next_dist_client_0fhqo1d._.js:13990:67)
    at WebSocket.handleMessage (http://localhost:3000/_next/static/chunks/node_modules_next_dist_client_0fhqo1d._.js:13335:52)
[ 1726049ms] Error: Internal Next.js error: Router action dispatched before initialization.
    at dispatchAppRouterAction (http://localhost:3000/_next/static/chunks/node_modules_next_dist_client_0fhqo1d._.js:916:37)
    at http://localhost:3000/_next/static/chunks/node_modules_next_dist_client_0fhqo1d._.js:11800:61
    at startTransition (http://localhost:3000/_next/static/chunks/node_modules_next_dist_compiled_0rpq4pf._.js:1279:31)
    at Object.hmrRefresh (http://localhost:3000/_next/static/chunks/node_modules_next_dist_client_0fhqo1d._.js:11799:40)
    at processMessage (http://localhost:3000/_next/static/chunks/node_modules_next_dist_client_0fhqo1d._.js:13990:67)
    at WebSocket.handleMessage (http://localhost:3000/_next/static/chunks/node_modules_next_dist_client_0fhqo1d._.js:13335:52)
[ 1726050ms] Error: Internal Next.js error: Router action dispatched before initialization.
    at dispatchAppRouterAction (http://localhost:3000/_next/static/chunks/node_modules_next_dist_client_0fhqo1d._.js:916:37)
    at http://localhost:3000/_next/static/chunks/node_modules_next_dist_client_0fhqo1d._.js:11800:61
    at startTransition (http://localhost:3000/_next/static/chunks/node_modules_next_dist_compiled_0rpq4pf._.js:1279:31)
    at Object.hmrRefresh (http://localhost:3000/_next/static/chunks/node_modules_next_dist_client_0fhqo1d._.js:11799:40)
    at processMessage (http://localhost:3000/_next/static/chunks/node_modules_next_dist_client_0fhqo1d._.js:13990:67)
    at WebSocket.handleMessage (http://localhost:3000/_next/static/chunks/node_modules_next_dist_client_0fhqo1d._.js:13335:52)
[ 1726051ms] Error: Internal Next.js error: Router action dispatched before initialization.
    at dispatchAppRouterAction (http://localhost:3000/_next/static/chunks/node_modules_next_dist_client_0fhqo1d._.js:916:37)
    at http://localhost:3000/_next/static/chunks/node_modules_next_dist_client_0fhqo1d._.js:11800:61
    at startTransition (http://localhost:3000/_next/static/chunks/node_modules_next_dist_compiled_0rpq4pf._.js:1279:31)
    at Object.hmrRefresh (http://localhost:3000/_next/static/chunks/node_modules_next_dist_client_0fhqo1d._.js:11799:40)
    at processMessage (http://localhost:3000/_next/static/chunks/node_modules_next_dist_client_0fhqo1d._.js:13990:67)
    at WebSocket.handleMessage (http://localhost:3000/_next/static/chunks/node_modules_next_dist_client_0fhqo1d._.js:13335:52)
[ 1726052ms] Error: Internal Next.js error: Router action dispatched before initialization.
    at dispatchAppRouterAction (http://localhost:3000/_next/static/chunks/node_modules_next_dist_client_0fhqo1d._.js:916:37)
    at http://localhost:3000/_next/static/chunks/node_modules_next_dist_client_0fhqo1d._.js:11800:61
    at startTransition (http://localhost:3000/_next/static/chunks/node_modules_next_dist_compiled_0rpq4pf._.js:1279:31)
    at Object.hmrRefresh (http://localhost:3000/_next/static/chunks/node_modules_next_dist_client_0fhqo1d._.js:11799:40)
    at processMessage (http://localhost:3000/_next/static/chunks/node_modules_next_dist_client_0fhqo1d._.js:13990:67)
    at WebSocket.handleMessage (http://localhost:3000/_next/static/chunks/node_modules_next_dist_client_0fhqo1d._.js:13335:52)
[ 1726054ms] Error: Internal Next.js error: Router action dispatched before initialization.
    at dispatchAppRouterAction (http://localhost:3000/_next/static/chunks/node_modules_next_dist_client_0fhqo1d._.js:916:37)
    at http://localhost:3000/_next/static/chunks/node_modules_next_dist_client_0fhqo1d._.js:11800:61
    at startTransition (http://localhost:3000/_next/static/chunks/node_modules_next_dist_compiled_0rpq4pf._.js:1279:31)
    at Object.hmrRefresh (http://localhost:3000/_next/static/chunks/node_modules_next_dist_client_0fhqo1d._.js:11799:40)
    at processMessage (http://localhost:3000/_next/static/chunks/node_modules_next_dist_client_0fhqo1d._.js:13990:67)
    at WebSocket.handleMessage (http://localhost:3000/_next/static/chunks/node_modules_next_dist_client_0fhqo1d._.js:13335:52)
[ 1726054ms] Error: Internal Next.js error: Router action dispatched before initialization.
    at dispatchAppRouterAction (http://localhost:3000/_next/static/chunks/node_modules_next_dist_client_0fhqo1d._.js:916:37)
    at http://localhost:3000/_next/static/chunks/node_modules_next_dist_client_0fhqo1d._.js:11800:61
    at startTransition (http://localhost:3000/_next/static/chunks/node_modules_next_dist_compiled_0rpq4pf._.js:1279:31)
    at Object.hmrRefresh (http://localhost:3000/_next/static/chunks/node_modules_next_dist_client_0fhqo1d._.js:11799:40)
    at processMessage (http://localhost:3000/_next/static/chunks/node_modules_next_dist_client_0fhqo1d._.js:13990:67)
    at WebSocket.handleMessage (http://localhost:3000/_next/static/chunks/node_modules_next_dist_client_0fhqo1d._.js:13335:52)
[ 1726056ms] Error: Internal Next.js error: Router action dispatched before initialization.
    at dispatchAppRouterAction (http://localhost:3000/_next/static/chunks/node_modules_next_dist_client_0fhqo1d._.js:916:37)
    at http://localhost:3000/_next/static/chunks/node_modules_next_dist_client_0fhqo1d._.js:11800:61
    at startTransition (http://localhost:3000/_next/static/chunks/node_modules_next_dist_compiled_0rpq4pf._.js:1279:31)
    at Object.hmrRefresh (http://localhost:3000/_next/static/chunks/node_modules_next_dist_client_0fhqo1d._.js:11799:40)
    at processMessage (http://localhost:3000/_next/static/chunks/node_modules_next_dist_client_0fhqo1d._.js:13990:67)
    at WebSocket.handleMessage (http://localhost:3000/_next/static/chunks/node_modules_next_dist_client_0fhqo1d._.js:13335:52)
[ 1726057ms] Error: Internal Next.js error: Router action dispatched before initialization.
    at dispatchAppRouterAction (http://localhost:3000/_next/static/chunks/node_modules_next_dist_client_0fhqo1d._.js:916:37)
    at http://localhost:3000/_next/static/chunks/node_modules_next_dist_client_0fhqo1d._.js:11800:61
    at startTransition (http://localhost:3000/_next/static/chunks/node_modules_next_dist_compiled_0rpq4pf._.js:1279:31)
    at Object.hmrRefresh (http://localhost:3000/_next/static/chunks/node_modules_next_dist_client_0fhqo1d._.js:11799:40)
    at processMessage (http://localhost:3000/_next/static/chunks/node_modules_next_dist_client_0fhqo1d._.js:13990:67)
    at WebSocket.handleMessage (http://localhost:3000/_next/static/chunks/node_modules_next_dist_client_0fhqo1d._.js:13335:52)
[ 1726058ms] Error: Internal Next.js error: Router action dispatched before initialization.
    at dispatchAppRouterAction (http://localhost:3000/_next/static/chunks/node_modules_next_dist_client_0fhqo1d._.js:916:37)
    at http://localhost:3000/_next/static/chunks/node_modules_next_dist_client_0fhqo1d._.js:11800:61
    at startTransition (http://localhost:3000/_next/static/chunks/node_modules_next_dist_compiled_0rpq4pf._.js:1279:31)
    at Object.hmrRefresh (http://localhost:3000/_next/static/chunks/node_modules_next_dist_client_0fhqo1d._.js:11799:40)
    at processMessage (http://localhost:3000/_next/static/chunks/node_modules_next_dist_client_0fhqo1d._.js:13990:67)
    at WebSocket.handleMessage (http://localhost:3000/_next/static/chunks/node_modules_next_dist_client_0fhqo1d._.js:13335:52)
[ 1726059ms] Error: Internal Next.js error: Router action dispatched before initialization.
    at dispatchAppRouterAction (http://localhost:3000/_next/static/chunks/node_modules_next_dist_client_0fhqo1d._.js:916:37)
    at http://localhost:3000/_next/static/chunks/node_modules_next_dist_client_0fhqo1d._.js:11800:61
    at startTransition (http://localhost:3000/_next/static/chunks/node_modules_next_dist_compiled_0rpq4pf._.js:1279:31)
    at Object.hmrRefresh (http://localhost:3000/_next/static/chunks/node_modules_next_dist_client_0fhqo1d._.js:11799:40)
    at processMessage (http://localhost:3000/_next/static/chunks/node_modules_next_dist_client_0fhqo1d._.js:13990:67)
    at WebSocket.handleMessage (http://localhost:3000/_next/static/chunks/node_modules_next_dist_client_0fhqo1d._.js:13335:52)
[ 1726119ms] Error: Internal Next.js error: Router action dispatched before initialization.
    at dispatchAppRouterAction (http://localhost:3000/_next/static/chunks/node_modules_next_dist_client_0fhqo1d._.js:916:37)
    at http://localhost:3000/_next/static/chunks/node_modules_next_dist_client_0fhqo1d._.js:11800:61
    at startTransition (http://localhost:3000/_next/static/chunks/node_modules_next_dist_compiled_0rpq4pf._.js:1279:31)
    at Object.hmrRefresh (http://localhost:3000/_next/static/chunks/node_modules_next_dist_client_0fhqo1d._.js:11799:40)
    at processMessage (http://localhost:3000/_next/static/chunks/node_modules_next_dist_client_0fhqo1d._.js:13990:67)
    at WebSocket.handleMessage (http://localhost:3000/_next/static/chunks/node_modules_next_dist_client_0fhqo1d._.js:13335:52)
[ 1726138ms] Error: Internal Next.js error: Router action dispatched before initialization.
    at dispatchAppRouterAction (http://localhost:3000/_next/static/chunks/node_modules_next_dist_client_0fhqo1d._.js:916:37)
    at http://localhost:3000/_next/static/chunks/node_modules_next_dist_client_0fhqo1d._.js:11800:61
    at startTransition (http://localhost:3000/_next/static/chunks/node_modules_next_dist_compiled_0rpq4pf._.js:1279:31)
    at Object.hmrRefresh (http://localhost:3000/_next/static/chunks/node_modules_next_dist_client_0fhqo1d._.js:11799:40)
    at processMessage (http://localhost:3000/_next/static/chunks/node_modules_next_dist_client_0fhqo1d._.js:13990:67)
    at WebSocket.handleMessage (http://localhost:3000/_next/static/chunks/node_modules_next_dist_client_0fhqo1d._.js:13335:52)
[ 1726142ms] Error: Internal Next.js error: Router action dispatched before initialization.
    at dispatchAppRouterAction (http://localhost:3000/_next/static/chunks/node_modules_next_dist_client_0fhqo1d._.js:916:37)
    at http://localhost:3000/_next/static/chunks/node_modules_next_dist_client_0fhqo1d._.js:11800:61
    at startTransition (http://localhost:3000/_next/static/chunks/node_modules_next_dist_compiled_0rpq4pf._.js:1279:31)
    at Object.hmrRefresh (http://localhost:3000/_next/static/chunks/node_modules_next_dist_client_0fhqo1d._.js:11799:40)
    at processMessage (http://localhost:3000/_next/static/chunks/node_modules_next_dist_client_0fhqo1d._.js:13990:67)
    at WebSocket.handleMessage (http://localhost:3000/_next/static/chunks/node_modules_next_dist_client_0fhqo1d._.js:13335:52)
[ 1726143ms] Error: Internal Next.js error: Router action dispatched before initialization.
    at dispatchAppRouterAction (http://localhost:3000/_next/static/chunks/node_modules_next_dist_client_0fhqo1d._.js:916:37)
    at http://localhost:3000/_next/static/chunks/node_modules_next_dist_client_0fhqo1d._.js:11800:61
    at startTransition (http://localhost:3000/_next/static/chunks/node_modules_next_dist_compiled_0rpq4pf._.js:1279:31)
    at Object.hmrRefresh (http://localhost:3000/_next/static/chunks/node_modules_next_dist_client_0fhqo1d._.js:11799:40)
    at processMessage (http://localhost:3000/_next/static/chunks/node_modules_next_dist_client_0fhqo1d._.js:13990:67)
    at WebSocket.handleMessage (http://localhost:3000/_next/static/chunks/node_modules_next_dist_client_0fhqo1d._.js:13335:52)
[ 1726144ms] Error: Internal Next.js error: Router action dispatched before initialization.
    at dispatchAppRouterAction (http://localhost:3000/_next/static/chunks/node_modules_next_dist_client_0fhqo1d._.js:916:37)
    at http://localhost:3000/_next/static/chunks/node_modules_next_dist_client_0fhqo1d._.js:11800:61
    at startTransition (http://localhost:3000/_next/static/chunks/node_modules_next_dist_compiled_0rpq4pf._.js:1279:31)
    at Object.hmrRefresh (http://localhost:3000/_next/static/chunks/node_modules_next_dist_client_0fhqo1d._.js:11799:40)
    at processMessage (http://localhost:3000/_next/static/chunks/node_modules_next_dist_client_0fhqo1d._.js:13990:67)
    at WebSocket.handleMessage (http://localhost:3000/_next/static/chunks/node_modules_next_dist_client_0fhqo1d._.js:13335:52)
[ 1726150ms] Error: Internal Next.js error: Router action dispatched before initialization.
    at dispatchAppRouterAction (http://localhost:3000/_next/static/chunks/node_modules_next_dist_client_0fhqo1d._.js:916:37)
    at http://localhost:3000/_next/static/chunks/node_modules_next_dist_client_0fhqo1d._.js:11800:61
    at startTransition (http://localhost:3000/_next/static/chunks/node_modules_next_dist_compiled_0rpq4pf._.js:1279:31)
    at Object.hmrRefresh (http://localhost:3000/_next/static/chunks/node_modules_next_dist_client_0fhqo1d._.js:11799:40)
    at processMessage (http://localhost:3000/_next/static/chunks/node_modules_next_dist_client_0fhqo1d._.js:13990:67)
    at WebSocket.handleMessage (http://localhost:3000/_next/static/chunks/node_modules_next_dist_client_0fhqo1d._.js:13335:52)
[ 1726151ms] Error: Internal Next.js error: Router action dispatched before initialization.
    at dispatchAppRouterAction (http://localhost:3000/_next/static/chunks/node_modules_next_dist_client_0fhqo1d._.js:916:37)
    at http://localhost:3000/_next/static/chunks/node_modules_next_dist_client_0fhqo1d._.js:11800:61
    at startTransition (http://localhost:3000/_next/static/chunks/node_modules_next_dist_compiled_0rpq4pf._.js:1279:31)
    at Object.hmrRefresh (http://localhost:3000/_next/static/chunks/node_modules_next_dist_client_0fhqo1d._.js:11799:40)
    at processMessage (http://localhost:3000/_next/static/chunks/node_modules_next_dist_client_0fhqo1d._.js:13990:67)
    at WebSocket.handleMessage (http://localhost:3000/_next/static/chunks/node_modules_next_dist_client_0fhqo1d._.js:13335:52)
[ 1726152ms] Error: Internal Next.js error: Router action dispatched before initialization.
    at dispatchAppRouterAction (http://localhost:3000/_next/static/chunks/node_modules_next_dist_client_0fhqo1d._.js:916:37)
    at http://localhost:3000/_next/static/chunks/node_modules_next_dist_client_0fhqo1d._.js:11800:61
    at startTransition (http://localhost:3000/_next/static/chunks/node_modules_next_dist_compiled_0rpq4pf._.js:1279:31)
    at Object.hmrRefresh (http://localhost:3000/_next/static/chunks/node_modules_next_dist_client_0fhqo1d._.js:11799:40)
    at processMessage (http://localhost:3000/_next/static/chunks/node_modules_next_dist_client_0fhqo1d._.js:13990:67)
    at WebSocket.handleMessage (http://localhost:3000/_next/static/chunks/node_modules_next_dist_client_0fhqo1d._.js:13335:52)
[ 1726153ms] Error: Internal Next.js error: Router action dispatched before initialization.
    at dispatchAppRouterAction (http://localhost:3000/_next/static/chunks/node_modules_next_dist_client_0fhqo1d._.js:916:37)
    at http://localhost:3000/_next/static/chunks/node_modules_next_dist_client_0fhqo1d._.js:11800:61
    at startTransition (http://localhost:3000/_next/static/chunks/node_modules_next_dist_compiled_0rpq4pf._.js:1279:31)
    at Object.hmrRefresh (http://localhost:3000/_next/static/chunks/node_modules_next_dist_client_0fhqo1d._.js:11799:40)
    at processMessage (http://localhost:3000/_next/static/chunks/node_modules_next_dist_client_0fhqo1d._.js:13990:67)
    at WebSocket.handleMessage (http://localhost:3000/_next/static/chunks/node_modules_next_dist_client_0fhqo1d._.js:13335:52)
[ 1726155ms] Error: Internal Next.js error: Router action dispatched before initialization.
    at dispatchAppRouterAction (http://localhost:3000/_next/static/chunks/node_modules_next_dist_client_0fhqo1d._.js:916:37)
    at http://localhost:3000/_next/static/chunks/node_modules_next_dist_client_0fhqo1d._.js:11800:61
    at startTransition (http://localhost:3000/_next/static/chunks/node_modules_next_dist_compiled_0rpq4pf._.js:1279:31)
    at Object.hmrRefresh (http://localhost:3000/_next/static/chunks/node_modules_next_dist_client_0fhqo1d._.js:11799:40)
    at processMessage (http://localhost:3000/_next/static/chunks/node_modules_next_dist_client_0fhqo1d._.js:13990:67)
    at WebSocket.handleMessage (http://localhost:3000/_next/static/chunks/node_modules_next_dist_client_0fhqo1d._.js:13335:52)
[ 1726156ms] Error: Internal Next.js error: Router action dispatched before initialization.
    at dispatchAppRouterAction (http://localhost:3000/_next/static/chunks/node_modules_next_dist_client_0fhqo1d._.js:916:37)
    at http://localhost:3000/_next/static/chunks/node_modules_next_dist_client_0fhqo1d._.js:11800:61
    at startTransition (http://localhost:3000/_next/static/chunks/node_modules_next_dist_compiled_0rpq4pf._.js:1279:31)
    at Object.hmrRefresh (http://localhost:3000/_next/static/chunks/node_modules_next_dist_client_0fhqo1d._.js:11799:40)
    at processMessage (http://localhost:3000/_next/static/chunks/node_modules_next_dist_client_0fhqo1d._.js:13990:67)
    at WebSocket.handleMessage (http://localhost:3000/_next/static/chunks/node_modules_next_dist_client_0fhqo1d._.js:13335:52)
[ 1726157ms] Error: Internal Next.js error: Router action dispatched before initialization.
    at dispatchAppRouterAction (http://localhost:3000/_next/static/chunks/node_modules_next_dist_client_0fhqo1d._.js:916:37)
    at http://localhost:3000/_next/static/chunks/node_modules_next_dist_client_0fhqo1d._.js:11800:61
    at startTransition (http://localhost:3000/_next/static/chunks/node_modules_next_dist_compiled_0rpq4pf._.js:1279:31)
    at Object.hmrRefresh (http://localhost:3000/_next/static/chunks/node_modules_next_dist_client_0fhqo1d._.js:11799:40)
    at processMessage (http://localhost:3000/_next/static/chunks/node_modules_next_dist_client_0fhqo1d._.js:13990:67)
    at WebSocket.handleMessage (http://localhost:3000/_next/static/chunks/node_modules_next_dist_client_0fhqo1d._.js:13335:52)
[ 1726159ms] Error: Internal Next.js error: Router action dispatched before initialization.
    at dispatchAppRouterAction (http://localhost:3000/_next/static/chunks/node_modules_next_dist_client_0fhqo1d._.js:916:37)
    at http://localhost:3000/_next/static/chunks/node_modules_next_dist_client_0fhqo1d._.js:11800:61
    at startTransition (http://localhost:3000/_next/static/chunks/node_modules_next_dist_compiled_0rpq4pf._.js:1279:31)
    at Object.hmrRefresh (http://localhost:3000/_next/static/chunks/node_modules_next_dist_client_0fhqo1d._.js:11799:40)
    at processMessage (http://localhost:3000/_next/static/chunks/node_modules_next_dist_client_0fhqo1d._.js:13990:67)
    at WebSocket.handleMessage (http://localhost:3000/_next/static/chunks/node_modules_next_dist_client_0fhqo1d._.js:13335:52)
[ 1726160ms] Error: Internal Next.js error: Router action dispatched before initialization.
    at dispatchAppRouterAction (http://localhost:3000/_next/static/chunks/node_modules_next_dist_client_0fhqo1d._.js:916:37)
    at http://localhost:3000/_next/static/chunks/node_modules_next_dist_client_0fhqo1d._.js:11800:61
    at startTransition (http://localhost:3000/_next/static/chunks/node_modules_next_dist_compiled_0rpq4pf._.js:1279:31)
    at Object.hmrRefresh (http://localhost:3000/_next/static/chunks/node_modules_next_dist_client_0fhqo1d._.js:11799:40)
    at processMessage (http://localhost:3000/_next/static/chunks/node_modules_next_dist_client_0fhqo1d._.js:13990:67)
    at WebSocket.handleMessage (http://localhost:3000/_next/static/chunks/node_modules_next_dist_client_0fhqo1d._.js:13335:52)
[ 1726162ms] Error: Internal Next.js error: Router action dispatched before initialization.
    at dispatchAppRouterAction (http://localhost:3000/_next/static/chunks/node_modules_next_dist_client_0fhqo1d._.js:916:37)
    at http://localhost:3000/_next/static/chunks/node_modules_next_dist_client_0fhqo1d._.js:11800:61
    at startTransition (http://localhost:3000/_next/static/chunks/node_modules_next_dist_compiled_0rpq4pf._.js:1279:31)
    at Object.hmrRefresh (http://localhost:3000/_next/static/chunks/node_modules_next_dist_client_0fhqo1d._.js:11799:40)
    at processMessage (http://localhost:3000/_next/static/chunks/node_modules_next_dist_client_0fhqo1d._.js:13990:67)
    at WebSocket.handleMessage (http://localhost:3000/_next/static/chunks/node_modules_next_dist_client_0fhqo1d._.js:13335:52)
[ 1726165ms] Error: Internal Next.js error: Router action dispatched before initialization.
    at dispatchAppRouterAction (http://localhost:3000/_next/static/chunks/node_modules_next_dist_client_0fhqo1d._.js:916:37)
    at http://localhost:3000/_next/static/chunks/node_modules_next_dist_client_0fhqo1d._.js:11800:61
    at startTransition (http://localhost:3000/_next/static/chunks/node_modules_next_dist_compiled_0rpq4pf._.js:1279:31)
    at Object.hmrRefresh (http://localhost:3000/_next/static/chunks/node_modules_next_dist_client_0fhqo1d._.js:11799:40)
    at processMessage (http://localhost:3000/_next/static/chunks/node_modules_next_dist_client_0fhqo1d._.js:13990:67)
    at WebSocket.handleMessage (http://localhost:3000/_next/static/chunks/node_modules_next_dist_client_0fhqo1d._.js:13335:52)
[ 1726167ms] Error: Internal Next.js error: Router action dispatched before initialization.
    at dispatchAppRouterAction (http://localhost:3000/_next/static/chunks/node_modules_next_dist_client_0fhqo1d._.js:916:37)
    at http://localhost:3000/_next/static/chunks/node_modules_next_dist_client_0fhqo1d._.js:11800:61
    at startTransition (http://localhost:3000/_next/static/chunks/node_modules_next_dist_compiled_0rpq4pf._.js:1279:31)
    at Object.hmrRefresh (http://localhost:3000/_next/static/chunks/node_modules_next_dist_client_0fhqo1d._.js:11799:40)
    at processMessage (http://localhost:3000/_next/static/chunks/node_modules_next_dist_client_0fhqo1d._.js:13990:67)
    at WebSocket.handleMessage (http://localhost:3000/_next/static/chunks/node_modules_next_dist_client_0fhqo1d._.js:13335:52)
[ 1726168ms] Error: Internal Next.js error: Router action dispatched before initialization.
    at dispatchAppRouterAction (http://localhost:3000/_next/static/chunks/node_modules_next_dist_client_0fhqo1d._.js:916:37)
    at http://localhost:3000/_next/static/chunks/node_modules_next_dist_client_0fhqo1d._.js:11800:61
    at startTransition (http://localhost:3000/_next/static/chunks/node_modules_next_dist_compiled_0rpq4pf._.js:1279:31)
    at Object.hmrRefresh (http://localhost:3000/_next/static/chunks/node_modules_next_dist_client_0fhqo1d._.js:11799:40)
    at processMessage (http://localhost:3000/_next/static/chunks/node_modules_next_dist_client_0fhqo1d._.js:13990:67)
    at WebSocket.handleMessage (http://localhost:3000/_next/static/chunks/node_modules_next_dist_client_0fhqo1d._.js:13335:52)
[ 1726169ms] Error: Internal Next.js error: Router action dispatched before initialization.
    at dispatchAppRouterAction (http://localhost:3000/_next/static/chunks/node_modules_next_dist_client_0fhqo1d._.js:916:37)
    at http://localhost:3000/_next/static/chunks/node_modules_next_dist_client_0fhqo1d._.js:11800:61
    at startTransition (http://localhost:3000/_next/static/chunks/node_modules_next_dist_compiled_0rpq4pf._.js:1279:31)
    at Object.hmrRefresh (http://localhost:3000/_next/static/chunks/node_modules_next_dist_client_0fhqo1d._.js:11799:40)
    at processMessage (http://localhost:3000/_next/static/chunks/node_modules_next_dist_client_0fhqo1d._.js:13990:67)
    at WebSocket.handleMessage (http://localhost:3000/_next/static/chunks/node_modules_next_dist_client_0fhqo1d._.js:13335:52)
[ 1726170ms] Error: Internal Next.js error: Router action dispatched before initialization.
    at dispatchAppRouterAction (http://localhost:3000/_next/static/chunks/node_modules_next_dist_client_0fhqo1d._.js:916:37)
    at http://localhost:3000/_next/static/chunks/node_modules_next_dist_client_0fhqo1d._.js:11800:61
    at startTransition (http://localhost:3000/_next/static/chunks/node_modules_next_dist_compiled_0rpq4pf._.js:1279:31)
    at Object.hmrRefresh (http://localhost:3000/_next/static/chunks/node_modules_next_dist_client_0fhqo1d._.js:11799:40)
    at processMessage (http://localhost:3000/_next/static/chunks/node_modules_next_dist_client_0fhqo1d._.js:13990:67)
    at WebSocket.handleMessage (http://localhost:3000/_next/static/chunks/node_modules_next_dist_client_0fhqo1d._.js:13335:52)
[ 1726171ms] Error: Internal Next.js error: Router action dispatched before initialization.
    at dispatchAppRouterAction (http://localhost:3000/_next/static/chunks/node_modules_next_dist_client_0fhqo1d._.js:916:37)
    at http://localhost:3000/_next/static/chunks/node_modules_next_dist_client_0fhqo1d._.js:11800:61
    at startTransition (http://localhost:3000/_next/static/chunks/node_modules_next_dist_compiled_0rpq4pf._.js:1279:31)
    at Object.hmrRefresh (http://localhost:3000/_next/static/chunks/node_modules_next_dist_client_0fhqo1d._.js:11799:40)
    at processMessage (http://localhost:3000/_next/static/chunks/node_modules_next_dist_client_0fhqo1d._.js:13990:67)
    at WebSocket.handleMessage (http://localhost:3000/_next/static/chunks/node_modules_next_dist_client_0fhqo1d._.js:13335:52)
[ 1726173ms] Error: Internal Next.js error: Router action dispatched before initialization.
    at dispatchAppRouterAction (http://localhost:3000/_next/static/chunks/node_modules_next_dist_client_0fhqo1d._.js:916:37)
    at http://localhost:3000/_next/static/chunks/node_modules_next_dist_client_0fhqo1d._.js:11800:61
    at startTransition (http://localhost:3000/_next/static/chunks/node_modules_next_dist_compiled_0rpq4pf._.js:1279:31)
    at Object.hmrRefresh (http://localhost:3000/_next/static/chunks/node_modules_next_dist_client_0fhqo1d._.js:11799:40)
    at processMessage (http://localhost:3000/_next/static/chunks/node_modules_next_dist_client_0fhqo1d._.js:13990:67)
    at WebSocket.handleMessage (http://localhost:3000/_next/static/chunks/node_modules_next_dist_client_0fhqo1d._.js:13335:52)
[ 1726174ms] Error: Internal Next.js error: Router action dispatched before initialization.
    at dispatchAppRouterAction (http://localhost:3000/_next/static/chunks/node_modules_next_dist_client_0fhqo1d._.js:916:37)
    at http://localhost:3000/_next/static/chunks/node_modules_next_dist_client_0fhqo1d._.js:11800:61
    at startTransition (http://localhost:3000/_next/static/chunks/node_modules_next_dist_compiled_0rpq4pf._.js:1279:31)
    at Object.hmrRefresh (http://localhost:3000/_next/static/chunks/node_modules_next_dist_client_0fhqo1d._.js:11799:40)
    at processMessage (http://localhost:3000/_next/static/chunks/node_modules_next_dist_client_0fhqo1d._.js:13990:67)
    at WebSocket.handleMessage (http://localhost:3000/_next/static/chunks/node_modules_next_dist_client_0fhqo1d._.js:13335:52)
[ 1726175ms] Error: Internal Next.js error: Router action dispatched before initialization.
    at dispatchAppRouterAction (http://localhost:3000/_next/static/chunks/node_modules_next_dist_client_0fhqo1d._.js:916:37)
    at http://localhost:3000/_next/static/chunks/node_modules_next_dist_client_0fhqo1d._.js:11800:61
    at startTransition (http://localhost:3000/_next/static/chunks/node_modules_next_dist_compiled_0rpq4pf._.js:1279:31)
    at Object.hmrRefresh (http://localhost:3000/_next/static/chunks/node_modules_next_dist_client_0fhqo1d._.js:11799:40)
    at processMessage (http://localhost:3000/_next/static/chunks/node_modules_next_dist_client_0fhqo1d._.js:13990:67)
    at WebSocket.handleMessage (http://localhost:3000/_next/static/chunks/node_modules_next_dist_client_0fhqo1d._.js:13335:52)
[ 1726175ms] Error: Internal Next.js error: Router action dispatched before initialization.
    at dispatchAppRouterAction (http://localhost:3000/_next/static/chunks/node_modules_next_dist_client_0fhqo1d._.js:916:37)
    at http://localhost:3000/_next/static/chunks/node_modules_next_dist_client_0fhqo1d._.js:11800:61
    at startTransition (http://localhost:3000/_next/static/chunks/node_modules_next_dist_compiled_0rpq4pf._.js:1279:31)
    at Object.hmrRefresh (http://localhost:3000/_next/static/chunks/node_modules_next_dist_client_0fhqo1d._.js:11799:40)
    at processMessage (http://localhost:3000/_next/static/chunks/node_modules_next_dist_client_0fhqo1d._.js:13990:67)
    at WebSocket.handleMessage (http://localhost:3000/_next/static/chunks/node_modules_next_dist_client_0fhqo1d._.js:13335:52)
[ 1726176ms] Error: Internal Next.js error: Router action dispatched before initialization.
    at dispatchAppRouterAction (http://localhost:3000/_next/static/chunks/node_modules_next_dist_client_0fhqo1d._.js:916:37)
    at http://localhost:3000/_next/static/chunks/node_modules_next_dist_client_0fhqo1d._.js:11800:61
    at startTransition (http://localhost:3000/_next/static/chunks/node_modules_next_dist_compiled_0rpq4pf._.js:1279:31)
    at Object.hmrRefresh (http://localhost:3000/_next/static/chunks/node_modules_next_dist_client_0fhqo1d._.js:11799:40)
    at processMessage (http://localhost:3000/_next/static/chunks/node_modules_next_dist_client_0fhqo1d._.js:13990:67)
    at WebSocket.handleMessage (http://localhost:3000/_next/static/chunks/node_modules_next_dist_client_0fhqo1d._.js:13335:52)
[ 1726179ms] Error: Internal Next.js error: Router action dispatched before initialization.
    at dispatchAppRouterAction (http://localhost:3000/_next/static/chunks/node_modules_next_dist_client_0fhqo1d._.js:916:37)
    at http://localhost:3000/_next/static/chunks/node_modules_next_dist_client_0fhqo1d._.js:11800:61
    at startTransition (http://localhost:3000/_next/static/chunks/node_modules_next_dist_compiled_0rpq4pf._.js:1279:31)
    at Object.hmrRefresh (http://localhost:3000/_next/static/chunks/node_modules_next_dist_client_0fhqo1d._.js:11799:40)
    at processMessage (http://localhost:3000/_next/static/chunks/node_modules_next_dist_client_0fhqo1d._.js:13990:67)
    at WebSocket.handleMessage (http://localhost:3000/_next/static/chunks/node_modules_next_dist_client_0fhqo1d._.js:13335:52)
[ 1726180ms] Error: Internal Next.js error: Router action dispatched before initialization.
    at dispatchAppRouterAction (http://localhost:3000/_next/static/chunks/node_modules_next_dist_client_0fhqo1d._.js:916:37)
    at http://localhost:3000/_next/static/chunks/node_modules_next_dist_client_0fhqo1d._.js:11800:61
    at startTransition (http://localhost:3000/_next/static/chunks/node_modules_next_dist_compiled_0rpq4pf._.js:1279:31)
    at Object.hmrRefresh (http://localhost:3000/_next/static/chunks/node_modules_next_dist_client_0fhqo1d._.js:11799:40)
    at processMessage (http://localhost:3000/_next/static/chunks/node_modules_next_dist_client_0fhqo1d._.js:13990:67)
    at WebSocket.handleMessage (http://localhost:3000/_next/static/chunks/node_modules_next_dist_client_0fhqo1d._.js:13335:52)
[ 1726202ms] Error: Internal Next.js error: Router action dispatched before initialization.
    at dispatchAppRouterAction (http://localhost:3000/_next/static/chunks/node_modules_next_dist_client_0fhqo1d._.js:916:37)
    at http://localhost:3000/_next/static/chunks/node_modules_next_dist_client_0fhqo1d._.js:11800:61
    at startTransition (http://localhost:3000/_next/static/chunks/node_modules_next_dist_compiled_0rpq4pf._.js:1279:31)
    at Object.hmrRefresh (http://localhost:3000/_next/static/chunks/node_modules_next_dist_client_0fhqo1d._.js:11799:40)
    at processMessage (http://localhost:3000/_next/static/chunks/node_modules_next_dist_client_0fhqo1d._.js:13990:67)
    at WebSocket.handleMessage (http://localhost:3000/_next/static/chunks/node_modules_next_dist_client_0fhqo1d._.js:13335:52)
[ 1726205ms] Error: Internal Next.js error: Router action dispatched before initialization.
    at dispatchAppRouterAction (http://localhost:3000/_next/static/chunks/node_modules_next_dist_client_0fhqo1d._.js:916:37)
    at http://localhost:3000/_next/static/chunks/node_modules_next_dist_client_0fhqo1d._.js:11800:61
    at startTransition (http://localhost:3000/_next/static/chunks/node_modules_next_dist_compiled_0rpq4pf._.js:1279:31)
    at Object.hmrRefresh (http://localhost:3000/_next/static/chunks/node_modules_next_dist_client_0fhqo1d._.js:11799:40)
    at processMessage (http://localhost:3000/_next/static/chunks/node_modules_next_dist_client_0fhqo1d._.js:13990:67)
    at WebSocket.handleMessage (http://localhost:3000/_next/static/chunks/node_modules_next_dist_client_0fhqo1d._.js:13335:52)
[ 1726207ms] Error: Internal Next.js error: Router action dispatched before initialization.
    at dispatchAppRouterAction (http://localhost:3000/_next/static/chunks/node_modules_next_dist_client_0fhqo1d._.js:916:37)
    at http://localhost:3000/_next/static/chunks/node_modules_next_dist_client_0fhqo1d._.js:11800:61
    at startTransition (http://localhost:3000/_next/static/chunks/node_modules_next_dist_compiled_0rpq4pf._.js:1279:31)
    at Object.hmrRefresh (http://localhost:3000/_next/static/chunks/node_modules_next_dist_client_0fhqo1d._.js:11799:40)
    at processMessage (http://localhost:3000/_next/static/chunks/node_modules_next_dist_client_0fhqo1d._.js:13990:67)
    at WebSocket.handleMessage (http://localhost:3000/_next/static/chunks/node_modules_next_dist_client_0fhqo1d._.js:13335:52)
[ 1726210ms] Error: Internal Next.js error: Router action dispatched before initialization.
    at dispatchAppRouterAction (http://localhost:3000/_next/static/chunks/node_modules_next_dist_client_0fhqo1d._.js:916:37)
    at http://localhost:3000/_next/static/chunks/node_modules_next_dist_client_0fhqo1d._.js:11800:61
    at startTransition (http://localhost:3000/_next/static/chunks/node_modules_next_dist_compiled_0rpq4pf._.js:1279:31)
    at Object.hmrRefresh (http://localhost:3000/_next/static/chunks/node_modules_next_dist_client_0fhqo1d._.js:11799:40)
    at processMessage (http://localhost:3000/_next/static/chunks/node_modules_next_dist_client_0fhqo1d._.js:13990:67)
    at WebSocket.handleMessage (http://localhost:3000/_next/static/chunks/node_modules_next_dist_client_0fhqo1d._.js:13335:52)
[ 1726212ms] Error: Internal Next.js error: Router action dispatched before initialization.
    at dispatchAppRouterAction (http://localhost:3000/_next/static/chunks/node_modules_next_dist_client_0fhqo1d._.js:916:37)
    at http://localhost:3000/_next/static/chunks/node_modules_next_dist_client_0fhqo1d._.js:11800:61
    at startTransition (http://localhost:3000/_next/static/chunks/node_modules_next_dist_compiled_0rpq4pf._.js:1279:31)
    at Object.hmrRefresh (http://localhost:3000/_next/static/chunks/node_modules_next_dist_client_0fhqo1d._.js:11799:40)
    at processMessage (http://localhost:3000/_next/static/chunks/node_modules_next_dist_client_0fhqo1d._.js:13990:67)
    at WebSocket.handleMessage (http://localhost:3000/_next/static/chunks/node_modules_next_dist_client_0fhqo1d._.js:13335:52)
[ 1726214ms] Error: Internal Next.js error: Router action dispatched before initialization.
    at dispatchAppRouterAction (http://localhost:3000/_next/static/chunks/node_modules_next_dist_client_0fhqo1d._.js:916:37)
    at http://localhost:3000/_next/static/chunks/node_modules_next_dist_client_0fhqo1d._.js:11800:61
    at startTransition (http://localhost:3000/_next/static/chunks/node_modules_next_dist_compiled_0rpq4pf._.js:1279:31)
    at Object.hmrRefresh (http://localhost:3000/_next/static/chunks/node_modules_next_dist_client_0fhqo1d._.js:11799:40)
    at processMessage (http://localhost:3000/_next/static/chunks/node_modules_next_dist_client_0fhqo1d._.js:13990:67)
    at WebSocket.handleMessage (http://localhost:3000/_next/static/chunks/node_modules_next_dist_client_0fhqo1d._.js:13335:52)
[ 1726215ms] Error: Internal Next.js error: Router action dispatched before initialization.
    at dispatchAppRouterAction (http://localhost:3000/_next/static/chunks/node_modules_next_dist_client_0fhqo1d._.js:916:37)
    at http://localhost:3000/_next/static/chunks/node_modules_next_dist_client_0fhqo1d._.js:11800:61
    at startTransition (http://localhost:3000/_next/static/chunks/node_modules_next_dist_compiled_0rpq4pf._.js:1279:31)
    at Object.hmrRefresh (http://localhost:3000/_next/static/chunks/node_modules_next_dist_client_0fhqo1d._.js:11799:40)
    at processMessage (http://localhost:3000/_next/static/chunks/node_modules_next_dist_client_0fhqo1d._.js:13990:67)
    at WebSocket.handleMessage (http://localhost:3000/_next/static/chunks/node_modules_next_dist_client_0fhqo1d._.js:13335:52)
[ 1726218ms] Error: Internal Next.js error: Router action dispatched before initialization.
    at dispatchAppRouterAction (http://localhost:3000/_next/static/chunks/node_modules_next_dist_client_0fhqo1d._.js:916:37)
    at http://localhost:3000/_next/static/chunks/node_modules_next_dist_client_0fhqo1d._.js:11800:61
    at startTransition (http://localhost:3000/_next/static/chunks/node_modules_next_dist_compiled_0rpq4pf._.js:1279:31)
    at Object.hmrRefresh (http://localhost:3000/_next/static/chunks/node_modules_next_dist_client_0fhqo1d._.js:11799:40)
    at processMessage (http://localhost:3000/_next/static/chunks/node_modules_next_dist_client_0fhqo1d._.js:13990:67)
    at WebSocket.handleMessage (http://localhost:3000/_next/static/chunks/node_modules_next_dist_client_0fhqo1d._.js:13335:52)
[ 1726220ms] Error: Internal Next.js error: Router action dispatched before initialization.
    at dispatchAppRouterAction (http://localhost:3000/_next/static/chunks/node_modules_next_dist_client_0fhqo1d._.js:916:37)
    at http://localhost:3000/_next/static/chunks/node_modules_next_dist_client_0fhqo1d._.js:11800:61
    at startTransition (http://localhost:3000/_next/static/chunks/node_modules_next_dist_compiled_0rpq4pf._.js:1279:31)
    at Object.hmrRefresh (http://localhost:3000/_next/static/chunks/node_modules_next_dist_client_0fhqo1d._.js:11799:40)
    at processMessage (http://localhost:3000/_next/static/chunks/node_modules_next_dist_client_0fhqo1d._.js:13990:67)
    at WebSocket.handleMessage (http://localhost:3000/_next/static/chunks/node_modules_next_dist_client_0fhqo1d._.js:13335:52)
[ 1726222ms] Error: Internal Next.js error: Router action dispatched before initialization.
    at dispatchAppRouterAction (http://localhost:3000/_next/static/chunks/node_modules_next_dist_client_0fhqo1d._.js:916:37)
    at http://localhost:3000/_next/static/chunks/node_modules_next_dist_client_0fhqo1d._.js:11800:61
    at startTransition (http://localhost:3000/_next/static/chunks/node_modules_next_dist_compiled_0rpq4pf._.js:1279:31)
    at Object.hmrRefresh (http://localhost:3000/_next/static/chunks/node_modules_next_dist_client_0fhqo1d._.js:11799:40)
    at processMessage (http://localhost:3000/_next/static/chunks/node_modules_next_dist_client_0fhqo1d._.js:13990:67)
    at WebSocket.handleMessage (http://localhost:3000/_next/static/chunks/node_modules_next_dist_client_0fhqo1d._.js:13335:52)
[ 1726224ms] Error: Internal Next.js error: Router action dispatched before initialization.
    at dispatchAppRouterAction (http://localhost:3000/_next/static/chunks/node_modules_next_dist_client_0fhqo1d._.js:916:37)
    at http://localhost:3000/_next/static/chunks/node_modules_next_dist_client_0fhqo1d._.js:11800:61
    at startTransition (http://localhost:3000/_next/static/chunks/node_modules_next_dist_compiled_0rpq4pf._.js:1279:31)
    at Object.hmrRefresh (http://localhost:3000/_next/static/chunks/node_modules_next_dist_client_0fhqo1d._.js:11799:40)
    at processMessage (http://localhost:3000/_next/static/chunks/node_modules_next_dist_client_0fhqo1d._.js:13990:67)
    at WebSocket.handleMessage (http://localhost:3000/_next/static/chunks/node_modules_next_dist_client_0fhqo1d._.js:13335:52)
[ 1726226ms] Error: Internal Next.js error: Router action dispatched before initialization.
    at dispatchAppRouterAction (http://localhost:3000/_next/static/chunks/node_modules_next_dist_client_0fhqo1d._.js:916:37)
    at http://localhost:3000/_next/static/chunks/node_modules_next_dist_client_0fhqo1d._.js:11800:61
    at startTransition (http://localhost:3000/_next/static/chunks/node_modules_next_dist_compiled_0rpq4pf._.js:1279:31)
    at Object.hmrRefresh (http://localhost:3000/_next/static/chunks/node_modules_next_dist_client_0fhqo1d._.js:11799:40)
    at processMessage (http://localhost:3000/_next/static/chunks/node_modules_next_dist_client_0fhqo1d._.js:13990:67)
    at WebSocket.handleMessage (http://localhost:3000/_next/static/chunks/node_modules_next_dist_client_0fhqo1d._.js:13335:52)
[ 1726228ms] Error: Internal Next.js error: Router action dispatched before initialization.
    at dispatchAppRouterAction (http://localhost:3000/_next/static/chunks/node_modules_next_dist_client_0fhqo1d._.js:916:37)
    at http://localhost:3000/_next/static/chunks/node_modules_next_dist_client_0fhqo1d._.js:11800:61
    at startTransition (http://localhost:3000/_next/static/chunks/node_modules_next_dist_compiled_0rpq4pf._.js:1279:31)
    at Object.hmrRefresh (http://localhost:3000/_next/static/chunks/node_modules_next_dist_client_0fhqo1d._.js:11799:40)
    at processMessage (http://localhost:3000/_next/static/chunks/node_modules_next_dist_client_0fhqo1d._.js:13990:67)
    at WebSocket.handleMessage (http://localhost:3000/_next/static/chunks/node_modules_next_dist_client_0fhqo1d._.js:13335:52)
[ 1726231ms] Error: Internal Next.js error: Router action dispatched before initialization.
    at dispatchAppRouterAction (http://localhost:3000/_next/static/chunks/node_modules_next_dist_client_0fhqo1d._.js:916:37)
    at http://localhost:3000/_next/static/chunks/node_modules_next_dist_client_0fhqo1d._.js:11800:61
    at startTransition (http://localhost:3000/_next/static/chunks/node_modules_next_dist_compiled_0rpq4pf._.js:1279:31)
    at Object.hmrRefresh (http://localhost:3000/_next/static/chunks/node_modules_next_dist_client_0fhqo1d._.js:11799:40)
    at processMessage (http://localhost:3000/_next/static/chunks/node_modules_next_dist_client_0fhqo1d._.js:13990:67)
    at WebSocket.handleMessage (http://localhost:3000/_next/static/chunks/node_modules_next_dist_client_0fhqo1d._.js:13335:52)
[ 1726232ms] Error: Internal Next.js error: Router action dispatched before initialization.
    at dispatchAppRouterAction (http://localhost:3000/_next/static/chunks/node_modules_next_dist_client_0fhqo1d._.js:916:37)
    at http://localhost:3000/_next/static/chunks/node_modules_next_dist_client_0fhqo1d._.js:11800:61
    at startTransition (http://localhost:3000/_next/static/chunks/node_modules_next_dist_compiled_0rpq4pf._.js:1279:31)
    at Object.hmrRefresh (http://localhost:3000/_next/static/chunks/node_modules_next_dist_client_0fhqo1d._.js:11799:40)
    at processMessage (http://localhost:3000/_next/static/chunks/node_modules_next_dist_client_0fhqo1d._.js:13990:67)
    at WebSocket.handleMessage (http://localhost:3000/_next/static/chunks/node_modules_next_dist_client_0fhqo1d._.js:13335:52)
[ 1726233ms] Error: Internal Next.js error: Router action dispatched before initialization.
    at dispatchAppRouterAction (http://localhost:3000/_next/static/chunks/node_modules_next_dist_client_0fhqo1d._.js:916:37)
    at http://localhost:3000/_next/static/chunks/node_modules_next_dist_client_0fhqo1d._.js:11800:61
    at startTransition (http://localhost:3000/_next/static/chunks/node_modules_next_dist_compiled_0rpq4pf._.js:1279:31)
    at Object.hmrRefresh (http://localhost:3000/_next/static/chunks/node_modules_next_dist_client_0fhqo1d._.js:11799:40)
    at processMessage (http://localhost:3000/_next/static/chunks/node_modules_next_dist_client_0fhqo1d._.js:13990:67)
    at WebSocket.handleMessage (http://localhost:3000/_next/static/chunks/node_modules_next_dist_client_0fhqo1d._.js:13335:52)
[ 1726234ms] Error: Internal Next.js error: Router action dispatched before initialization.
    at dispatchAppRouterAction (http://localhost:3000/_next/static/chunks/node_modules_next_dist_client_0fhqo1d._.js:916:37)
    at http://localhost:3000/_next/static/chunks/node_modules_next_dist_client_0fhqo1d._.js:11800:61
    at startTransition (http://localhost:3000/_next/static/chunks/node_modules_next_dist_compiled_0rpq4pf._.js:1279:31)
    at Object.hmrRefresh (http://localhost:3000/_next/static/chunks/node_modules_next_dist_client_0fhqo1d._.js:11799:40)
    at processMessage (http://localhost:3000/_next/static/chunks/node_modules_next_dist_client_0fhqo1d._.js:13990:67)
    at WebSocket.handleMessage (http://localhost:3000/_next/static/chunks/node_modules_next_dist_client_0fhqo1d._.js:13335:52)
[ 1726235ms] Error: Internal Next.js error: Router action dispatched before initialization.
    at dispatchAppRouterAction (http://localhost:3000/_next/static/chunks/node_modules_next_dist_client_0fhqo1d._.js:916:37)
    at http://localhost:3000/_next/static/chunks/node_modules_next_dist_client_0fhqo1d._.js:11800:61
    at startTransition (http://localhost:3000/_next/static/chunks/node_modules_next_dist_compiled_0rpq4pf._.js:1279:31)
    at Object.hmrRefresh (http://localhost:3000/_next/static/chunks/node_modules_next_dist_client_0fhqo1d._.js:11799:40)
    at processMessage (http://localhost:3000/_next/static/chunks/node_modules_next_dist_client_0fhqo1d._.js:13990:67)
    at WebSocket.handleMessage (http://localhost:3000/_next/static/chunks/node_modules_next_dist_client_0fhqo1d._.js:13335:52)
[ 1726235ms] Error: Internal Next.js error: Router action dispatched before initialization.
    at dispatchAppRouterAction (http://localhost:3000/_next/static/chunks/node_modules_next_dist_client_0fhqo1d._.js:916:37)
    at http://localhost:3000/_next/static/chunks/node_modules_next_dist_client_0fhqo1d._.js:11800:61
    at startTransition (http://localhost:3000/_next/static/chunks/node_modules_next_dist_compiled_0rpq4pf._.js:1279:31)
    at Object.hmrRefresh (http://localhost:3000/_next/static/chunks/node_modules_next_dist_client_0fhqo1d._.js:11799:40)
    at processMessage (http://localhost:3000/_next/static/chunks/node_modules_next_dist_client_0fhqo1d._.js:13990:67)
    at WebSocket.handleMessage (http://localhost:3000/_next/static/chunks/node_modules_next_dist_client_0fhqo1d._.js:13335:52)
[ 1726236ms] Error: Internal Next.js error: Router action dispatched before initialization.
    at dispatchAppRouterAction (http://localhost:3000/_next/static/chunks/node_modules_next_dist_client_0fhqo1d._.js:916:37)
    at http://localhost:3000/_next/static/chunks/node_modules_next_dist_client_0fhqo1d._.js:11800:61
    at startTransition (http://localhost:3000/_next/static/chunks/node_modules_next_dist_compiled_0rpq4pf._.js:1279:31)
    at Object.hmrRefresh (http://localhost:3000/_next/static/chunks/node_modules_next_dist_client_0fhqo1d._.js:11799:40)
    at processMessage (http://localhost:3000/_next/static/chunks/node_modules_next_dist_client_0fhqo1d._.js:13990:67)
    at WebSocket.handleMessage (http://localhost:3000/_next/static/chunks/node_modules_next_dist_client_0fhqo1d._.js:13335:52)
[ 1726237ms] Error: Internal Next.js error: Router action dispatched before initialization.
    at dispatchAppRouterAction (http://localhost:3000/_next/static/chunks/node_modules_next_dist_client_0fhqo1d._.js:916:37)
    at http://localhost:3000/_next/static/chunks/node_modules_next_dist_client_0fhqo1d._.js:11800:61
    at startTransition (http://localhost:3000/_next/static/chunks/node_modules_next_dist_compiled_0rpq4pf._.js:1279:31)
    at Object.hmrRefresh (http://localhost:3000/_next/static/chunks/node_modules_next_dist_client_0fhqo1d._.js:11799:40)
    at processMessage (http://localhost:3000/_next/static/chunks/node_modules_next_dist_client_0fhqo1d._.js:13990:67)
    at WebSocket.handleMessage (http://localhost:3000/_next/static/chunks/node_modules_next_dist_client_0fhqo1d._.js:13335:52)
[ 1726238ms] Error: Internal Next.js error: Router action dispatched before initialization.
    at dispatchAppRouterAction (http://localhost:3000/_next/static/chunks/node_modules_next_dist_client_0fhqo1d._.js:916:37)
    at http://localhost:3000/_next/static/chunks/node_modules_next_dist_client_0fhqo1d._.js:11800:61
    at startTransition (http://localhost:3000/_next/static/chunks/node_modules_next_dist_compiled_0rpq4pf._.js:1279:31)
    at Object.hmrRefresh (http://localhost:3000/_next/static/chunks/node_modules_next_dist_client_0fhqo1d._.js:11799:40)
    at processMessage (http://localhost:3000/_next/static/chunks/node_modules_next_dist_client_0fhqo1d._.js:13990:67)
    at WebSocket.handleMessage (http://localhost:3000/_next/static/chunks/node_modules_next_dist_client_0fhqo1d._.js:13335:52)
[ 1726239ms] Error: Internal Next.js error: Router action dispatched before initialization.
    at dispatchAppRouterAction (http://localhost:3000/_next/static/chunks/node_modules_next_dist_client_0fhqo1d._.js:916:37)
    at http://localhost:3000/_next/static/chunks/node_modules_next_dist_client_0fhqo1d._.js:11800:61
    at startTransition (http://localhost:3000/_next/static/chunks/node_modules_next_dist_compiled_0rpq4pf._.js:1279:31)
    at Object.hmrRefresh (http://localhost:3000/_next/static/chunks/node_modules_next_dist_client_0fhqo1d._.js:11799:40)
    at processMessage (http://localhost:3000/_next/static/chunks/node_modules_next_dist_client_0fhqo1d._.js:13990:67)
    at WebSocket.handleMessage (http://localhost:3000/_next/static/chunks/node_modules_next_dist_client_0fhqo1d._.js:13335:52)
[ 1726240ms] Error: Internal Next.js error: Router action dispatched before initialization.
    at dispatchAppRouterAction (http://localhost:3000/_next/static/chunks/node_modules_next_dist_client_0fhqo1d._.js:916:37)
    at http://localhost:3000/_next/static/chunks/node_modules_next_dist_client_0fhqo1d._.js:11800:61
    at startTransition (http://localhost:3000/_next/static/chunks/node_modules_next_dist_compiled_0rpq4pf._.js:1279:31)
    at Object.hmrRefresh (http://localhost:3000/_next/static/chunks/node_modules_next_dist_client_0fhqo1d._.js:11799:40)
    at processMessage (http://localhost:3000/_next/static/chunks/node_modules_next_dist_client_0fhqo1d._.js:13990:67)
    at WebSocket.handleMessage (http://localhost:3000/_next/static/chunks/node_modules_next_dist_client_0fhqo1d._.js:13335:52)
[ 1726240ms] Error: Internal Next.js error: Router action dispatched before initialization.
    at dispatchAppRouterAction (http://localhost:3000/_next/static/chunks/node_modules_next_dist_client_0fhqo1d._.js:916:37)
    at http://localhost:3000/_next/static/chunks/node_modules_next_dist_client_0fhqo1d._.js:11800:61
    at startTransition (http://localhost:3000/_next/static/chunks/node_modules_next_dist_compiled_0rpq4pf._.js:1279:31)
    at Object.hmrRefresh (http://localhost:3000/_next/static/chunks/node_modules_next_dist_client_0fhqo1d._.js:11799:40)
    at processMessage (http://localhost:3000/_next/static/chunks/node_modules_next_dist_client_0fhqo1d._.js:13990:67)
    at WebSocket.handleMessage (http://localhost:3000/_next/static/chunks/node_modules_next_dist_client_0fhqo1d._.js:13335:52)
[ 1726241ms] Error: Internal Next.js error: Router action dispatched before initialization.
    at dispatchAppRouterAction (http://localhost:3000/_next/static/chunks/node_modules_next_dist_client_0fhqo1d._.js:916:37)
    at http://localhost:3000/_next/static/chunks/node_modules_next_dist_client_0fhqo1d._.js:11800:61
    at startTransition (http://localhost:3000/_next/static/chunks/node_modules_next_dist_compiled_0rpq4pf._.js:1279:31)
    at Object.hmrRefresh (http://localhost:3000/_next/static/chunks/node_modules_next_dist_client_0fhqo1d._.js:11799:40)
    at processMessage (http://localhost:3000/_next/static/chunks/node_modules_next_dist_client_0fhqo1d._.js:13990:67)
    at WebSocket.handleMessage (http://localhost:3000/_next/static/chunks/node_modules_next_dist_client_0fhqo1d._.js:13335:52)
[ 1726242ms] Error: Internal Next.js error: Router action dispatched before initialization.
    at dispatchAppRouterAction (http://localhost:3000/_next/static/chunks/node_modules_next_dist_client_0fhqo1d._.js:916:37)
    at http://localhost:3000/_next/static/chunks/node_modules_next_dist_client_0fhqo1d._.js:11800:61
    at startTransition (http://localhost:3000/_next/static/chunks/node_modules_next_dist_compiled_0rpq4pf._.js:1279:31)
    at Object.hmrRefresh (http://localhost:3000/_next/static/chunks/node_modules_next_dist_client_0fhqo1d._.js:11799:40)
    at processMessage (http://localhost:3000/_next/static/chunks/node_modules_next_dist_client_0fhqo1d._.js:13990:67)
    at WebSocket.handleMessage (http://localhost:3000/_next/static/chunks/node_modules_next_dist_client_0fhqo1d._.js:13335:52)
[ 1726243ms] Error: Internal Next.js error: Router action dispatched before initialization.
    at dispatchAppRouterAction (http://localhost:3000/_next/static/chunks/node_modules_next_dist_client_0fhqo1d._.js:916:37)
    at http://localhost:3000/_next/static/chunks/node_modules_next_dist_client_0fhqo1d._.js:11800:61
    at startTransition (http://localhost:3000/_next/static/chunks/node_modules_next_dist_compiled_0rpq4pf._.js:1279:31)
    at Object.hmrRefresh (http://localhost:3000/_next/static/chunks/node_modules_next_dist_client_0fhqo1d._.js:11799:40)
    at processMessage (http://localhost:3000/_next/static/chunks/node_modules_next_dist_client_0fhqo1d._.js:13990:67)
    at WebSocket.handleMessage (http://localhost:3000/_next/static/chunks/node_modules_next_dist_client_0fhqo1d._.js:13335:52)
[ 1726243ms] Error: Internal Next.js error: Router action dispatched before initialization.
    at dispatchAppRouterAction (http://localhost:3000/_next/static/chunks/node_modules_next_dist_client_0fhqo1d._.js:916:37)
    at http://localhost:3000/_next/static/chunks/node_modules_next_dist_client_0fhqo1d._.js:11800:61
    at startTransition (http://localhost:3000/_next/static/chunks/node_modules_next_dist_compiled_0rpq4pf._.js:1279:31)
    at Object.hmrRefresh (http://localhost:3000/_next/static/chunks/node_modules_next_dist_client_0fhqo1d._.js:11799:40)
    at processMessage (http://localhost:3000/_next/static/chunks/node_modules_next_dist_client_0fhqo1d._.js:13990:67)
    at WebSocket.handleMessage (http://localhost:3000/_next/static/chunks/node_modules_next_dist_client_0fhqo1d._.js:13335:52)
[ 1726244ms] Error: Internal Next.js error: Router action dispatched before initialization.
    at dispatchAppRouterAction (http://localhost:3000/_next/static/chunks/node_modules_next_dist_client_0fhqo1d._.js:916:37)
    at http://localhost:3000/_next/static/chunks/node_modules_next_dist_client_0fhqo1d._.js:11800:61
    at startTransition (http://localhost:3000/_next/static/chunks/node_modules_next_dist_compiled_0rpq4pf._.js:1279:31)
    at Object.hmrRefresh (http://localhost:3000/_next/static/chunks/node_modules_next_dist_client_0fhqo1d._.js:11799:40)
    at processMessage (http://localhost:3000/_next/static/chunks/node_modules_next_dist_client_0fhqo1d._.js:13990:67)
    at WebSocket.handleMessage (http://localhost:3000/_next/static/chunks/node_modules_next_dist_client_0fhqo1d._.js:13335:52)
[ 1726246ms] Error: Internal Next.js error: Router action dispatched before initialization.
    at dispatchAppRouterAction (http://localhost:3000/_next/static/chunks/node_modules_next_dist_client_0fhqo1d._.js:916:37)
    at http://localhost:3000/_next/static/chunks/node_modules_next_dist_client_0fhqo1d._.js:11800:61
    at startTransition (http://localhost:3000/_next/static/chunks/node_modules_next_dist_compiled_0rpq4pf._.js:1279:31)
    at Object.hmrRefresh (http://localhost:3000/_next/static/chunks/node_modules_next_dist_client_0fhqo1d._.js:11799:40)
    at processMessage (http://localhost:3000/_next/static/chunks/node_modules_next_dist_client_0fhqo1d._.js:13990:67)
    at WebSocket.handleMessage (http://localhost:3000/_next/static/chunks/node_modules_next_dist_client_0fhqo1d._.js:13335:52)
[ 1726248ms] Error: Internal Next.js error: Router action dispatched before initialization.
    at dispatchAppRouterAction (http://localhost:3000/_next/static/chunks/node_modules_next_dist_client_0fhqo1d._.js:916:37)
    at http://localhost:3000/_next/static/chunks/node_modules_next_dist_client_0fhqo1d._.js:11800:61
    at startTransition (http://localhost:3000/_next/static/chunks/node_modules_next_dist_compiled_0rpq4pf._.js:1279:31)
    at Object.hmrRefresh (http://localhost:3000/_next/static/chunks/node_modules_next_dist_client_0fhqo1d._.js:11799:40)
    at processMessage (http://localhost:3000/_next/static/chunks/node_modules_next_dist_client_0fhqo1d._.js:13990:67)
    at WebSocket.handleMessage (http://localhost:3000/_next/static/chunks/node_modules_next_dist_client_0fhqo1d._.js:13335:52)
[ 1726273ms] Error: Internal Next.js error: Router action dispatched before initialization.
    at dispatchAppRouterAction (http://localhost:3000/_next/static/chunks/node_modules_next_dist_client_0fhqo1d._.js:916:37)
    at http://localhost:3000/_next/static/chunks/node_modules_next_dist_client_0fhqo1d._.js:11800:61
    at startTransition (http://localhost:3000/_next/static/chunks/node_modules_next_dist_compiled_0rpq4pf._.js:1279:31)
    at Object.hmrRefresh (http://localhost:3000/_next/static/chunks/node_modules_next_dist_client_0fhqo1d._.js:11799:40)
    at processMessage (http://localhost:3000/_next/static/chunks/node_modules_next_dist_client_0fhqo1d._.js:13990:67)
    at WebSocket.handleMessage (http://localhost:3000/_next/static/chunks/node_modules_next_dist_client_0fhqo1d._.js:13335:52)
[ 1726277ms] Error: Internal Next.js error: Router action dispatched before initialization.
    at dispatchAppRouterAction (http://localhost:3000/_next/static/chunks/node_modules_next_dist_client_0fhqo1d._.js:916:37)
    at http://localhost:3000/_next/static/chunks/node_modules_next_dist_client_0fhqo1d._.js:11800:61
    at startTransition (http://localhost:3000/_next/static/chunks/node_modules_next_dist_compiled_0rpq4pf._.js:1279:31)
    at Object.hmrRefresh (http://localhost:3000/_next/static/chunks/node_modules_next_dist_client_0fhqo1d._.js:11799:40)
    at processMessage (http://localhost:3000/_next/static/chunks/node_modules_next_dist_client_0fhqo1d._.js:13990:67)
    at WebSocket.handleMessage (http://localhost:3000/_next/static/chunks/node_modules_next_dist_client_0fhqo1d._.js:13335:52)
[ 1726281ms] Error: Internal Next.js error: Router action dispatched before initialization.
    at dispatchAppRouterAction (http://localhost:3000/_next/static/chunks/node_modules_next_dist_client_0fhqo1d._.js:916:37)
    at http://localhost:3000/_next/static/chunks/node_modules_next_dist_client_0fhqo1d._.js:11800:61
    at startTransition (http://localhost:3000/_next/static/chunks/node_modules_next_dist_compiled_0rpq4pf._.js:1279:31)
    at Object.hmrRefresh (http://localhost:3000/_next/static/chunks/node_modules_next_dist_client_0fhqo1d._.js:11799:40)
    at processMessage (http://localhost:3000/_next/static/chunks/node_modules_next_dist_client_0fhqo1d._.js:13990:67)
    at WebSocket.handleMessage (http://localhost:3000/_next/static/chunks/node_modules_next_dist_client_0fhqo1d._.js:13335:52)
[ 1726283ms] Error: Internal Next.js error: Router action dispatched before initialization.
    at dispatchAppRouterAction (http://localhost:3000/_next/static/chunks/node_modules_next_dist_client_0fhqo1d._.js:916:37)
    at http://localhost:3000/_next/static/chunks/node_modules_next_dist_client_0fhqo1d._.js:11800:61
    at startTransition (http://localhost:3000/_next/static/chunks/node_modules_next_dist_compiled_0rpq4pf._.js:1279:31)
    at Object.hmrRefresh (http://localhost:3000/_next/static/chunks/node_modules_next_dist_client_0fhqo1d._.js:11799:40)
    at processMessage (http://localhost:3000/_next/static/chunks/node_modules_next_dist_client_0fhqo1d._.js:13990:67)
    at WebSocket.handleMessage (http://localhost:3000/_next/static/chunks/node_modules_next_dist_client_0fhqo1d._.js:13335:52)
[ 1726284ms] Error: Internal Next.js error: Router action dispatched before initialization.
    at dispatchAppRouterAction (http://localhost:3000/_next/static/chunks/node_modules_next_dist_client_0fhqo1d._.js:916:37)
    at http://localhost:3000/_next/static/chunks/node_modules_next_dist_client_0fhqo1d._.js:11800:61
    at startTransition (http://localhost:3000/_next/static/chunks/node_modules_next_dist_compiled_0rpq4pf._.js:1279:31)
    at Object.hmrRefresh (http://localhost:3000/_next/static/chunks/node_modules_next_dist_client_0fhqo1d._.js:11799:40)
    at processMessage (http://localhost:3000/_next/static/chunks/node_modules_next_dist_client_0fhqo1d._.js:13990:67)
    at WebSocket.handleMessage (http://localhost:3000/_next/static/chunks/node_modules_next_dist_client_0fhqo1d._.js:13335:52)
[ 1726284ms] Error: Internal Next.js error: Router action dispatched before initialization.
    at dispatchAppRouterAction (http://localhost:3000/_next/static/chunks/node_modules_next_dist_client_0fhqo1d._.js:916:37)
    at http://localhost:3000/_next/static/chunks/node_modules_next_dist_client_0fhqo1d._.js:11800:61
    at startTransition (http://localhost:3000/_next/static/chunks/node_modules_next_dist_compiled_0rpq4pf._.js:1279:31)
    at Object.hmrRefresh (http://localhost:3000/_next/static/chunks/node_modules_next_dist_client_0fhqo1d._.js:11799:40)
    at processMessage (http://localhost:3000/_next/static/chunks/node_modules_next_dist_client_0fhqo1d._.js:13990:67)
    at WebSocket.handleMessage (http://localhost:3000/_next/static/chunks/node_modules_next_dist_client_0fhqo1d._.js:13335:52)
[ 1726285ms] Error: Internal Next.js error: Router action dispatched before initialization.
    at dispatchAppRouterAction (http://localhost:3000/_next/static/chunks/node_modules_next_dist_client_0fhqo1d._.js:916:37)
    at http://localhost:3000/_next/static/chunks/node_modules_next_dist_client_0fhqo1d._.js:11800:61
    at startTransition (http://localhost:3000/_next/static/chunks/node_modules_next_dist_compiled_0rpq4pf._.js:1279:31)
    at Object.hmrRefresh (http://localhost:3000/_next/static/chunks/node_modules_next_dist_client_0fhqo1d._.js:11799:40)
    at processMessage (http://localhost:3000/_next/static/chunks/node_modules_next_dist_client_0fhqo1d._.js:13990:67)
    at WebSocket.handleMessage (http://localhost:3000/_next/static/chunks/node_modules_next_dist_client_0fhqo1d._.js:13335:52)
[ 1726285ms] Error: Internal Next.js error: Router action dispatched before initialization.
    at dispatchAppRouterAction (http://localhost:3000/_next/static/chunks/node_modules_next_dist_client_0fhqo1d._.js:916:37)
    at http://localhost:3000/_next/static/chunks/node_modules_next_dist_client_0fhqo1d._.js:11800:61
    at startTransition (http://localhost:3000/_next/static/chunks/node_modules_next_dist_compiled_0rpq4pf._.js:1279:31)
    at Object.hmrRefresh (http://localhost:3000/_next/static/chunks/node_modules_next_dist_client_0fhqo1d._.js:11799:40)
    at processMessage (http://localhost:3000/_next/static/chunks/node_modules_next_dist_client_0fhqo1d._.js:13990:67)
    at WebSocket.handleMessage (http://localhost:3000/_next/static/chunks/node_modules_next_dist_client_0fhqo1d._.js:13335:52)
[ 1726286ms] Error: Internal Next.js error: Router action dispatched before initialization.
    at dispatchAppRouterAction (http://localhost:3000/_next/static/chunks/node_modules_next_dist_client_0fhqo1d._.js:916:37)
    at http://localhost:3000/_next/static/chunks/node_modules_next_dist_client_0fhqo1d._.js:11800:61
    at startTransition (http://localhost:3000/_next/static/chunks/node_modules_next_dist_compiled_0rpq4pf._.js:1279:31)
    at Object.hmrRefresh (http://localhost:3000/_next/static/chunks/node_modules_next_dist_client_0fhqo1d._.js:11799:40)
    at processMessage (http://localhost:3000/_next/static/chunks/node_modules_next_dist_client_0fhqo1d._.js:13990:67)
    at WebSocket.handleMessage (http://localhost:3000/_next/static/chunks/node_modules_next_dist_client_0fhqo1d._.js:13335:52)
[ 1726286ms] Error: Internal Next.js error: Router action dispatched before initialization.
    at dispatchAppRouterAction (http://localhost:3000/_next/static/chunks/node_modules_next_dist_client_0fhqo1d._.js:916:37)
    at http://localhost:3000/_next/static/chunks/node_modules_next_dist_client_0fhqo1d._.js:11800:61
    at startTransition (http://localhost:3000/_next/static/chunks/node_modules_next_dist_compiled_0rpq4pf._.js:1279:31)
    at Object.hmrRefresh (http://localhost:3000/_next/static/chunks/node_modules_next_dist_client_0fhqo1d._.js:11799:40)
    at processMessage (http://localhost:3000/_next/static/chunks/node_modules_next_dist_client_0fhqo1d._.js:13990:67)
    at WebSocket.handleMessage (http://localhost:3000/_next/static/chunks/node_modules_next_dist_client_0fhqo1d._.js:13335:52)
[ 1726287ms] Error: Internal Next.js error: Router action dispatched before initialization.
    at dispatchAppRouterAction (http://localhost:3000/_next/static/chunks/node_modules_next_dist_client_0fhqo1d._.js:916:37)
    at http://localhost:3000/_next/static/chunks/node_modules_next_dist_client_0fhqo1d._.js:11800:61
    at startTransition (http://localhost:3000/_next/static/chunks/node_modules_next_dist_compiled_0rpq4pf._.js:1279:31)
    at Object.hmrRefresh (http://localhost:3000/_next/static/chunks/node_modules_next_dist_client_0fhqo1d._.js:11799:40)
    at processMessage (http://localhost:3000/_next/static/chunks/node_modules_next_dist_client_0fhqo1d._.js:13990:67)
    at WebSocket.handleMessage (http://localhost:3000/_next/static/chunks/node_modules_next_dist_client_0fhqo1d._.js:13335:52)
[ 1726287ms] Error: Internal Next.js error: Router action dispatched before initialization.
    at dispatchAppRouterAction (http://localhost:3000/_next/static/chunks/node_modules_next_dist_client_0fhqo1d._.js:916:37)
    at http://localhost:3000/_next/static/chunks/node_modules_next_dist_client_0fhqo1d._.js:11800:61
    at startTransition (http://localhost:3000/_next/static/chunks/node_modules_next_dist_compiled_0rpq4pf._.js:1279:31)
    at Object.hmrRefresh (http://localhost:3000/_next/static/chunks/node_modules_next_dist_client_0fhqo1d._.js:11799:40)
    at processMessage (http://localhost:3000/_next/static/chunks/node_modules_next_dist_client_0fhqo1d._.js:13990:67)
    at WebSocket.handleMessage (http://localhost:3000/_next/static/chunks/node_modules_next_dist_client_0fhqo1d._.js:13335:52)
[ 1726288ms] Error: Internal Next.js error: Router action dispatched before initialization.
    at dispatchAppRouterAction (http://localhost:3000/_next/static/chunks/node_modules_next_dist_client_0fhqo1d._.js:916:37)
    at http://localhost:3000/_next/static/chunks/node_modules_next_dist_client_0fhqo1d._.js:11800:61
    at startTransition (http://localhost:3000/_next/static/chunks/node_modules_next_dist_compiled_0rpq4pf._.js:1279:31)
    at Object.hmrRefresh (http://localhost:3000/_next/static/chunks/node_modules_next_dist_client_0fhqo1d._.js:11799:40)
    at processMessage (http://localhost:3000/_next/static/chunks/node_modules_next_dist_client_0fhqo1d._.js:13990:67)
    at WebSocket.handleMessage (http://localhost:3000/_next/static/chunks/node_modules_next_dist_client_0fhqo1d._.js:13335:52)
[ 1726288ms] Error: Internal Next.js error: Router action dispatched before initialization.
    at dispatchAppRouterAction (http://localhost:3000/_next/static/chunks/node_modules_next_dist_client_0fhqo1d._.js:916:37)
    at http://localhost:3000/_next/static/chunks/node_modules_next_dist_client_0fhqo1d._.js:11800:61
    at startTransition (http://localhost:3000/_next/static/chunks/node_modules_next_dist_compiled_0rpq4pf._.js:1279:31)
    at Object.hmrRefresh (http://localhost:3000/_next/static/chunks/node_modules_next_dist_client_0fhqo1d._.js:11799:40)
    at processMessage (http://localhost:3000/_next/static/chunks/node_modules_next_dist_client_0fhqo1d._.js:13990:67)
    at WebSocket.handleMessage (http://localhost:3000/_next/static/chunks/node_modules_next_dist_client_0fhqo1d._.js:13335:52)
[ 1726289ms] Error: Internal Next.js error: Router action dispatched before initialization.
    at dispatchAppRouterAction (http://localhost:3000/_next/static/chunks/node_modules_next_dist_client_0fhqo1d._.js:916:37)
    at http://localhost:3000/_next/static/chunks/node_modules_next_dist_client_0fhqo1d._.js:11800:61
    at startTransition (http://localhost:3000/_next/static/chunks/node_modules_next_dist_compiled_0rpq4pf._.js:1279:31)
    at Object.hmrRefresh (http://localhost:3000/_next/static/chunks/node_modules_next_dist_client_0fhqo1d._.js:11799:40)
    at processMessage (http://localhost:3000/_next/static/chunks/node_modules_next_dist_client_0fhqo1d._.js:13990:67)
    at WebSocket.handleMessage (http://localhost:3000/_next/static/chunks/node_modules_next_dist_client_0fhqo1d._.js:13335:52)
[ 1726289ms] Error: Internal Next.js error: Router action dispatched before initialization.
    at dispatchAppRouterAction (http://localhost:3000/_next/static/chunks/node_modules_next_dist_client_0fhqo1d._.js:916:37)
    at http://localhost:3000/_next/static/chunks/node_modules_next_dist_client_0fhqo1d._.js:11800:61
    at startTransition (http://localhost:3000/_next/static/chunks/node_modules_next_dist_compiled_0rpq4pf._.js:1279:31)
    at Object.hmrRefresh (http://localhost:3000/_next/static/chunks/node_modules_next_dist_client_0fhqo1d._.js:11799:40)
    at processMessage (http://localhost:3000/_next/static/chunks/node_modules_next_dist_client_0fhqo1d._.js:13990:67)
    at WebSocket.handleMessage (http://localhost:3000/_next/static/chunks/node_modules_next_dist_client_0fhqo1d._.js:13335:52)
[ 1726290ms] Error: Internal Next.js error: Router action dispatched before initialization.
    at dispatchAppRouterAction (http://localhost:3000/_next/static/chunks/node_modules_next_dist_client_0fhqo1d._.js:916:37)
    at http://localhost:3000/_next/static/chunks/node_modules_next_dist_client_0fhqo1d._.js:11800:61
    at startTransition (http://localhost:3000/_next/static/chunks/node_modules_next_dist_compiled_0rpq4pf._.js:1279:31)
    at Object.hmrRefresh (http://localhost:3000/_next/static/chunks/node_modules_next_dist_client_0fhqo1d._.js:11799:40)
    at processMessage (http://localhost:3000/_next/static/chunks/node_modules_next_dist_client_0fhqo1d._.js:13990:67)
    at WebSocket.handleMessage (http://localhost:3000/_next/static/chunks/node_modules_next_dist_client_0fhqo1d._.js:13335:52)
[ 1726290ms] Error: Internal Next.js error: Router action dispatched before initialization.
    at dispatchAppRouterAction (http://localhost:3000/_next/static/chunks/node_modules_next_dist_client_0fhqo1d._.js:916:37)
    at http://localhost:3000/_next/static/chunks/node_modules_next_dist_client_0fhqo1d._.js:11800:61
    at startTransition (http://localhost:3000/_next/static/chunks/node_modules_next_dist_compiled_0rpq4pf._.js:1279:31)
    at Object.hmrRefresh (http://localhost:3000/_next/static/chunks/node_modules_next_dist_client_0fhqo1d._.js:11799:40)
    at processMessage (http://localhost:3000/_next/static/chunks/node_modules_next_dist_client_0fhqo1d._.js:13990:67)
    at WebSocket.handleMessage (http://localhost:3000/_next/static/chunks/node_modules_next_dist_client_0fhqo1d._.js:13335:52)
[ 1726291ms] Error: Internal Next.js error: Router action dispatched before initialization.
    at dispatchAppRouterAction (http://localhost:3000/_next/static/chunks/node_modules_next_dist_client_0fhqo1d._.js:916:37)
    at http://localhost:3000/_next/static/chunks/node_modules_next_dist_client_0fhqo1d._.js:11800:61
    at startTransition (http://localhost:3000/_next/static/chunks/node_modules_next_dist_compiled_0rpq4pf._.js:1279:31)
    at Object.hmrRefresh (http://localhost:3000/_next/static/chunks/node_modules_next_dist_client_0fhqo1d._.js:11799:40)
    at processMessage (http://localhost:3000/_next/static/chunks/node_modules_next_dist_client_0fhqo1d._.js:13990:67)
    at WebSocket.handleMessage (http://localhost:3000/_next/static/chunks/node_modules_next_dist_client_0fhqo1d._.js:13335:52)
[ 1726291ms] Error: Internal Next.js error: Router action dispatched before initialization.
    at dispatchAppRouterAction (http://localhost:3000/_next/static/chunks/node_modules_next_dist_client_0fhqo1d._.js:916:37)
    at http://localhost:3000/_next/static/chunks/node_modules_next_dist_client_0fhqo1d._.js:11800:61
    at startTransition (http://localhost:3000/_next/static/chunks/node_modules_next_dist_compiled_0rpq4pf._.js:1279:31)
    at Object.hmrRefresh (http://localhost:3000/_next/static/chunks/node_modules_next_dist_client_0fhqo1d._.js:11799:40)
    at processMessage (http://localhost:3000/_next/static/chunks/node_modules_next_dist_client_0fhqo1d._.js:13990:67)
    at WebSocket.handleMessage (http://localhost:3000/_next/static/chunks/node_modules_next_dist_client_0fhqo1d._.js:13335:52)
[ 1726292ms] Error: Internal Next.js error: Router action dispatched before initialization.
    at dispatchAppRouterAction (http://localhost:3000/_next/static/chunks/node_modules_next_dist_client_0fhqo1d._.js:916:37)
    at http://localhost:3000/_next/static/chunks/node_modules_next_dist_client_0fhqo1d._.js:11800:61
    at startTransition (http://localhost:3000/_next/static/chunks/node_modules_next_dist_compiled_0rpq4pf._.js:1279:31)
    at Object.hmrRefresh (http://localhost:3000/_next/static/chunks/node_modules_next_dist_client_0fhqo1d._.js:11799:40)
    at processMessage (http://localhost:3000/_next/static/chunks/node_modules_next_dist_client_0fhqo1d._.js:13990:67)
    at WebSocket.handleMessage (http://localhost:3000/_next/static/chunks/node_modules_next_dist_client_0fhqo1d._.js:13335:52)
[ 1726292ms] Error: Internal Next.js error: Router action dispatched before initialization.
    at dispatchAppRouterAction (http://localhost:3000/_next/static/chunks/node_modules_next_dist_client_0fhqo1d._.js:916:37)
    at http://localhost:3000/_next/static/chunks/node_modules_next_dist_client_0fhqo1d._.js:11800:61
    at startTransition (http://localhost:3000/_next/static/chunks/node_modules_next_dist_compiled_0rpq4pf._.js:1279:31)
    at Object.hmrRefresh (http://localhost:3000/_next/static/chunks/node_modules_next_dist_client_0fhqo1d._.js:11799:40)
    at processMessage (http://localhost:3000/_next/static/chunks/node_modules_next_dist_client_0fhqo1d._.js:13990:67)
    at WebSocket.handleMessage (http://localhost:3000/_next/static/chunks/node_modules_next_dist_client_0fhqo1d._.js:13335:52)
[ 1726292ms] Error: Internal Next.js error: Router action dispatched before initialization.
    at dispatchAppRouterAction (http://localhost:3000/_next/static/chunks/node_modules_next_dist_client_0fhqo1d._.js:916:37)
    at http://localhost:3000/_next/static/chunks/node_modules_next_dist_client_0fhqo1d._.js:11800:61
    at startTransition (http://localhost:3000/_next/static/chunks/node_modules_next_dist_compiled_0rpq4pf._.js:1279:31)
    at Object.hmrRefresh (http://localhost:3000/_next/static/chunks/node_modules_next_dist_client_0fhqo1d._.js:11799:40)
    at processMessage (http://localhost:3000/_next/static/chunks/node_modules_next_dist_client_0fhqo1d._.js:13990:67)
    at WebSocket.handleMessage (http://localhost:3000/_next/static/chunks/node_modules_next_dist_client_0fhqo1d._.js:13335:52)
[ 1726293ms] Error: Internal Next.js error: Router action dispatched before initialization.
    at dispatchAppRouterAction (http://localhost:3000/_next/static/chunks/node_modules_next_dist_client_0fhqo1d._.js:916:37)
    at http://localhost:3000/_next/static/chunks/node_modules_next_dist_client_0fhqo1d._.js:11800:61
    at startTransition (http://localhost:3000/_next/static/chunks/node_modules_next_dist_compiled_0rpq4pf._.js:1279:31)
    at Object.hmrRefresh (http://localhost:3000/_next/static/chunks/node_modules_next_dist_client_0fhqo1d._.js:11799:40)
    at processMessage (http://localhost:3000/_next/static/chunks/node_modules_next_dist_client_0fhqo1d._.js:13990:67)
    at WebSocket.handleMessage (http://localhost:3000/_next/static/chunks/node_modules_next_dist_client_0fhqo1d._.js:13335:52)
[ 1726293ms] Error: Internal Next.js error: Router action dispatched before initialization.
    at dispatchAppRouterAction (http://localhost:3000/_next/static/chunks/node_modules_next_dist_client_0fhqo1d._.js:916:37)
    at http://localhost:3000/_next/static/chunks/node_modules_next_dist_client_0fhqo1d._.js:11800:61
    at startTransition (http://localhost:3000/_next/static/chunks/node_modules_next_dist_compiled_0rpq4pf._.js:1279:31)
    at Object.hmrRefresh (http://localhost:3000/_next/static/chunks/node_modules_next_dist_client_0fhqo1d._.js:11799:40)
    at processMessage (http://localhost:3000/_next/static/chunks/node_modules_next_dist_client_0fhqo1d._.js:13990:67)
    at WebSocket.handleMessage (http://localhost:3000/_next/static/chunks/node_modules_next_dist_client_0fhqo1d._.js:13335:52)
[ 1726294ms] Error: Internal Next.js error: Router action dispatched before initialization.
    at dispatchAppRouterAction (http://localhost:3000/_next/static/chunks/node_modules_next_dist_client_0fhqo1d._.js:916:37)
    at http://localhost:3000/_next/static/chunks/node_modules_next_dist_client_0fhqo1d._.js:11800:61
    at startTransition (http://localhost:3000/_next/static/chunks/node_modules_next_dist_compiled_0rpq4pf._.js:1279:31)
    at Object.hmrRefresh (http://localhost:3000/_next/static/chunks/node_modules_next_dist_client_0fhqo1d._.js:11799:40)
    at processMessage (http://localhost:3000/_next/static/chunks/node_modules_next_dist_client_0fhqo1d._.js:13990:67)
    at WebSocket.handleMessage (http://localhost:3000/_next/static/chunks/node_modules_next_dist_client_0fhqo1d._.js:13335:52)
[ 1726298ms] Error: Internal Next.js error: Router action dispatched before initialization.
    at dispatchAppRouterAction (http://localhost:3000/_next/static/chunks/node_modules_next_dist_client_0fhqo1d._.js:916:37)
    at http://localhost:3000/_next/static/chunks/node_modules_next_dist_client_0fhqo1d._.js:11800:61
    at startTransition (http://localhost:3000/_next/static/chunks/node_modules_next_dist_compiled_0rpq4pf._.js:1279:31)
    at Object.hmrRefresh (http://localhost:3000/_next/static/chunks/node_modules_next_dist_client_0fhqo1d._.js:11799:40)
    at processMessage (http://localhost:3000/_next/static/chunks/node_modules_next_dist_client_0fhqo1d._.js:13990:67)
    at WebSocket.handleMessage (http://localhost:3000/_next/static/chunks/node_modules_next_dist_client_0fhqo1d._.js:13335:52)
[ 1726300ms] Error: Internal Next.js error: Router action dispatched before initialization.
    at dispatchAppRouterAction (http://localhost:3000/_next/static/chunks/node_modules_next_dist_client_0fhqo1d._.js:916:37)
    at http://localhost:3000/_next/static/chunks/node_modules_next_dist_client_0fhqo1d._.js:11800:61
    at startTransition (http://localhost:3000/_next/static/chunks/node_modules_next_dist_compiled_0rpq4pf._.js:1279:31)
    at Object.hmrRefresh (http://localhost:3000/_next/static/chunks/node_modules_next_dist_client_0fhqo1d._.js:11799:40)
    at processMessage (http://localhost:3000/_next/static/chunks/node_modules_next_dist_client_0fhqo1d._.js:13990:67)
    at WebSocket.handleMessage (http://localhost:3000/_next/static/chunks/node_modules_next_dist_client_0fhqo1d._.js:13335:52)
[ 1726300ms] Error: Internal Next.js error: Router action dispatched before initialization.
    at dispatchAppRouterAction (http://localhost:3000/_next/static/chunks/node_modules_next_dist_client_0fhqo1d._.js:916:37)
    at http://localhost:3000/_next/static/chunks/node_modules_next_dist_client_0fhqo1d._.js:11800:61
    at startTransition (http://localhost:3000/_next/static/chunks/node_modules_next_dist_compiled_0rpq4pf._.js:1279:31)
    at Object.hmrRefresh (http://localhost:3000/_next/static/chunks/node_modules_next_dist_client_0fhqo1d._.js:11799:40)
    at processMessage (http://localhost:3000/_next/static/chunks/node_modules_next_dist_client_0fhqo1d._.js:13990:67)
    at WebSocket.handleMessage (http://localhost:3000/_next/static/chunks/node_modules_next_dist_client_0fhqo1d._.js:13335:52)
[ 1733567ms] [LOG] [Fast Refresh] rebuilding @ http://localhost:3000/_next/static/chunks/node_modules_next_dist_115brz8._.js:2431
[ 1734050ms] [LOG] [Fast Refresh] done in 585ms @ http://localhost:3000/_next/static/chunks/node_modules_next_dist_115brz8._.js:2431
[ 1734314ms] [LOG] [Fast Refresh] rebuilding @ http://localhost:3000/_next/static/chunks/node_modules_next_dist_115brz8._.js:2431
[ 1734440ms] [LOG] [Fast Refresh] done in 238ms @ http://localhost:3000/_next/static/chunks/node_modules_next_dist_115brz8._.js:2431
[ 1734640ms] [LOG] [Fast Refresh] rebuilding @ http://localhost:3000/_next/static/chunks/node_modules_next_dist_115brz8._.js:2431
[ 1734642ms] [LOG] [Fast Refresh] done in 112ms @ http://localhost:3000/_next/static/chunks/node_modules_next_dist_115brz8._.js:2431
[ 1734898ms] [LOG] [Fast Refresh] rebuilding @ http://localhost:3000/_next/static/chunks/node_modules_next_dist_115brz8._.js:2431
[ 1735798ms] [LOG] [Fast Refresh] done in 1008ms @ http://localhost:3000/_next/static/chunks/node_modules_next_dist_115brz8._.js:2431
[ 1737565ms] [LOG] [Fast Refresh] rebuilding @ http://localhost:3000/_next/static/chunks/node_modules_next_dist_115brz8._.js:2431
